ID_NUTS3,ID_NUTS0,Name,year,total_population,pct_male,pct_female,pct_0_14,pct_15_24,pct_25_44,pct_45_64,pct_65_plus
AL011,AL,Dibër,2025,104624.0,50.33,49.67,16.94,13.07,23.21,28.64,16.71
AL012,AL,Durrës,2025,222999.0,50.14,49.86,16.41,11.77,24.74,27.65,18.05
AL013,AL,Kukës,2025,60207.0,50.19,49.81,20.37,14.08,23.37,28.06,12.73
AL014,AL,Lezhë,2025,96384.0,49.95,50.05,15.99,11.2,21.99,29.38,19.55
AL015,AL,Shkodër,2025,149496.0,49.32,50.68,14.92,11.42,21.69,29.23,20.87
AL021,AL,Elbasan,2025,226963.0,49.99,50.01,14.71,11.19,22.87,29.85,19.91
AL022,AL,Tiranë,2025,759981.0,48.3,51.7,16.53,13.03,28.23,25.04,15.81
AL031,AL,Berat,2025,138926.0,49.45,50.55,12.34,11.02,21.48,30.3,23.02
AL032,AL,Fier,2025,233215.0,50.12,49.88,13.57,8.98,20.38,31.31,23.71
AL033,AL,Gjirokastër,2025,58456.0,50.39,49.61,10.89,7.78,19.85,31.1,27.39
AL034,AL,Korcë,2025,168064.0,50.41,49.59,13.08,9.96,22.5,28.92,23.45
AL035,AL,Vlorë,2025,143999.0,49.88,50.12,12.45,9.43,21.18,28.73,25.63
AT111,AT,Mittelburgenland,2025,37744.0,49.22,50.78,11.95,8.73,21.16,31.28,23.04
AT112,AT,Nordburgenland,2025,165805.0,48.77,51.23,13.68,9.05,23.43,30.66,20.03
AT113,AT,Südburgenland,2025,98241.0,49.03,50.97,12.24,8.79,21.23,31.56,22.9
AT121,AT,Mostviertel-Eisenwurzen,2025,250792.0,49.94,50.06,15.42,10.29,25.24,28.47,17.6
AT122,AT,Niederösterreich-Süd,2025,268098.0,49.06,50.94,14.31,9.9,24.95,29.21,18.72
AT123,AT,Sankt Pölten,2025,163040.0,49.38,50.62,14.58,10.35,25.35,28.96,17.88
AT124,AT,Waldviertel,2025,215137.0,49.6,50.4,12.99,9.46,22.86,30.08,20.88
AT125,AT,Weinviertel,2025,127215.0,49.42,50.58,13.38,8.91,23.19,30.52,20.56
AT126,AT,Wiener Umland/Nordteil,2025,346557.0,48.98,51.02,14.86,9.53,24.06,30.55,18.17
AT127,AT,Wiener Umland/Südteil,2025,356675.0,48.67,51.33,14.39,9.83,24.19,30.58,18.24
AT130,AT,Wien,2025,2028289.0,49.02,50.98,14.43,11.61,31.79,25.69,14.43
AT211,AT,Klagenfurt-Villach,2025,298721.0,48.47,51.53,13.01,9.56,24.89,29.31,20.1
AT212,AT,Oberkärnten,2025,123597.0,49.19,50.81,12.88,9.21,22.6,29.6,21.92
AT213,AT,Unterkärnten,2025,147777.0,49.47,50.53,13.09,9.61,23.05,29.71,21.14
AT221,AT,Graz,2025,469968.0,49.43,50.57,13.86,10.85,30.47,26.45,15.78
AT222,AT,Liezen,2025,79579.0,49.0,51.0,12.97,9.3,23.11,29.49,21.55
AT223,AT,Östliche Obersteiermark,2025,156148.0,49.13,50.87,12.07,8.9,23.15,29.26,22.54
AT224,AT,Oststeiermark,2025,267391.0,49.67,50.33,13.94,9.22,23.73,30.23,19.65
AT225,AT,West- und Südsteiermark,2025,200216.0,49.41,50.59,13.18,8.94,23.81,30.79,20.2
AT226,AT,Westliche Obersteiermark,2025,98414.0,49.31,50.69,12.86,9.24,22.83,29.42,21.77
AT311,AT,Innviertel,2025,299331.0,50.24,49.76,15.2,10.08,26.11,28.66,17.18
AT312,AT,Linz-Wels,2025,617181.0,49.5,50.5,14.9,10.75,27.6,27.31,16.79
AT313,AT,Mühlviertel,2025,215016.0,50.37,49.63,15.98,10.29,25.08,28.72,17.32
AT314,AT,Steyr-Kirchdorf,2025,158848.0,49.73,50.27,14.74,10.37,24.87,28.4,18.61
AT315,AT,Traunviertel,2025,245143.0,49.45,50.55,14.83,9.89,25.34,28.57,18.41
AT321,AT,Lungau,2025,20460.0,49.6,50.4,13.7,10.07,23.73,29.27,19.9
AT322,AT,Pinzgau-Pongau,2025,173404.0,49.29,50.71,15.06,10.0,25.8,28.72,17.8
AT323,AT,Salzburg und Umgebung,2025,378982.0,48.78,51.22,14.19,10.4,27.5,27.56,17.67
AT331,AT,Außerfern,2025,33946.0,49.57,50.43,13.94,9.04,25.61,29.38,19.18
AT332,AT,Innsbruck,2025,319242.0,49.26,50.74,13.76,10.45,29.23,27.17,16.62
AT333,AT,Osttirol,2025,49011.0,49.46,50.54,14.38,10.07,23.43,29.76,18.89
AT334,AT,Tiroler Oberland,2025,107718.0,49.61,50.39,15.37,10.4,26.6,29.08,16.01
AT335,AT,Tiroler Unterland,2025,267743.0,49.39,50.61,14.68,9.92,26.34,28.99,17.4
AT341,AT,Bludenz-Bregenzer Wald,2025,95029.0,50.15,49.85,15.77,10.48,25.84,28.33,16.85
AT342,AT,Rheintal-Bodenseegebiet,2025,316755.0,49.67,50.33,15.67,10.89,26.93,27.86,16.02
BE100,BE,Arr. de Bruxelles-Capitale/Arr. Brussel-Hoofdstad,2025,1271709.0,49.27,50.73,17.71,13.05,32.52,23.73,11.0
BE211,BE,Arr. Antwerpen,2025,1101687.0,49.74,50.26,17.19,11.79,27.01,24.49,16.44
BE212,BE,Arr. Mechelen,2025,362480.0,49.27,50.73,15.71,11.29,25.37,26.17,18.14
BE213,BE,Arr. Turnhout,2025,483806.0,50.09,49.91,15.11,10.85,24.29,27.44,19.25
BE223,BE,Arr. Tongeren,2025,211654.0,49.86,50.14,14.52,10.56,23.91,27.92,19.97
BE224,BE,Arr. Hasselt,2025,436040.0,49.66,50.34,14.63,10.94,24.83,27.04,19.29
BE225,BE,Arr. Maaseik,2025,261761.0,50.29,49.71,14.85,10.72,24.22,27.56,19.53
BE231,BE,Arr. Aalst,2025,307873.0,49.16,50.84,15.92,11.2,24.38,27.14,18.04
BE232,BE,Arr. Dendermonde,2025,208652.0,49.38,50.62,15.41,11.2,24.51,27.19,18.53
BE233,BE,Arr. Eeklo,2025,89887.0,50.03,49.97,14.64,10.93,24.29,27.35,19.06
BE234,BE,Arr. Gent,2025,583606.0,49.66,50.34,15.21,11.42,28.39,25.11,16.59
BE235,BE,Arr. Oudenaarde,2025,128922.0,49.51,50.49,15.58,11.54,23.5,27.56,18.13
BE236,BE,Arr. Sint-Niklaas,2025,267496.0,49.57,50.43,16.63,11.9,24.68,25.96,17.75
BE241,BE,Arr. Halle-Vilvoorde,2025,674772.0,48.92,51.08,17.89,12.32,24.05,26.22,16.39
BE242,BE,Arr. Leuven,2025,530971.0,49.38,50.62,14.99,11.58,25.47,26.34,18.22
BE251,BE,Arr. Brugge,2025,288078.0,49.4,50.6,12.99,10.35,22.69,27.09,22.52
BE252,BE,Arr. Diksmuide,2025,52740.0,50.06,49.94,15.79,10.7,24.53,26.6,18.49
BE253,BE,Arr. Ieper,2025,109063.0,50.06,49.94,15.64,11.44,23.71,26.14,19.31
BE254,BE,Arr. Kortrijk,2025,304883.0,49.61,50.39,16.12,11.27,25.16,25.47,18.32
BE255,BE,Arr. Oostende,2025,161284.0,49.54,50.46,12.83,9.7,21.34,26.98,24.74
BE256,BE,Arr. Roeselare,2025,160971.0,50.09,49.91,15.84,11.34,25.52,25.84,17.7
BE257,BE,Arr. Tielt,2025,96253.0,50.24,49.76,15.63,11.09,24.81,26.64,18.01
BE258,BE,Arr. Veurne,2025,61392.0,49.18,50.82,10.3,8.54,17.19,27.32,31.59
BE310,BE,Arr. Nivelles,2025,416504.0,48.5,51.5,15.8,12.5,23.92,26.7,18.06
BE323,BE,Arr. Mons,2025,262177.0,48.59,51.41,15.97,12.24,25.74,26.14,17.52
BE328,BE,Arr. Tournai-Mouscron,2025,228420.0,49.29,50.71,15.84,12.48,24.83,26.28,17.61
BE329,BE,Arr. La Louvière,2025,142964.0,48.58,51.42,16.19,12.15,24.97,26.28,17.76
BE32A,BE,Arr. Ath,2025,130872.0,49.17,50.83,15.46,11.96,24.4,27.79,17.74
BE32B,BE,Arr. Charleroi,2025,403346.0,48.84,51.16,17.27,12.4,25.47,25.56,16.8
BE32C,BE,Arr. Soignies,2025,109221.0,48.95,51.05,16.46,12.25,25.15,26.75,16.89
BE32D,BE,Arr. Thuin,2025,92741.0,49.22,50.78,15.33,11.84,23.73,26.84,19.42
BE331,BE,Arr. Huy,2025,116478.0,49.22,50.78,16.03,12.07,25.21,26.96,17.29
BE332,BE,Arr. Liège,2025,637220.0,49.08,50.92,16.25,12.21,26.51,25.02,17.25
BE334,BE,Arr. Waremme,2025,84223.0,49.0,51.0,15.53,12.05,24.5,27.88,17.47
BE335,BE,Arr. Verviers — communes francophones,2025,213760.0,49.36,50.64,16.85,12.48,24.65,25.68,17.68
BE336,BE,Bezirk Verviers — Deutschsprachige Gemeinschaft,2025,80006.0,49.8,50.2,16.33,10.9,23.94,27.67,18.13
BE341,BE,Arr. Arlon,2025,66866.0,50.25,49.75,16.49,12.92,28.33,26.43,13.36
BE342,BE,Arr. Bastogne,2025,52244.0,50.4,49.6,17.64,12.98,27.03,25.42,14.74
BE343,BE,Arr. Marche-en-Famenne,2025,58824.0,50.24,49.76,15.75,12.2,24.71,26.31,18.42
BE344,BE,Arr. Neufchâteau,2025,66634.0,50.01,49.99,17.24,12.71,25.68,25.29,16.48
BE345,BE,Arr. Virton,2025,55244.0,49.3,50.7,16.61,13.23,25.04,26.28,15.98
BE351,BE,Arr. Dinant,2025,114775.0,49.66,50.34,15.83,11.88,24.63,26.61,18.33
BE352,BE,Arr. Namur,2025,326860.0,49.11,50.89,15.76,12.51,26.16,25.77,17.16
BE353,BE,Arr. Philippeville,2025,68136.0,49.73,50.27,14.74,12.09,23.95,27.62,18.94
BG311,BG,Vidin,2025,70542.0,47.89,52.11,11.43,8.29,17.93,30.96,28.46
BG312,BG,Montana,2025,112737.0,48.34,51.66,12.78,8.64,19.88,30.25,25.79
BG313,BG,Vratsa,2025,146002.0,48.37,51.63,13.93,9.21,20.97,30.54,23.13
BG314,BG,Pleven,2025,215326.0,47.94,52.06,13.13,9.04,20.02,29.25,25.78
BG315,BG,Lovech,2025,110823.0,48.36,51.64,13.44,9.03,19.47,29.73,25.33
BG321,BG,Veliko Tarnovo,2025,200413.0,47.67,52.33,12.51,9.32,20.75,29.82,25.17
BG322,BG,Gabrovo,2025,93817.0,47.44,52.56,11.61,7.88,18.83,31.14,27.31
BG323,BG,Ruse,2025,186093.0,47.86,52.14,12.32,8.68,21.03,30.8,24.79
BG324,BG,Razgrad,2025,99459.0,47.91,52.09,12.91,8.52,20.8,32.09,23.86
BG325,BG,Silistra,2025,93549.0,48.17,51.83,12.94,8.16,19.36,31.46,25.99
BG331,BG,Varna,2025,437521.0,48.02,51.98,14.56,10.34,24.66,28.81,19.66
BG332,BG,Dobrich,2025,145207.0,47.75,52.25,12.69,8.72,19.63,31.83,25.01
BG333,BG,Shumen,2025,149279.0,48.42,51.58,13.03,9.15,21.16,30.94,23.61
BG334,BG,Targovishte,2025,94735.0,48.52,51.48,13.41,8.86,20.88,30.99,23.84
BG341,BG,Burgas,2025,388919.0,47.94,52.06,14.58,9.62,22.75,30.09,20.99
BG342,BG,Sliven,2025,169299.0,48.24,51.76,18.75,11.08,20.63,27.0,20.5
BG343,BG,Yambol,2025,105429.0,48.43,51.57,15.2,9.36,19.56,28.84,24.37
BG344,BG,Stara Zagora,2025,288736.0,48.04,51.96,14.64,9.45,21.65,29.46,22.33
BG411,BG,Sofia (stolitsa),2025,1295931.0,47.88,52.12,14.65,10.37,28.09,27.68,17.2
BG412,BG,Sofia,2025,224701.0,48.87,51.13,14.15,8.93,22.7,29.99,21.85
BG413,BG,Blagoevgrad,2025,286333.0,48.51,51.49,14.22,9.42,23.5,30.11,20.69
BG414,BG,Pernik,2025,109886.0,47.75,52.25,12.66,8.17,22.31,30.38,23.61
BG415,BG,Kyustendil,2025,106131.0,47.97,52.03,12.07,7.91,20.22,31.07,25.83
BG421,BG,Plovdiv,2025,635630.0,47.7,52.3,14.74,9.98,24.17,28.44,20.27
BG422,BG,Haskovo,2025,207356.0,48.61,51.39,13.96,9.27,20.91,29.86,23.46
BG423,BG,Pazardzhik,2025,223494.0,48.65,51.35,14.19,9.04,21.89,30.07,22.57
BG424,BG,Smolyan,2025,90534.0,47.81,52.19,10.3,7.37,19.72,32.59,27.5
BG425,BG,Kardzhali,2025,149478.0,49.08,50.92,12.23,7.53,21.22,31.93,25.04
CH011,CH,Vaud,2025,855106.0,49.22,50.78,15.72,12.1,28.67,26.58,14.38
CH012,CH,Valais,2025,371288.0,49.96,50.04,14.19,10.31,27.14,27.5,18.15
CH013,CH,Genève,2025,531102.0,48.38,51.62,15.58,11.24,29.29,27.3,13.77
CH021,CH,Bern,2025,1071216.0,49.15,50.85,14.32,9.6,26.39,27.34,19.2
CH022,CH,Freiburg,2025,346674.0,50.08,49.92,16.19,11.38,28.22,27.11,15.05
CH023,CH,Solothurn,2025,289792.0,50.09,49.91,14.63,9.67,26.5,27.96,18.37
CH024,CH,Neuchâtel,2025,179518.0,49.14,50.86,14.71,11.38,26.73,27.13,16.94
CH025,CH,Jura,2025,74840.0,49.56,50.44,14.75,11.13,24.05,27.25,19.54
CH031,CH,Basel-Stadt,2025,201384.0,48.8,51.2,13.62,8.75,32.08,25.89,16.12
CH032,CH,Basel-Landschaft,2025,301323.0,49.07,50.93,14.36,9.79,24.2,28.45,19.59
CH033,CH,Aargau,2025,735808.0,50.42,49.58,15.34,9.99,27.66,27.87,16.73
CH040,CH,Zürich,2025,1620020.0,49.93,50.07,14.93,9.78,30.92,26.91,14.84
CH051,CH,Glarus,2025,42371.0,50.53,49.47,14.55,9.65,26.72,27.34,18.84
CH052,CH,Schaffhausen,2025,88667.0,49.74,50.26,14.28,9.6,26.48,27.46,18.92
CH053,CH,Appenzell Ausserrhoden,2025,56705.0,50.36,49.64,15.74,9.5,24.88,28.19,18.88
CH054,CH,Appenzell Innerrhoden,2025,16733.0,51.32,48.68,15.41,10.22,25.33,27.59,18.35
CH055,CH,St. Gallen,2025,540036.0,50.32,49.68,15.36,10.61,27.81,26.71,16.91
CH056,CH,Graubünden,2025,206138.0,50.36,49.64,12.9,9.33,25.36,28.86,20.41
CH057,CH,Thurgau,2025,299509.0,50.49,49.51,15.42,9.88,27.23,27.85,17.19
CH061,CH,Luzern,2025,437944.0,49.97,50.03,15.21,10.24,28.45,27.11,16.3
CH062,CH,Uri,2025,38275.0,51.03,48.97,14.45,10.55,24.79,27.69,19.64
CH063,CH,Schwyz,2025,168931.0,51.32,48.68,14.25,9.59,26.23,30.06,17.38
CH064,CH,Obwalden,2025,39662.0,50.55,49.45,14.66,9.8,25.32,28.77,18.65
CH065,CH,Nidwalden,2025,45345.0,51.17,48.83,13.29,9.22,24.87,29.44,20.41
CH066,CH,Zug,2025,133739.0,50.67,49.33,14.94,9.65,26.97,29.99,15.96
CH070,CH,Ticino,2025,358903.0,48.76,51.24,12.36,10.28,23.06,30.32,19.93
CY000,CY,Kýpros,2025,982966.0,49.26,50.74,15.16,10.27,31.1,25.21,16.31
CZ010,CZ,Hlavní město Praha,2025,1397880.0,48.59,51.41,15.4,10.59,29.01,26.58,16.46
CZ020,CZ,Středočeský kraj,2025,1466215.0,49.16,50.84,17.17,10.81,24.9,28.35,17.14
CZ031,CZ,Jihočeský kraj,2025,653227.0,49.29,50.71,15.37,10.35,24.08,28.4,19.8
CZ032,CZ,Plzeňský kraj,2025,614640.0,49.22,50.78,14.97,10.62,25.4,28.32,18.79
CZ041,CZ,Karlovarský kraj,2025,293195.0,48.76,51.24,14.2,10.73,23.9,29.6,19.72
CZ042,CZ,Ústecký kraj,2025,808356.0,49.27,50.73,15.13,11.06,24.07,28.98,19.17
CZ051,CZ,Liberecký kraj,2025,449494.0,49.1,50.9,15.43,10.79,24.35,28.42,19.19
CZ052,CZ,Královéhradecký kraj,2025,555923.0,49.17,50.83,15.05,10.59,23.49,28.2,20.48
CZ053,CZ,Pardubický kraj,2025,530469.0,49.47,50.53,15.65,10.52,24.52,28.11,19.15
CZ063,CZ,Kraj Vysočina,2025,517647.0,49.69,50.31,15.45,10.34,24.22,28.3,19.53
CZ064,CZ,Jihomoravský kraj,2025,1229343.0,49.01,50.99,15.87,10.15,25.68,27.66,18.55
CZ071,CZ,Olomoucký kraj,2025,631500.0,48.91,51.09,15.19,10.26,23.89,28.64,19.91
CZ072,CZ,Zlínský kraj,2025,578998.0,49.07,50.93,14.88,10.12,23.72,28.94,20.04
CZ080,CZ,Moravskoslezský kraj,2025,1182613.0,49.01,50.99,14.74,10.36,24.19,29.14,19.65
DE111,DE,"Stuttgart, Stadtkreis",2025,612663.0,49.74,50.26,13.09,11.15,31.86,25.47,15.03
DE112,DE,Böblingen,2025,395167.0,49.67,50.33,15.46,9.73,26.16,27.7,17.49
DE113,DE,Esslingen,2025,536601.0,49.85,50.15,14.36,10.11,25.97,28.13,17.8
DE114,DE,Göppingen,2025,258809.0,49.61,50.39,14.73,9.94,24.71,27.9,18.98
DE115,DE,Ludwigsburg,2025,535374.0,49.39,50.61,15.1,9.88,25.91,28.12,17.53
DE116,DE,Rems-Murr-Kreis,2025,440696.0,49.53,50.47,14.59,9.87,24.85,28.56,18.38
DE117,DE,"Heilbronn, Stadtkreis",2025,131986.0,50.64,49.36,14.83,11.79,29.06,25.31,15.68
DE118,DE,"Heilbronn, Landkreis",2025,353877.0,50.05,49.95,15.31,9.81,25.64,28.36,17.77
DE119,DE,Hohenlohekreis,2025,115644.0,50.44,49.56,14.81,10.25,25.5,28.21,18.04
DE11A,DE,Schwäbisch Hall,2025,200902.0,50.17,49.83,15.2,10.19,25.92,27.68,18.03
DE11B,DE,Main-Tauber-Kreis,2025,133169.0,49.97,50.03,13.81,9.51,23.61,28.48,20.77
DE11C,DE,Heidenheim,2025,135235.0,49.85,50.15,14.41,10.1,24.95,27.7,18.92
DE11D,DE,Ostalbkreis,2025,317427.0,49.75,50.25,14.56,10.28,24.9,28.07,18.76
DE121,DE,"Baden-Baden, Stadtkreis",2025,56881.0,47.66,52.34,12.42,8.93,22.93,28.5,22.16
DE122,DE,"Karlsruhe, Stadtkreis",2025,309050.0,50.8,49.2,12.02,12.57,30.36,25.42,16.19
DE123,DE,"Karlsruhe, Landkreis",2025,456264.0,49.89,50.11,14.2,9.42,24.8,28.86,19.11
DE124,DE,Rastatt,2025,230737.0,49.74,50.26,14.04,9.43,24.16,28.88,19.71
DE125,DE,"Heidelberg, Stadtkreis",2025,155756.0,47.89,52.11,12.22,16.88,32.9,21.32,14.05
DE126,DE,"Mannheim, Stadtkreis",2025,318035.0,50.07,49.93,12.98,12.1,30.5,25.72,15.64
DE127,DE,Neckar-Odenwald-Kreis,2025,145263.0,50.13,49.87,13.97,9.85,23.56,28.79,20.23
DE128,DE,Rhein-Neckar-Kreis,2025,558561.0,49.15,50.85,14.3,9.61,24.42,28.69,19.39
DE129,DE,"Pforzheim, Stadtkreis",2025,134912.0,49.23,50.77,15.33,11.53,27.36,25.69,16.52
DE12A,DE,Calw,2025,161251.0,49.86,50.14,14.92,9.85,24.45,28.35,18.88
DE12B,DE,Enzkreis,2025,199745.0,49.61,50.39,15.04,9.67,23.94,28.61,19.1
DE12C,DE,Freudenstadt,2025,121958.0,50.0,50.0,14.29,10.32,24.54,28.65,18.61
DE131,DE,"Freiburg im Breisgau, Stadtkreis",2025,237460.0,47.61,52.39,13.34,13.96,31.95,22.95,14.97
DE132,DE,Breisgau-Hochschwarzwald,2025,272558.0,49.25,50.75,14.78,9.83,23.99,27.93,19.75
DE133,DE,Emmendingen,2025,169787.0,49.46,50.54,14.82,9.73,24.52,28.22,19.28
DE134,DE,Ortenaukreis,2025,444858.0,49.93,50.07,14.65,10.04,24.79,28.01,18.91
DE135,DE,Rottweil,2025,140237.0,50.02,49.98,15.29,9.84,24.17,28.31,18.8
DE136,DE,Schwarzwald-Baar-Kreis,2025,214065.0,49.52,50.48,14.75,10.1,24.85,26.94,19.38
DE137,DE,Tuttlingen,2025,145208.0,50.18,49.82,15.98,10.59,25.51,27.12,17.4
DE138,DE,Konstanz,2025,291841.0,48.7,51.3,13.9,11.44,25.45,26.94,18.57
DE139,DE,Lörrach,2025,238263.0,49.13,50.87,15.01,9.88,24.94,28.34,18.31
DE13A,DE,Waldshut,2025,171579.0,49.38,50.62,15.1,9.95,24.35,27.67,19.44
DE141,DE,Reutlingen,2025,293483.0,49.53,50.47,14.72,10.38,24.91,28.01,18.29
DE142,DE,"Tübingen, Landkreis",2025,233546.0,48.44,51.56,14.24,13.41,27.76,25.09,16.53
DE143,DE,Zollernalbkreis,2025,193326.0,49.48,50.52,14.34,9.82,24.1,28.44,19.46
DE144,DE,"Ulm, Stadtkreis",2025,129882.0,49.34,50.66,13.58,12.04,30.4,24.62,16.06
DE145,DE,Alb-Donau-Kreis,2025,202354.0,50.26,49.74,15.64,10.33,25.28,28.01,17.53
DE146,DE,Biberach,2025,207415.0,50.4,49.6,15.82,10.11,25.77,27.78,17.36
DE147,DE,Bodenseekreis,2025,220804.0,49.17,50.83,14.05,9.58,23.96,27.98,20.49
DE148,DE,Ravensburg,2025,291102.0,49.76,50.24,14.9,10.62,25.33,27.61,18.22
DE149,DE,Sigmaringen,2025,132167.0,50.06,49.94,14.5,10.24,24.35,28.52,18.93
DE211,DE,"Ingolstadt, Kreisfreie Stadt",2025,141185.0,50.85,49.15,15.0,10.65,30.16,25.71,15.61
DE212,DE,"München, Kreisfreie Stadt",2025,1505005.0,49.0,51.0,13.38,10.55,33.85,25.2,14.19
DE213,DE,"Rosenheim, Kreisfreie Stadt",2025,65274.0,49.56,50.44,13.88,10.85,28.81,26.43,16.88
DE214,DE,Altötting,2025,113938.0,49.64,50.36,14.86,9.69,24.66,27.92,19.32
DE215,DE,Berchtesgadener Land,2025,105292.0,48.92,51.08,13.81,9.21,25.11,27.52,20.3
DE216,DE,Bad Tölz-Wolfratshausen,2025,130248.0,49.37,50.63,14.65,9.68,24.21,28.92,18.85
DE217,DE,Dachau,2025,153595.0,49.97,50.03,15.06,9.85,26.15,29.07,16.84
DE218,DE,Ebersberg,2025,144225.0,49.89,50.11,15.63,10.32,24.67,29.59,16.42
DE219,DE,Eichstätt,2025,135668.0,50.58,49.42,16.4,10.42,25.46,27.95,16.84
DE21A,DE,Erding,2025,140127.0,50.2,49.8,15.06,10.24,25.87,30.18,15.95
DE21B,DE,Freising,2025,184564.0,51.1,48.9,14.6,11.0,28.57,28.7,14.7
DE21C,DE,Fürstenfeldbruck,2025,218227.0,49.0,51.0,14.91,9.84,24.51,28.57,18.35
DE21D,DE,Garmisch-Partenkirchen,2025,89296.0,48.01,51.99,12.9,9.04,23.48,28.96,21.07
DE21E,DE,Landsberg am Lech,2025,122107.0,49.71,50.29,14.88,9.52,23.74,29.96,18.68
DE21F,DE,Miesbach,2025,97152.0,49.12,50.88,13.86,9.43,23.13,29.98,19.65
DE21G,DE,Mühldorf a. Inn,2025,122037.0,50.6,49.4,14.77,9.88,25.51,28.58,18.29
DE21H,DE,"München, Landkreis",2025,354396.0,49.47,50.53,14.75,10.94,24.7,28.61,17.18
DE21I,DE,Neuburg-Schrobenhausen,2025,99364.0,50.19,49.81,15.52,10.06,25.28,28.38,17.75
DE21J,DE,Pfaffenhofen a. d. Ilm,2025,130781.0,50.73,49.27,15.59,9.62,26.62,28.49,16.9
DE21K,DE,"Rosenheim, Landkreis",2025,258637.0,49.2,50.8,14.74,9.43,23.84,28.95,19.56
DE21L,DE,Starnberg,2025,139329.0,48.37,51.63,14.35,10.15,21.44,30.09,19.83
DE21M,DE,Traunstein,2025,175144.0,49.17,50.83,14.07,9.29,23.9,28.55,20.4
DE21N,DE,Weilheim-Schongau,2025,138957.0,49.39,50.61,15.09,9.5,23.91,28.5,19.41
DE221,DE,"Landshut, Kreisfreie Stadt",2025,71863.0,49.04,50.96,13.71,10.68,28.21,26.89,17.13
DE222,DE,"Passau, Kreisfreie Stadt",2025,53039.0,48.9,51.1,11.7,12.33,29.17,24.44,18.9
DE223,DE,"Straubing, Kreisfreie Stadt",2025,49002.0,50.6,49.4,12.23,10.84,27.58,27.33,18.58
DE224,DE,Deggendorf,2025,121844.0,50.15,49.85,13.41,10.48,25.53,28.37,19.27
DE225,DE,Freyung-Grafenau,2025,78710.0,49.67,50.33,12.94,9.13,23.11,29.92,21.64
DE226,DE,Kelheim,2025,126037.0,50.64,49.36,15.0,10.37,25.33,28.83,17.6
DE227,DE,"Landshut, Landkreis",2025,162170.0,50.29,49.71,15.28,9.85,24.76,29.48,17.88
DE228,DE,"Passau, Landkreis",2025,194699.0,49.62,50.38,13.43,9.32,23.32,29.21,21.33
DE229,DE,Regen,2025,77267.0,49.78,50.22,13.35,9.27,23.19,29.23,21.55
DE22A,DE,Rottal-Inn,2025,120497.0,49.8,50.2,14.1,9.76,24.16,28.6,20.02
DE22B,DE,Straubing-Bogen,2025,103041.0,50.09,49.91,14.87,9.69,24.1,29.71,18.75
DE22C,DE,Dingolfing-Landau,2025,101035.0,51.48,48.52,14.25,9.99,26.4,28.83,17.74
DE231,DE,"Amberg, Kreisfreie Stadt",2025,42553.0,49.09,50.91,12.74,9.98,25.76,27.18,20.17
DE232,DE,"Regensburg, Kreisfreie Stadt",2025,151389.0,49.28,50.72,12.05,12.57,33.88,24.14,14.6
DE233,DE,"Weiden i. d. Opf, Kreisfreie Stadt",2025,42444.0,48.61,51.39,12.55,10.44,25.78,27.66,19.69
DE234,DE,Amberg-Sulzbach,2025,103982.0,49.97,50.03,13.97,9.26,23.74,29.72,19.79
DE235,DE,Cham,2025,128534.0,50.28,49.72,13.55,9.45,24.32,28.99,20.37
DE236,DE,Neumarkt i. d. OPf.,2025,138693.0,50.62,49.38,14.72,9.83,25.27,28.99,18.19
DE237,DE,Neustadt a. d. Waldnaab,2025,96049.0,49.93,50.07,14.25,9.15,23.96,29.42,19.95
DE238,DE,"Regensburg, Landkreis",2025,196213.0,50.04,49.96,15.03,9.65,24.23,29.44,18.73
DE239,DE,Schwandorf,2025,149312.0,50.14,49.86,14.03,9.49,24.94,29.4,18.94
DE23A,DE,Tirschenreuth,2025,72210.0,49.71,50.29,13.12,8.93,23.49,29.83,20.99
DE241,DE,"Bamberg, Kreisfreie Stadt",2025,77150.0,49.02,50.98,12.56,11.07,31.13,25.02,16.71
DE242,DE,"Bayreuth, Kreisfreie Stadt",2025,72940.0,49.16,50.84,11.12,13.48,28.39,24.45,18.85
DE243,DE,"Coburg, Kreisfreie Stadt",2025,41064.0,48.76,51.24,12.0,10.79,26.6,26.38,20.36
DE244,DE,"Hof, Kreisfreie Stadt",2025,46778.0,49.37,50.63,13.72,10.69,25.53,26.26,19.92
DE245,DE,"Bamberg, Landkreis",2025,147777.0,49.96,50.04,14.74,9.32,24.16,30.03,18.81
DE246,DE,"Bayreuth, Landkreis",2025,103215.0,49.64,50.36,13.61,9.0,22.53,30.33,20.95
DE247,DE,"Coburg, Landkreis",2025,84468.0,49.61,50.39,13.49,8.62,22.96,29.87,21.25
DE248,DE,Forchheim,2025,116184.0,49.67,50.33,14.51,9.3,23.77,29.75,19.46
DE249,DE,"Hof, Landkreis",2025,92191.0,49.0,51.0,12.61,8.59,21.58,30.27,22.61
DE24A,DE,Kronach,2025,64545.0,49.63,50.37,11.69,8.7,21.71,31.45,22.36
DE24B,DE,Kulmbach,2025,71518.0,49.41,50.59,12.24,9.01,22.54,30.35,21.83
DE24C,DE,Lichtenfels,2025,67379.0,49.31,50.69,13.3,8.85,23.5,29.78,20.8
DE24D,DE,Wunsiedel i. Fichtelgebirge,2025,70549.0,48.71,51.29,12.69,8.81,21.77,29.33,23.01
DE251,DE,"Ansbach, Kreisfreie Stadt",2025,40742.0,48.49,51.51,14.05,10.4,25.73,27.06,19.25
DE252,DE,"Erlangen, Kreisfreie Stadt",2025,115928.0,49.75,50.25,13.22,12.35,31.93,23.9,15.19
DE253,DE,"Fürth, Kreisfreie Stadt",2025,132036.0,49.26,50.74,13.63,9.55,28.91,28.22,16.87
DE254,DE,"Nürnberg, Kreisfreie Stadt",2025,529508.0,49.17,50.83,13.36,10.52,29.61,26.28,16.82
DE255,DE,"Schwabach, Kreisfreie Stadt",2025,40835.0,48.81,51.19,14.37,9.52,23.98,28.92,19.61
DE256,DE,"Ansbach, Landkreis",2025,187633.0,50.13,49.87,14.86,9.77,24.63,28.88,18.6
DE257,DE,Erlangen-Höchstadt,2025,138325.0,49.58,50.42,15.39,9.39,23.83,28.87,19.43
DE258,DE,"Fürth, Landkreis",2025,117719.0,48.59,51.41,14.48,8.67,23.52,29.12,20.48
DE259,DE,Nürnberger Land,2025,168813.0,49.1,50.9,14.31,8.86,23.54,29.51,20.18
DE25A,DE,Neustadt a. d. Aisch-Bad Windsheim,2025,101043.0,50.11,49.89,14.49,9.36,24.05,29.15,19.7
DE25B,DE,Roth,2025,128632.0,49.62,50.38,14.61,9.05,23.98,29.38,19.55
DE25C,DE,Weißenburg-Gunzenhausen,2025,94695.0,49.84,50.16,14.49,9.68,23.85,28.44,19.97
DE261,DE,"Aschaffenburg, Kreisfreie Stadt",2025,73091.0,48.94,51.06,13.35,9.93,27.38,27.29,18.69
DE262,DE,"Schweinfurt, Kreisfreie Stadt",2025,54481.0,49.51,50.49,13.72,12.07,25.26,24.63,20.05
DE263,DE,"Würzburg, Kreisfreie Stadt",2025,133258.0,47.85,52.15,11.0,13.4,32.61,22.42,16.64
DE264,DE,"Aschaffenburg, Landkreis",2025,170945.0,49.51,50.49,13.97,9.07,23.51,29.82,20.03
DE265,DE,Bad Kissingen,2025,103489.0,49.2,50.8,13.52,8.72,22.38,28.78,22.29
DE266,DE,Rhön-Grabfeld,2025,79375.0,49.84,50.16,14.0,9.56,23.09,28.74,20.87
DE267,DE,Haßberge,2025,83869.0,50.21,49.79,14.29,9.33,23.69,29.2,20.24
DE268,DE,Kitzingen,2025,91287.0,50.1,49.9,14.56,9.53,24.47,29.14,18.95
DE269,DE,Miltenberg,2025,127547.0,49.68,50.32,14.1,9.59,23.46,29.59,19.71
DE26A,DE,Main-Spessart,2025,125282.0,49.83,50.17,13.41,8.89,22.8,29.55,21.36
DE26B,DE,"Schweinfurt, Landkreis",2025,113977.0,50.1,49.9,14.51,9.07,23.73,28.59,20.5
DE26C,DE,"Würzburg, Landkreis",2025,162216.0,49.46,50.54,14.73,9.3,23.74,28.45,20.44
DE271,DE,"Augsburg, Kreisfreie Stadt",2025,301105.0,49.42,50.58,13.24,11.11,30.69,25.38,16.27
DE272,DE,"Kaufbeuren, Kreisfreie Stadt",2025,46193.0,49.38,50.62,14.56,10.06,25.78,26.46,19.4
DE273,DE,"Kempten (Allgäu), Kreisfreie Stadt",2025,67645.0,49.13,50.87,13.63,10.5,28.17,25.3,18.8
DE274,DE,"Memmingen, Kreisfreie Stadt",2025,44192.0,49.42,50.58,14.66,10.12,25.99,26.8,18.79
DE275,DE,Aichach-Friedberg,2025,136803.0,49.8,50.2,15.57,9.69,24.26,29.01,18.29
DE276,DE,"Augsburg, Landkreis",2025,262811.0,49.65,50.35,15.5,9.58,24.5,28.58,18.61
DE277,DE,Dillingen a.d. Donau,2025,98899.0,50.12,49.88,14.96,9.78,24.59,28.61,18.83
DE278,DE,Günzburg,2025,129846.0,50.53,49.47,14.87,10.21,25.31,28.69,17.95
DE279,DE,Neu-Ulm,2025,183595.0,49.94,50.06,14.76,10.16,26.73,27.22,17.93
DE27A,DE,Lindau (Bodensee),2025,82411.0,49.11,50.89,14.17,9.08,23.93,29.25,19.65
DE27B,DE,Ostallgäu,2025,142047.0,49.72,50.28,15.09,9.8,24.14,28.35,19.35
DE27C,DE,Unterallgäu,2025,147255.0,50.54,49.46,15.29,9.66,24.82,28.26,18.6
DE27D,DE,Donau-Ries,2025,135098.0,50.66,49.34,14.73,9.89,24.93,28.75,18.5
DE27E,DE,Oberallgäu,2025,155413.0,49.15,50.85,14.51,8.93,23.66,28.85,20.26
DE300,DE,Berlin,2025,3685265.0,49.12,50.88,13.88,10.03,31.63,25.26,16.07
DE401,DE,"Brandenburg an der Havel, Kreisfreie Stadt",2025,74113.0,48.78,51.22,12.39,8.78,24.16,26.36,23.08
DE402,DE,"Cottbus, Kreisfreie Stadt",2025,95123.0,48.5,51.5,12.53,9.97,24.26,25.76,22.71
DE403,DE,"Frankfurt (Oder), Kreisfreie Stadt",2025,57107.0,48.85,51.15,11.63,10.31,22.73,26.91,23.44
DE404,DE,"Potsdam, Kreisfreie Stadt",2025,184754.0,48.3,51.7,14.47,10.83,28.0,26.15,16.82
DE405,DE,Barnim,2025,194169.0,49.23,50.77,13.71,8.52,22.31,29.68,21.89
DE406,DE,Dahme-Spreewald,2025,178793.0,49.56,50.44,14.01,8.24,23.09,29.48,21.04
DE407,DE,Elbe-Elster,2025,97967.0,49.5,50.5,12.02,7.47,19.07,30.59,26.06
DE408,DE,Havelland,2025,170834.0,49.32,50.68,14.03,9.03,22.23,30.77,20.36
DE409,DE,Märkisch-Oderland,2025,197817.0,49.31,50.69,13.68,8.1,21.01,30.83,22.26
DE40A,DE,Oberhavel,2025,217690.0,49.24,50.76,13.47,8.76,21.86,31.03,20.89
DE40B,DE,Oberspreewald-Lausitz,2025,107793.0,48.9,51.1,12.11,7.7,19.72,29.77,25.63
DE40C,DE,Oder-Spree,2025,179817.0,49.28,50.72,12.84,8.18,20.93,29.53,23.82
DE40D,DE,Ostprignitz-Ruppin,2025,99152.0,49.47,50.53,12.27,8.36,20.75,29.81,24.44
DE40E,DE,Potsdam-Mittelmark,2025,221268.0,49.46,50.54,13.82,9.04,20.45,31.63,21.27
DE40F,DE,Prignitz,2025,75595.0,49.61,50.39,11.85,7.77,20.43,29.78,25.24
DE40G,DE,Spree-Neiße,2025,109635.0,49.01,50.99,11.96,7.26,18.33,31.06,26.64
DE40H,DE,Teltow-Fläming,2025,177688.0,49.98,50.02,14.21,8.81,23.73,29.73,19.79
DE40I,DE,Uckermark,2025,117432.0,49.22,50.78,11.81,7.97,19.32,30.1,26.0
DE501,DE,"Bremen, Kreisfreie Stadt",2025,586271.0,49.39,50.61,14.32,11.03,28.38,25.64,17.25
DE502,DE,"Bremerhaven, Kreisfreie Stadt",2025,118610.0,49.81,50.19,15.15,11.41,25.98,25.7,18.58
DE600,DE,Hamburg,2025,1862565.0,48.96,51.04,14.26,10.49,31.06,26.14,14.97
DE711,DE,"Darmstadt, Kreisfreie Stadt",2025,167029.0,51.09,48.91,13.21,13.77,32.16,23.49,14.62
DE712,DE,"Frankfurt am Main, Kreisfreie Stadt",2025,756021.0,49.1,50.9,14.1,10.62,33.3,26.05,13.55
DE713,DE,"Offenbach am Main, Kreisfreie Stadt",2025,132746.0,50.25,49.75,15.07,10.91,31.63,26.33,13.57
DE714,DE,"Wiesbaden, Kreisfreie Stadt",2025,288850.0,48.43,51.57,14.27,11.09,27.44,27.31,16.66
DE715,DE,Bergstraße,2025,274169.0,49.42,50.58,14.11,9.23,23.76,29.2,20.16
DE716,DE,Darmstadt-Dieburg,2025,302021.0,49.51,50.49,14.47,9.82,24.03,29.33,19.17
DE717,DE,Groß-Gerau,2025,268310.0,50.05,49.95,15.42,10.46,26.08,28.22,16.82
DE718,DE,Hochtaunuskreis,2025,241664.0,48.5,51.5,14.56,9.71,22.21,30.07,19.28
DE719,DE,Main-Kinzig-Kreis,2025,420914.0,49.42,50.58,14.48,9.71,24.63,28.61,19.23
DE71A,DE,Main-Taunus-Kreis,2025,238775.0,49.12,50.88,14.84,9.89,23.8,29.74,18.05
DE71B,DE,Odenwaldkreis,2025,93846.0,49.35,50.65,13.43,9.11,22.51,29.21,21.78
DE71C,DE,"Offenbach, Landkreis",2025,358022.0,49.24,50.76,14.79,10.02,25.13,28.16,18.39
DE71D,DE,Rheingau-Taunus-Kreis,2025,185651.0,48.96,51.04,13.44,9.67,22.12,30.14,20.85
DE71E,DE,Wetteraukreis,2025,311593.0,49.4,50.6,14.22,9.78,24.15,29.3,19.11
DE721,DE,"Gießen, Landkreis",2025,268418.0,49.19,50.81,13.65,12.15,27.91,25.44,17.72
DE722,DE,Lahn-Dill-Kreis,2025,254074.0,49.37,50.63,14.22,9.8,23.95,28.72,19.76
DE723,DE,Limburg-Weilburg,2025,173830.0,49.55,50.45,13.9,9.96,23.89,29.03,19.83
DE724,DE,Marburg-Biedenkopf,2025,242805.0,49.01,50.99,13.37,12.51,25.89,26.97,18.01
DE725,DE,Vogelsbergkreis,2025,101163.0,49.67,50.33,13.07,8.82,21.8,29.51,22.58
DE731,DE,"Kassel, Kreisfreie Stadt",2025,197230.0,48.64,51.36,13.71,11.5,29.32,25.07,17.1
DE732,DE,Fulda,2025,222283.0,49.76,50.24,14.24,10.45,24.83,27.83,18.83
DE733,DE,Hersfeld-Rotenburg,2025,117414.0,49.71,50.29,13.77,9.31,22.42,28.8,21.62
DE734,DE,"Kassel, Landkreis",2025,231073.0,49.01,50.99,13.62,8.94,22.43,28.96,21.99
DE735,DE,Schwalm-Eder-Kreis,2025,180071.0,49.99,50.01,13.45,9.28,23.28,29.27,20.92
DE736,DE,Waldeck-Frankenberg,2025,155126.0,49.66,50.34,13.53,9.73,22.84,29.29,20.86
DE737,DE,Werra-Meißner-Kreis,2025,97695.0,49.53,50.47,12.74,8.88,22.22,29.27,22.73
DE803,DE,"Rostock, Kreisfreie Stadt",2025,205307.0,48.76,51.24,11.54,11.63,26.92,24.2,20.9
DE804,DE,"Schwerin, Kreisfreie Stadt",2025,98308.0,48.03,51.97,12.72,9.99,23.89,25.93,22.55
DE80J,DE,Mecklenburgische Seenplatte,2025,246318.0,48.71,51.29,12.27,8.34,19.84,29.68,25.35
DE80K,DE,Landkreis Rostock,2025,218721.0,49.39,50.61,13.68,7.9,20.71,30.29,23.5
DE80L,DE,Vorpommern-Rügen,2025,215203.0,48.53,51.47,11.7,8.25,20.18,30.33,25.08
DE80M,DE,Nordwestmecklenburg,2025,156692.0,49.49,50.51,13.0,8.54,21.54,30.08,22.89
DE80N,DE,Vorpommern-Greifswald,2025,224956.0,48.65,51.35,12.03,9.39,21.01,28.71,24.47
DE80O,DE,Ludwigslust-Parchim,2025,208092.0,49.77,50.23,13.15,7.78,20.84,30.65,23.72
DE911,DE,"Braunschweig, Kreisfreie Stadt",2025,252962.0,49.48,50.52,12.29,10.54,29.59,25.97,17.8
DE912,DE,"Salzgitter, Kreisfreie Stadt",2025,104970.0,50.21,49.79,15.5,10.62,24.32,26.71,19.12
DE913,DE,"Wolfsburg, Kreisfreie Stadt",2025,129560.0,49.98,50.02,14.97,9.85,26.89,26.14,18.06
DE914,DE,Gifhorn,2025,175943.0,49.69,50.31,15.67,9.32,23.4,29.34,19.12
DE916,DE,Goslar,2025,126775.0,49.3,50.7,11.45,9.18,21.88,29.03,23.7
DE917,DE,Helmstedt,2025,90227.0,49.6,50.4,13.84,8.67,23.39,29.37,20.73
DE918,DE,Northeim,2025,125623.0,49.38,50.62,12.79,8.88,21.92,29.34,22.67
DE91A,DE,Peine,2025,137045.0,49.6,50.4,15.31,9.67,23.43,29.16,18.89
DE91B,DE,Wolfenbüttel,2025,118290.0,49.5,50.5,13.58,8.95,22.49,29.84,21.06
DE91C,DE,Göttingen,2025,328028.0,49.19,50.81,12.53,10.74,25.47,26.91,20.37
DE922,DE,Diepholz,2025,221202.0,49.5,50.5,14.26,9.49,23.16,29.31,20.06
DE923,DE,Hameln-Pyrmont,2025,150203.0,48.65,51.35,13.55,9.25,22.51,28.53,21.59
DE925,DE,Hildesheim,2025,267506.0,48.88,51.12,13.27,10.22,23.64,28.54,20.27
DE926,DE,Holzminden,2025,65581.0,49.84,50.16,13.01,9.35,21.75,28.62,22.77
DE927,DE,Nienburg (Weser),2025,121468.0,49.46,50.54,14.19,10.04,22.74,29.32,19.99
DE928,DE,Schaumburg,2025,156841.0,48.93,51.07,13.31,9.2,22.24,29.42,21.31
DE929,DE,Region Hannover,2025,1140888.0,49.04,50.96,13.77,10.31,26.65,27.37,18.06
DE931,DE,Celle,2025,172449.0,48.84,51.16,14.35,9.54,23.35,28.15,20.86
DE932,DE,Cuxhaven,2025,198842.0,48.96,51.04,13.57,8.79,21.68,29.3,22.69
DE933,DE,Harburg,2025,265864.0,49.69,50.31,14.34,9.42,23.36,29.77,19.39
DE934,DE,Lüchow-Dannenberg,2025,46502.0,48.8,51.2,12.41,8.44,19.52,29.69,25.46
DE935,DE,"Lüneburg, Landkreis",2025,179448.0,48.54,51.46,14.11,10.69,24.45,29.27,18.32
DE936,DE,Osterholz,2025,113598.0,48.81,51.19,14.52,8.91,21.66,30.04,21.23
DE937,DE,Rotenburg (Wümme),2025,165904.0,50.07,49.93,13.91,10.18,23.8,29.2,19.56
DE938,DE,Heidekreis,2025,141321.0,49.58,50.42,13.89,9.84,23.37,29.08,20.02
DE939,DE,Stade,2025,207700.0,49.63,50.37,14.74,9.81,24.23,28.51,19.3
DE93A,DE,Uelzen,2025,91638.0,49.0,51.0,12.85,9.24,21.9,29.59,22.08
DE93B,DE,Verden,2025,138626.0,49.13,50.87,15.19,9.55,23.42,28.25,20.06
DE941,DE,"Delmenhorst, Kreisfreie Stadt",2025,81406.0,49.27,50.73,14.86,10.46,24.8,27.49,18.83
DE942,DE,"Emden, Kreisfreie Stadt",2025,49202.0,49.49,50.51,14.05,10.59,25.49,27.61,18.93
DE943,DE,"Oldenburg (Oldenburg), Kreisfreie Stadt",2025,176614.0,48.34,51.66,12.74,11.63,29.38,26.05,17.18
DE944,DE,"Osnabrück, Kreisfreie Stadt",2025,166057.0,48.64,51.36,12.45,13.5,29.67,25.0,16.1
DE945,DE,"Wilhelmshaven, Kreisfreie Stadt",2025,75745.0,50.01,49.99,12.49,10.0,25.07,26.5,21.55
DE946,DE,Ammerland,2025,127751.0,48.94,51.06,14.27,9.54,22.72,28.86,20.82
DE947,DE,Aurich,2025,188816.0,49.17,50.83,13.26,9.6,22.24,29.76,21.85
DE948,DE,Cloppenburg,2025,177025.0,50.84,49.16,16.7,11.57,26.17,27.28,15.76
DE949,DE,Emsland,2025,334539.0,50.77,49.23,15.15,10.52,25.25,28.27,17.94
DE94A,DE,Friesland (DE),2025,100411.0,48.6,51.4,13.14,8.54,21.87,29.32,22.77
DE94B,DE,Grafschaft Bentheim,2025,144543.0,49.99,50.01,15.08,10.03,24.34,28.74,18.42
DE94C,DE,Leer,2025,169103.0,49.28,50.72,14.61,9.85,23.84,28.65,19.95
DE94D,DE,"Oldenburg, Landkreis",2025,132008.0,49.44,50.56,14.17,9.7,22.99,30.12,19.51
DE94E,DE,"Osnabrück, Landkreis",2025,354821.0,49.39,50.61,14.96,9.84,23.33,29.04,19.15
DE94F,DE,Vechta,2025,146539.0,50.28,49.72,16.11,11.58,26.25,27.76,15.68
DE94G,DE,Wesermarsch,2025,88936.0,49.97,50.03,13.49,9.62,22.53,29.59,21.05
DE94H,DE,Wittmund,2025,55969.0,48.94,51.06,13.06,9.38,21.34,29.28,23.17
DEA11,DE,"Düsseldorf, Kreisfreie Stadt",2025,618685.0,48.34,51.66,13.15,9.73,31.35,26.79,15.76
DEA12,DE,"Duisburg, Kreisfreie Stadt",2025,502270.0,49.63,50.37,15.07,10.76,26.62,27.14,16.99
DEA13,DE,"Essen, Kreisfreie Stadt",2025,574682.0,48.66,51.34,14.24,10.06,27.35,26.39,18.27
DEA14,DE,"Krefeld, Kreisfreie Stadt",2025,231406.0,49.16,50.84,13.85,10.17,25.33,28.38,18.55
DEA15,DE,"Mönchengladbach, Kreisfreie Stadt",2025,267213.0,49.73,50.27,14.24,10.31,26.44,27.33,18.36
DEA16,DE,"Mülheim an der Ruhr, Kreisfreie Stadt",2025,173050.0,48.54,51.46,14.17,9.27,24.61,27.99,19.78
DEA17,DE,"Oberhausen, Kreisfreie Stadt",2025,213646.0,48.62,51.38,14.26,9.43,25.48,27.99,19.27
DEA18,DE,"Remscheid, Kreisfreie Stadt",2025,113828.0,49.87,50.13,14.11,10.03,25.0,28.57,18.57
DEA19,DE,"Solingen, Kreisfreie Stadt",2025,165626.0,48.97,51.03,14.04,9.85,24.97,28.82,18.39
DEA1A,DE,"Wuppertal, Kreisfreie Stadt",2025,358193.0,49.35,50.65,14.54,10.95,26.52,26.88,17.55
DEA1B,DE,Kleve,2025,322018.0,49.96,50.04,13.8,10.09,25.55,28.54,18.79
DEA1C,DE,Mettmann,2025,490910.0,48.49,51.51,14.0,9.23,23.2,29.02,20.25
DEA1D,DE,Rhein-Kreis Neuss,2025,457077.0,48.84,51.16,14.48,9.35,23.85,29.31,19.33
DEA1E,DE,Viersen,2025,297857.0,48.98,51.02,13.53,9.13,23.49,29.97,20.23
DEA1F,DE,Wesel,2025,457918.0,48.7,51.3,13.69,8.9,23.37,29.02,21.18
DEA22,DE,"Bonn, Kreisfreie Stadt",2025,323336.0,48.17,51.83,13.58,12.46,29.17,25.67,15.85
DEA23,DE,"Köln, Kreisfreie Stadt",2025,1024621.0,48.61,51.39,13.24,10.56,31.26,26.89,15.17
DEA24,DE,"Leverkusen, Kreisfreie Stadt",2025,168581.0,49.21,50.79,14.25,10.12,25.71,28.3,17.63
DEA26,DE,Düren,2025,279285.0,49.8,50.2,14.41,9.75,25.14,28.13,19.25
DEA27,DE,Rhein-Erft-Kreis,2025,477988.0,49.12,50.88,14.67,9.74,24.8,28.64,18.73
DEA28,DE,Euskirchen,2025,202609.0,49.71,50.29,14.09,9.61,23.71,29.28,19.99
DEA29,DE,Heinsberg,2025,263681.0,49.56,50.44,14.23,9.52,24.44,29.03,19.49
DEA2A,DE,Oberbergischer Kreis,2025,274057.0,49.27,50.73,14.92,9.81,23.81,28.67,19.21
DEA2B,DE,Rheinisch-Bergischer Kreis,2025,284273.0,48.62,51.38,14.0,9.19,22.56,29.98,20.16
DEA2C,DE,Rhein-Sieg-Kreis,2025,605441.0,49.16,50.84,14.31,9.85,23.64,29.06,19.54
DEA2D,DE,Städteregion Aachen,2025,582410.0,50.59,49.41,12.86,12.53,27.59,25.77,17.88
DEA31,DE,"Bottrop, Kreisfreie Stadt",2025,118535.0,48.61,51.39,13.81,9.11,24.27,28.48,20.57
DEA32,DE,"Gelsenkirchen, Kreisfreie Stadt",2025,267930.0,49.47,50.53,16.08,10.98,25.71,26.82,17.21
DEA33,DE,"Münster, Kreisfreie Stadt",2025,308258.0,47.84,52.16,12.55,14.72,29.95,24.1,15.46
DEA34,DE,Borken,2025,380796.0,50.07,49.93,15.37,10.24,24.88,28.9,17.53
DEA35,DE,Coesfeld,2025,227859.0,49.41,50.59,14.67,9.53,23.42,29.13,19.78
DEA36,DE,Recklinghausen,2025,621305.0,48.84,51.16,14.13,9.42,23.78,28.64,20.36
DEA37,DE,Steinfurt,2025,451712.0,49.85,50.15,14.87,10.31,24.34,29.03,18.12
DEA38,DE,Warendorf,2025,282639.0,49.51,50.49,14.66,10.08,23.51,28.99,19.14
DEA41,DE,"Bielefeld, Kreisfreie Stadt",2025,331605.0,48.56,51.44,14.28,11.66,27.57,26.15,16.69
DEA42,DE,Gütersloh,2025,363982.0,49.89,50.11,14.86,10.4,24.53,29.03,17.71
DEA43,DE,Herford,2025,254404.0,49.24,50.76,14.26,9.94,23.63,28.86,19.24
DEA44,DE,Höxter,2025,139252.0,49.97,50.03,13.71,9.75,22.72,28.95,20.92
DEA45,DE,Lippe,2025,347149.0,49.16,50.84,14.94,10.2,23.21,27.77,19.81
DEA46,DE,Minden-Lübbecke,2025,320557.0,49.61,50.39,14.73,10.14,23.76,28.22,19.22
DEA47,DE,Paderborn,2025,315912.0,50.08,49.92,14.69,11.4,26.38,26.99,17.47
DEA51,DE,"Bochum, Kreisfreie Stadt",2025,358676.0,49.22,50.78,12.9,10.55,27.88,26.28,18.68
DEA52,DE,"Dortmund, Kreisfreie Stadt",2025,603462.0,49.36,50.64,14.34,10.83,27.67,26.66,17.15
DEA53,DE,"Hagen, Kreisfreie Stadt",2025,190384.0,49.23,50.77,15.18,10.73,25.18,27.36,18.01
DEA54,DE,"Hamm, Kreisfreie Stadt",2025,179968.0,49.53,50.47,14.36,11.08,25.32,27.47,18.4
DEA55,DE,"Herne, Kreisfreie Stadt",2025,155851.0,49.02,50.98,14.45,10.46,25.22,27.78,18.43
DEA56,DE,Ennepe-Ruhr-Kreis,2025,314167.0,48.4,51.6,13.4,8.96,23.64,29.0,20.96
DEA57,DE,Hochsauerlandkreis,2025,260843.0,49.93,50.07,13.46,9.69,23.53,29.43,20.03
DEA58,DE,Märkischer Kreis,2025,408046.0,49.33,50.67,13.95,9.71,23.65,29.3,19.59
DEA59,DE,Olpe,2025,132346.0,50.19,49.81,14.17,9.85,24.32,29.72,18.69
DEA5A,DE,Siegen-Wittgenstein,2025,274074.0,49.82,50.18,14.2,10.04,25.32,27.66,19.25
DEA5B,DE,Soest,2025,300297.0,49.72,50.28,13.88,9.77,23.94,29.28,19.51
DEA5C,DE,Unna,2025,393784.0,48.83,51.17,13.7,9.32,23.66,28.98,20.58
DEB11,DE,"Koblenz, Kreisfreie Stadt",2025,113378.0,49.52,50.48,12.59,10.91,29.69,24.75,18.08
DEB12,DE,Ahrweiler,2025,129353.0,49.36,50.64,13.39,8.64,23.49,28.54,21.6
DEB13,DE,Altenkirchen (Westerwald),2025,132125.0,49.62,50.38,14.63,9.34,23.85,28.61,20.03
DEB14,DE,Bad Kreuznach,2025,164748.0,49.07,50.93,13.9,9.23,23.47,28.71,21.03
DEB15,DE,Birkenfeld,2025,82611.0,49.36,50.64,13.34,9.59,23.29,28.12,21.63
DEB17,DE,Mayen-Koblenz,2025,217228.0,49.44,50.56,14.12,9.42,24.4,28.51,20.04
DEB18,DE,Neuwied,2025,189061.0,49.45,50.55,14.67,9.67,23.81,28.22,19.9
DEB1A,DE,Rhein-Lahn-Kreis,2025,125588.0,49.6,50.4,13.83,9.09,23.4,29.03,21.0
DEB1B,DE,Westerwaldkreis,2025,207803.0,49.63,50.37,14.3,9.32,24.13,29.47,19.38
DEB1C,DE,Cochem-Zell,2025,61608.0,50.02,49.98,12.82,9.3,22.1,29.85,21.97
DEB1D,DE,Rhein-Hunsrück-Kreis,2025,106705.0,49.75,50.25,13.93,9.21,23.42,29.15,20.76
DEB21,DE,"Trier, Kreisfreie Stadt",2025,104342.0,49.03,50.97,12.53,12.41,30.58,24.89,16.25
DEB22,DE,Bernkastel-Wittlich,2025,113187.0,49.98,50.02,13.58,9.24,23.22,29.4,20.74
DEB23,DE,Eifelkreis Bitburg-Prüm,2025,99788.0,50.3,49.7,14.56,9.44,24.77,29.14,18.88
DEB24,DE,Vulkaneifel,2025,59313.0,50.11,49.89,13.02,8.57,22.84,29.19,22.5
DEB25,DE,Trier-Saarburg,2025,148953.0,49.64,50.36,14.25,9.38,24.13,29.62,19.19
DEB31,DE,"Frankenthal (Pfalz), Kreisfreie Stadt",2025,48140.0,49.67,50.33,14.64,9.61,25.12,26.86,19.47
DEB32,DE,"Kaiserslautern, Kreisfreie Stadt",2025,100426.0,50.44,49.56,12.63,11.25,29.43,25.17,18.21
DEB33,DE,"Landau in der Pfalz, Kreisfreie Stadt",2025,48209.0,48.24,51.76,13.19,11.93,28.12,25.96,17.68
DEB34,DE,"Ludwigshafen am Rhein, Kreisfreie Stadt",2025,177222.0,50.7,49.3,15.6,11.05,27.9,26.48,15.76
DEB35,DE,"Mainz, Kreisfreie Stadt",2025,224684.0,48.73,51.27,12.42,12.95,33.06,23.55,15.02
DEB36,DE,"Neustadt an der Weinstraße, Kreisfreie Stadt",2025,52945.0,48.61,51.39,13.91,8.99,23.61,27.62,21.41
DEB37,DE,"Pirmasens, Kreisfreie Stadt",2025,39761.0,49.43,50.57,13.31,9.95,24.14,27.09,21.23
DEB38,DE,"Speyer, Kreisfreie Stadt",2025,49564.0,48.62,51.38,13.07,9.42,24.26,28.47,20.8
DEB39,DE,"Worms, Kreisfreie Stadt",2025,86753.0,50.17,49.83,14.75,10.88,26.32,27.14,17.8
DEB3A,DE,"Zweibrücken, Kreisfreie Stadt",2025,33323.0,49.59,50.41,13.56,9.8,24.67,27.08,20.83
DEB3B,DE,Alzey-Worms,2025,131238.0,49.62,50.38,14.99,9.32,23.8,29.15,19.75
DEB3C,DE,Bad Dürkheim,2025,134329.0,49.11,50.89,13.36,8.35,22.06,30.15,22.24
DEB3D,DE,Donnersbergkreis,2025,74783.0,49.51,50.49,13.92,9.23,22.65,29.75,21.05
DEB3E,DE,Germersheim,2025,131383.0,49.84,50.16,14.65,9.61,24.87,28.9,18.86
DEB3F,DE,"Kaiserslautern, Landkreis",2025,106343.0,49.14,50.86,15.39,9.27,23.18,28.28,20.42
DEB3G,DE,Kusel,2025,69334.0,49.86,50.14,13.42,8.88,22.27,29.14,22.55
DEB3H,DE,Südliche Weinstraße,2025,113031.0,49.2,50.8,13.68,8.59,22.64,29.96,21.51
DEB3I,DE,Rhein-Pfalz-Kreis,2025,155882.0,49.24,50.76,14.96,8.72,23.01,29.04,20.38
DEB3J,DE,Mainz-Bingen,2025,206454.0,49.24,50.76,14.66,9.34,22.92,30.07,19.79
DEB3K,DE,Südwestpfalz,2025,89974.0,49.19,50.81,12.74,7.92,21.59,30.11,23.24
DEC01,DE,Regionalverband Saarbrücken,2025,333149.0,49.31,50.69,13.09,10.06,26.37,26.45,20.28
DEC02,DE,Merzig-Wadern,2025,108779.0,49.77,50.23,12.64,9.21,23.73,29.59,21.04
DEC03,DE,Neunkirchen,2025,133179.0,49.3,50.7,12.96,9.02,23.77,28.54,21.76
DEC04,DE,Saarlouis,2025,205129.0,49.21,50.79,12.83,8.93,23.85,28.49,21.84
DEC05,DE,Saarpfalz-Kreis,2025,144092.0,48.8,51.2,12.44,8.97,23.2,28.5,22.52
DEC06,DE,St. Wendel,2025,87813.0,49.33,50.67,12.2,8.28,22.45,29.73,23.33
DED21,DE,"Dresden, Kreisfreie Stadt",2025,564904.0,49.61,50.39,13.85,11.67,28.78,23.78,17.67
DED2C,DE,Bautzen,2025,292608.0,49.3,50.7,13.47,8.14,19.55,29.28,24.6
DED2D,DE,Görlitz,2025,243958.0,49.04,50.96,12.43,8.27,18.8,28.65,26.47
DED2E,DE,Meißen,2025,239221.0,49.09,50.91,13.14,8.45,19.7,29.34,24.22
DED2F,DE,Sächsische Schweiz-Osterzgebirge,2025,243996.0,49.34,50.66,13.64,8.66,19.96,28.87,23.88
DED41,DE,"Chemnitz, Kreisfreie Stadt",2025,245618.0,49.09,50.91,13.21,10.05,24.63,24.44,22.87
DED42,DE,Erzgebirgskreis,2025,318394.0,48.92,51.08,12.47,8.44,18.92,28.24,27.06
DED43,DE,Mittelsachsen,2025,296431.0,49.59,50.41,12.86,8.58,20.12,28.52,24.92
DED44,DE,Vogtlandkreis,2025,219100.0,48.83,51.17,11.92,8.15,19.4,28.83,26.54
DED45,DE,Zwickau,2025,306793.0,49.03,50.97,12.37,8.52,20.31,28.39,25.49
DED51,DE,"Leipzig, Kreisfreie Stadt",2025,611850.0,49.29,50.71,13.47,11.87,32.63,22.44,15.89
DED52,DE,Leipzig,2025,260127.0,49.18,50.82,13.53,8.29,20.39,29.74,23.54
DED53,DE,Nordsachsen,2025,199422.0,49.53,50.47,13.33,8.39,21.2,29.42,23.27
DEE01,DE,"Dessau-Roßlau, Kreisfreie Stadt",2025,75402.0,47.82,52.18,11.71,7.83,20.19,27.52,26.87
DEE02,DE,"Halle (Saale), Kreisfreie Stadt",2025,226767.0,48.33,51.67,13.09,12.48,26.11,23.81,20.32
DEE03,DE,"Magdeburg, Kreisfreie Stadt",2025,244329.0,49.61,50.39,12.5,11.37,27.42,24.33,20.17
DEE04,DE,Altmarkkreis Salzwedel,2025,79980.0,49.65,50.35,12.72,8.07,20.55,30.87,23.6
DEE05,DE,Anhalt-Bitterfeld,2025,153035.0,49.0,51.0,11.74,8.14,20.35,29.86,25.38
DEE06,DE,Jerichower Land,2025,88509.0,49.49,50.51,12.69,7.8,20.36,30.48,24.32
DEE07,DE,Börde,2025,167924.0,49.77,50.23,13.03,8.12,21.51,30.51,23.11
DEE08,DE,Burgenlandkreis,2025,173684.0,49.0,51.0,12.2,8.08,20.55,29.1,25.29
DEE09,DE,Harz,2025,205484.0,48.74,51.26,11.25,8.18,20.13,29.76,26.0
DEE0A,DE,Mansfeld-Südharz,2025,129029.0,49.34,50.66,11.16,7.74,18.86,30.04,27.33
DEE0B,DE,Saalekreis,2025,182451.0,49.46,50.54,12.87,8.36,21.18,29.93,23.81
DEE0C,DE,Salzlandkreis,2025,180771.0,48.84,51.16,11.81,8.18,20.27,29.89,25.24
DEE0D,DE,Stendal,2025,106538.0,49.21,50.79,12.5,8.38,20.14,30.33,24.45
DEE0E,DE,Wittenberg,2025,121694.0,49.17,50.83,11.9,7.58,19.61,29.96,26.13
DEF01,DE,"Flensburg, Kreisfreie Stadt",2025,96326.0,49.47,50.53,12.81,12.91,29.03,25.05,16.93
DEF02,DE,"Kiel, Kreisfreie Stadt",2025,252668.0,48.89,51.11,12.28,12.72,30.97,24.56,16.26
DEF03,DE,"Lübeck, Kreisfreie Stadt",2025,216889.0,48.09,51.91,12.3,10.45,26.32,27.35,19.41
DEF04,DE,"Neumünster, Kreisfreie Stadt",2025,79809.0,49.8,50.2,12.99,10.84,25.26,27.82,19.27
DEF05,DE,Dithmarschen,2025,133460.0,49.33,50.67,12.88,9.55,21.95,29.33,22.39
DEF06,DE,Herzogtum Lauenburg,2025,206235.0,48.88,51.12,14.67,9.37,23.23,29.4,19.34
DEF07,DE,Nordfriesland,2025,170029.0,48.79,51.21,12.93,9.33,22.56,29.54,21.81
DEF08,DE,Ostholstein,2025,201472.0,48.06,51.94,11.58,8.37,20.43,30.67,24.5
DEF09,DE,Pinneberg,2025,325223.0,49.09,50.91,14.1,9.68,23.85,29.6,18.97
DEF0A,DE,Plön,2025,130609.0,48.14,51.86,13.27,8.57,20.44,30.14,23.17
DEF0B,DE,Rendsburg-Eckernförde,2025,278058.0,49.12,50.88,13.77,9.38,22.12,29.91,21.02
DEF0C,DE,Schleswig-Flensburg,2025,205472.0,49.26,50.74,14.17,9.18,21.97,29.4,21.47
DEF0D,DE,Segeberg,2025,283562.0,49.28,50.72,14.16,9.49,24.26,29.46,19.03
DEF0E,DE,Steinburg,2025,132731.0,49.55,50.45,13.44,9.34,23.06,30.2,20.13
DEF0F,DE,Stormarn,2025,246974.0,48.76,51.24,14.5,9.42,22.06,30.02,19.75
DEG01,DE,"Erfurt, Kreisfreie Stadt",2025,218793.0,48.83,51.17,12.86,11.24,26.68,25.77,19.8
DEG02,DE,"Gera, Kreisfreie Stadt",2025,95608.0,49.05,50.95,12.7,9.5,21.81,26.46,24.69
DEG03,DE,"Jena, Kreisfreie Stadt",2025,109725.0,49.03,50.97,12.71,12.75,29.26,22.44,18.74
DEG04,DE,"Suhl, Kreisfreie Stadt",2023,37009.0,49.55,50.45,10.76,8.63,19.58,28.58,28.53
DEG05,DE,"Weimar, Kreisfreie Stadt",2025,65954.0,47.87,52.13,13.03,11.73,24.86,25.67,20.44
DEG06,DE,Eichsfeld,2025,103694.0,50.1,49.9,14.24,8.66,21.51,28.72,23.09
DEG07,DE,Nordhausen,2025,80762.0,49.34,50.66,12.42,8.91,21.17,28.52,24.39
DEG09,DE,Unstrut-Hainich-Kreis,2025,94613.0,49.6,50.4,13.35,8.76,20.99,28.9,23.92
DEG0A,DE,Kyffhäuserkreis,2025,71738.0,49.71,50.29,11.96,8.17,19.97,29.58,26.11
DEG0B,DE,Schmalkalden-Meiningen,2023,123939.0,50.01,49.99,12.57,8.1,21.23,30.22,24.28
DEG0C,DE,Gotha,2025,135838.0,49.53,50.47,12.66,8.78,22.04,29.29,23.24
DEG0D,DE,Sömmerda,2025,67693.0,49.91,50.09,12.99,8.52,21.11,29.74,24.17
DEG0E,DE,Hildburghausen,2025,59987.0,50.11,49.89,12.34,7.97,20.97,30.59,24.26
DEG0F,DE,Ilm-Kreis,2023,106776.0,50.38,49.62,13.0,8.65,23.52,28.2,23.2
DEG0G,DE,Weimarer Land,2025,82392.0,49.52,50.48,14.13,8.87,20.86,29.43,23.26
DEG0H,DE,Sonneberg,2023,56922.0,49.35,50.65,11.53,8.0,20.23,31.0,25.07
DEG0I,DE,Saalfeld-Rudolstadt,2023,101494.0,49.19,50.81,12.19,7.5,19.6,30.4,25.93
DEG0J,DE,Saale-Holzland-Kreis,2025,83342.0,49.61,50.39,12.72,8.52,20.84,29.27,24.58
DEG0K,DE,Saale-Orla-Kreis,2025,77341.0,49.61,50.39,12.34,8.21,19.65,30.18,25.21
DEG0L,DE,Greiz,2025,93707.0,49.43,50.57,11.85,7.66,18.26,29.87,27.25
DEG0M,DE,Altenburger Land,2025,87508.0,48.51,51.49,11.61,8.02,18.93,29.15,27.12
DEG0N,DE,"Eisenach, Kreisfreie Stadt",2023,42408.0,49.16,50.84,12.83,9.03,23.05,28.34,22.59
DEG0P,DE,Wartburgkreis,2023,117131.0,50.01,49.99,12.95,7.63,21.05,30.96,23.83
DK011,DK,Byen København,2025,831423.0,48.96,51.04,14.34,13.62,37.76,21.92,11.09
DK012,DK,Københavns omegn,2025,582097.0,49.43,50.57,17.34,12.44,26.15,25.57,16.08
DK013,DK,Nordsjælland,2025,478217.0,48.98,51.02,16.47,10.73,19.95,28.62,21.2
DK014,DK,Bornholm,2025,39056.0,49.32,50.68,13.34,8.48,18.21,28.41,27.99
DK021,DK,Østsjælland,2025,262820.0,49.31,50.69,16.85,11.68,22.45,28.1,18.53
DK022,DK,Vest- og Sydsjælland,2025,592082.0,50.07,49.93,14.13,10.59,21.29,28.42,22.77
DK031,DK,Fyn,2025,507349.0,49.64,50.36,14.81,12.32,23.87,26.06,20.17
DK032,DK,Sydjylland,2025,733123.0,50.24,49.76,15.75,11.38,22.66,27.16,20.28
DK041,DK,Vestjylland,2025,428776.0,50.47,49.53,15.81,11.8,21.97,26.98,20.63
DK042,DK,Østjylland,2025,945023.0,49.64,50.36,16.14,13.52,26.8,24.39,16.99
DK050,DK,Nordjylland,2025,592768.0,50.44,49.56,14.96,12.05,23.8,25.89,20.55
EE001,EE,Põhja-Eesti,2025,647024.0,47.37,52.63,16.24,10.66,29.77,25.31,15.51
EE004,EE,Lääne-Eesti,2025,148255.0,47.27,52.73,15.12,10.55,23.48,27.29,20.12
EE008,EE,Lõuna-Eesti,2025,321690.0,47.91,52.09,16.02,11.09,25.77,25.8,18.06
EE009,EE,Kesk-Eesti,2025,122870.0,48.1,51.9,15.41,11.05,23.04,26.86,20.27
EE00A,EE,Kirde-Eesti,2025,130156.0,46.04,53.96,12.13,10.26,20.25,28.69,24.67
EL301,EL,Voreios Tomeas Athinon,2025,592494.0,46.79,53.21,13.16,9.65,21.97,31.04,20.1
EL302,EL,Dytikos Tomeas Athinon,2025,462105.0,48.32,51.68,12.74,10.37,24.45,31.61,17.54
EL303,EL,Kentrikos Tomeas Athinon,2025,977993.0,47.98,52.02,10.57,9.83,27.16,29.78,18.84
EL304,EL,Notios Tomeas Athinon,2025,516991.0,46.79,53.21,12.28,9.65,23.33,31.08,19.88
EL305,EL,Anatoliki Attiki,2025,536875.0,49.66,50.34,14.58,12.25,22.46,30.23,17.78
EL306,EL,Dytiki Attiki,2025,164369.0,50.24,49.76,16.59,11.8,25.48,28.37,15.49
EL307,EL,"Peiraias, Nisoi",2025,513445.0,48.91,51.09,12.34,10.12,24.6,30.54,19.09
EL411,EL,"Lesvos, Limnos",2025,112520.0,54.22,45.78,14.29,14.74,24.15,24.82,17.85
EL412,EL,"Ikaria, Samos",2025,43010.0,54.02,45.98,11.03,13.91,22.55,26.24,21.61
EL413,EL,Chios,2025,52397.0,51.08,48.92,12.65,12.0,23.7,27.14,20.27
EL421,EL,"Kalymnos, Karpathos, Kasos, Kos, Rodos",2025,211087.0,51.67,48.33,14.51,12.25,25.75,27.61,17.33
EL422,EL,"Andros, Thira, Kea, Milos, Mykonos, Naxos, Paros,  Syros, Tinos",2025,115949.0,49.41,50.59,15.69,8.65,22.9,30.02,19.31
EL431,EL,Irakleio,2025,301598.0,48.92,51.08,15.28,10.99,24.12,28.8,17.42
EL432,EL,Lasithi,2025,77131.0,50.07,49.93,13.17,8.87,23.47,28.09,20.33
EL433,EL,Rethymni,2025,85716.0,49.04,50.96,15.99,13.71,24.14,27.5,15.44
EL434,EL,Chania,2025,156676.0,50.11,49.89,15.02,10.01,24.49,29.38,17.77
EL511,EL,Evros,2025,136419.0,52.79,47.21,12.02,14.66,22.64,25.8,20.36
EL512,EL,Xanthi,2025,107954.0,50.06,49.94,14.59,13.23,24.5,28.1,16.92
EL513,EL,Rodopi,2025,106838.0,49.09,50.91,10.93,16.01,21.95,27.56,19.89
EL514,EL,Drama,2025,89067.0,49.91,50.09,12.82,10.59,22.17,28.33,20.72
EL515,EL,"Thasos, Kavala",2025,124917.0,48.45,51.55,12.62,8.94,21.29,30.77,21.58
EL521,EL,Imathia,2025,129663.0,49.63,50.37,13.03,10.77,21.32,29.25,21.38
EL522,EL,Thessaloniki,2025,1081843.0,47.59,52.41,12.68,11.63,23.61,30.21,18.46
EL523,EL,Kilkis,2025,69858.0,50.27,49.73,12.43,10.43,21.5,29.09,20.93
EL524,EL,Pella,2025,120515.0,49.04,50.96,12.79,8.74,21.44,30.99,21.59
EL525,EL,Pieria,2025,115101.0,48.81,51.19,13.09,9.61,21.05,30.58,21.41
EL526,EL,Serres,2025,154728.0,50.35,49.65,11.53,10.65,20.83,28.12,23.53
EL527,EL,Chalkidiki,2025,100692.0,49.92,50.08,13.0,9.27,22.14,30.75,21.1
EL531,EL,"Grevena, Kozani",2025,156828.0,49.99,50.01,11.58,10.13,20.49,30.74,21.92
EL532,EL,Kastoria,2025,43827.0,49.68,50.32,10.82,8.79,19.89,32.01,23.63
EL533,EL,Florina,2025,42920.0,48.74,51.26,11.94,11.57,21.28,30.15,20.59
EL541,EL,"Arta, Preveza",2025,115007.0,49.55,50.45,11.62,8.54,19.37,28.91,25.79
EL542,EL,Thesprotia,2025,40170.0,49.8,50.2,11.92,8.01,20.3,28.86,25.65
EL543,EL,Ioannina,2025,168884.0,49.92,50.08,12.49,13.51,21.91,26.71,20.69
EL611,EL,"Karditsa, Trikala",2025,222314.0,49.62,50.38,11.74,9.07,20.27,29.41,24.04
EL612,EL,Larisa,2025,266074.0,49.79,50.21,13.6,10.96,22.11,29.3,19.91
EL613,EL,"Magnisia, Sporades",2025,187652.0,48.6,51.4,12.63,11.0,21.85,29.65,21.0
EL621,EL,Zakynthos,2025,40121.0,49.11,50.89,15.33,9.0,23.75,30.52,18.27
EL622,EL,Kerkyra,2025,97697.0,48.94,51.06,12.96,8.57,22.1,30.74,22.13
EL623,EL,"Ithaki, Kefallinia",2025,38451.0,49.56,50.44,13.03,9.22,21.63,29.73,21.21
EL624,EL,Lefkada,2025,22152.0,50.21,49.79,13.8,8.47,22.14,29.41,21.75
EL631,EL,Aitoloakarnania,2025,183720.0,49.89,50.11,13.14,9.12,20.68,29.96,22.16
EL632,EL,Achaia,2025,299689.0,49.12,50.88,13.21,13.59,22.14,28.64,18.88
EL633,EL,Ileia,2025,152545.0,53.64,46.36,11.88,9.42,24.74,28.04,21.51
EL641,EL,Voiotia,2025,108187.0,51.71,48.29,13.69,10.41,23.03,29.66,19.38
EL642,EL,Evvoia,2025,211850.0,50.55,49.45,13.26,10.14,22.79,29.15,20.6
EL643,EL,Evrytania,2025,17532.0,50.54,49.46,9.14,7.07,18.27,28.3,28.13
EL644,EL,Fthiotida,2025,132394.0,49.41,50.59,11.43,8.96,20.18,30.85,23.26
EL645,EL,Fokida,2025,37205.0,50.21,49.79,9.63,7.68,20.44,29.32,26.38
EL651,EL,"Argolida, Arkadia",2025,166075.0,50.13,49.87,12.08,8.73,20.95,30.62,22.5
EL652,EL,Korinthia,2025,136714.0,49.96,50.04,13.14,9.66,21.56,29.85,21.76
EL653,EL,"Lakonia, Messinia",2025,226376.0,50.57,49.43,11.73,9.17,21.55,29.53,22.65
ES111,ES,A Coruña,2025,1135623.0,47.96,52.04,10.94,9.04,21.96,31.78,21.65
ES112,ES,Lugo,2025,326022.0,48.53,51.47,9.88,7.86,21.0,31.01,23.74
ES113,ES,Ourense,2025,305278.0,48.04,51.96,9.27,8.03,20.18,30.26,25.33
ES114,ES,Pontevedra,2025,947818.0,48.25,51.75,11.13,9.68,22.28,32.2,20.62
ES120,ES,Asturias,2025,1015128.0,47.73,52.27,9.8,8.57,20.43,32.83,23.64
ES130,ES,Cantabria,2025,593623.0,48.42,51.58,11.37,10.11,21.83,32.17,20.63
ES211,ES,Araba/Álava,2025,341961.0,49.25,50.75,13.24,10.18,22.62,31.11,19.24
ES212,ES,Gipuzkoa,2025,733149.0,48.88,51.12,12.49,10.86,21.99,30.63,20.2
ES213,ES,Bizkaia,2025,1167233.0,48.4,51.6,11.6,10.1,22.21,31.42,20.53
ES220,ES,Navarra,2025,683854.0,49.55,50.45,13.92,11.5,23.56,30.03,17.62
ES230,ES,La Rioja,2025,326803.0,49.32,50.68,13.03,10.68,22.92,30.88,18.78
ES241,ES,Huesca,2025,230087.0,50.92,49.08,12.69,10.25,23.35,30.47,18.88
ES242,ES,Teruel,2025,136091.0,50.96,49.04,12.46,9.99,22.83,30.06,19.7
ES243,ES,Zaragoza,2025,998443.0,49.1,50.9,12.83,10.72,23.64,30.64,18.49
ES300,ES,Madrid,2025,7113886.0,47.9,52.1,13.27,11.29,26.66,29.91,15.9
ES411,ES,Ávila,2025,160738.0,50.25,49.75,11.28,9.44,20.73,31.37,21.72
ES412,ES,Burgos,2025,362663.0,50.04,49.96,11.67,9.89,21.65,31.18,20.92
ES413,ES,León,2025,448030.0,48.68,51.32,9.76,8.53,20.43,31.88,23.37
ES414,ES,Palencia,2025,158702.0,49.65,50.35,10.69,8.78,21.02,31.31,23.16
ES415,ES,Salamanca,2025,328446.0,48.45,51.55,10.37,9.52,20.97,30.77,22.41
ES416,ES,Segovia,2025,158251.0,50.18,49.82,12.02,10.19,22.54,31.46,19.08
ES417,ES,Soria,2025,90183.0,50.83,49.17,11.61,9.82,21.89,30.64,20.24
ES418,ES,Valladolid,2025,528644.0,48.69,51.31,11.78,9.92,21.29,31.86,21.06
ES419,ES,Zamora,2025,165564.0,49.51,50.49,8.83,8.01,19.37,31.11,25.48
ES421,ES,Albacete,2025,390751.0,50.19,49.81,12.88,10.94,24.18,31.15,17.4
ES422,ES,Ciudad Real,2025,494848.0,49.62,50.38,12.82,10.73,24.07,30.56,18.2
ES423,ES,Cuenca,2025,199859.0,50.52,49.48,11.8,10.24,23.8,30.57,18.94
ES424,ES,Guadalajara,2025,285839.0,50.83,49.17,14.31,11.69,25.62,31.41,14.09
ES425,ES,Toledo,2025,755081.0,50.27,49.73,14.77,11.52,24.8,30.14,15.64
ES431,ES,Badajoz,2025,665155.0,49.34,50.66,12.88,10.71,23.92,30.97,18.12
ES432,ES,Cáceres,2025,388190.0,49.53,50.47,11.2,9.76,22.15,31.53,20.61
ES511,ES,Barcelona,2025,5959941.0,48.94,51.06,13.05,11.4,26.37,29.48,16.64
ES512,ES,Girona,2025,830429.0,50.14,49.86,14.2,11.7,25.26,29.65,16.47
ES513,ES,Lleida,2025,458226.0,51.38,48.62,13.63,11.37,24.59,30.3,16.77
ES514,ES,Tarragona,2025,875530.0,50.07,49.93,13.9,11.47,24.35,30.14,17.28
ES521,ES,Alicante/Alacant,2025,2033566.0,49.45,50.55,13.26,10.93,24.41,30.44,18.28
ES522,ES,Castellón/Castelló,2025,627620.0,49.73,50.27,13.43,11.07,24.12,31.05,17.38
ES523,ES,Valencia/València,2025,2763996.0,48.94,51.06,13.03,11.28,25.04,30.66,17.17
ES531,ES,Eivissa y Formentera,2025,175955.0,50.97,49.03,12.76,9.75,33.62,30.19,12.09
ES532,ES,Mallorca,2025,971068.0,49.61,50.39,13.53,11.25,28.06,29.91,14.94
ES533,ES,Menorca,2025,102821.0,49.83,50.17,12.18,11.32,26.89,31.23,15.97
ES611,ES,Almería,2025,770554.0,51.05,48.95,15.59,11.59,27.34,29.16,14.37
ES612,ES,Cádiz,2025,1261420.0,49.2,50.8,13.4,11.71,24.18,31.47,16.97
ES613,ES,Córdoba,2025,773163.0,48.88,51.12,13.0,11.05,23.74,30.62,18.19
ES614,ES,Granada,2025,945797.0,49.16,50.84,13.39,11.36,25.07,30.24,17.12
ES615,ES,Huelva,2025,538789.0,49.63,50.37,13.54,11.36,25.52,31.11,16.07
ES616,ES,Jaén,2025,618143.0,49.5,50.5,12.6,11.08,24.02,30.8,18.05
ES617,ES,Málaga,2025,1791183.0,48.83,51.17,13.68,11.17,25.55,30.64,16.67
ES618,ES,Sevilla,2025,1977664.0,48.76,51.24,14.08,11.96,24.71,30.87,16.03
ES620,ES,Murcia,2025,1586989.0,50.09,49.91,15.34,12.32,25.69,29.63,14.67
ES630,ES,Ceuta,2025,83567.0,50.43,49.57,16.95,14.5,26.89,27.97,12.19
ES640,ES,Melilla,2025,87067.0,50.27,49.73,19.57,14.5,27.31,25.94,11.36
ES703,ES,El Hierro,2025,11993.0,50.51,49.49,10.51,9.74,25.56,31.24,18.96
ES704,ES,Fuerteventura,2025,129080.0,51.14,48.86,13.11,11.63,29.75,32.48,12.03
ES705,ES,Gran Canaria,2025,875589.0,49.31,50.69,10.7,11.09,25.97,33.62,16.34
ES706,ES,La Gomera,2025,22560.0,50.8,49.2,8.84,9.98,23.01,34.02,20.44
ES707,ES,La Palma,2025,86297.0,49.44,50.56,10.18,10.18,24.75,32.98,18.45
ES708,ES,Lanzarote,2025,166878.0,50.3,49.7,12.84,11.82,28.82,32.25,12.97
ES709,ES,Tenerife,2025,966469.0,48.93,51.07,11.23,10.79,26.64,32.71,16.29
FI193,FI,Keski-Suomi,2023,274556.0,49.83,50.17,14.83,12.02,24.52,24.07,21.55
FI194,FI,Etelä-Pohjanmaa,2023,186368.0,49.95,50.05,15.85,10.64,22.1,24.64,23.17
FI195,FI,Pohjanmaa,2023,180729.0,50.73,49.27,16.57,12.0,24.33,23.25,20.46
FI196,FI,Satakunta,2025,211261.0,49.66,50.34,13.39,10.02,22.37,25.32,24.93
FI197,FI,Pirkanmaa,2023,530552.0,49.29,50.71,14.87,11.85,27.23,23.75,19.46
FI1B1,FI,Helsinki-Uusimaa,2025,1782300.0,49.11,50.89,15.43,11.14,30.27,24.77,16.22
FI1C1,FI,Varsinais-Suomi,2025,494819.0,49.14,50.86,13.82,11.47,26.01,24.45,21.0
FI1C2,FI,Kanta-Häme,2025,169455.0,49.5,50.5,13.62,10.27,22.19,26.38,23.99
FI1C3,FI,Päijät-Häme,2023,198024.0,48.88,51.12,13.73,9.97,22.42,25.95,24.6
FI1C4,FI,Kymenlaakso,2023,165992.0,49.57,50.43,12.63,9.19,21.08,27.27,26.07
FI1C5,FI,Etelä-Karjala,2025,125083.0,50.12,49.88,12.12,10.93,21.84,25.7,25.37
FI1D1,FI,Etelä-Savo,2023,138052.0,49.53,50.47,11.88,8.94,19.13,26.85,28.95
FI1D2,FI,Pohjois-Savo,2023,243149.0,49.44,50.56,13.99,10.77,23.48,25.08,23.4
FI1D3,FI,Pohjois-Karjala,2023,159479.0,49.79,50.21,13.29,11.15,22.84,24.57,24.79
FI1D5,FI,Keski-Pohjanmaa,2025,67723.0,50.04,49.96,17.45,11.48,22.9,23.19,21.79
FI1D7,FI,Lappi,2025,176151.0,50.07,49.93,13.85,10.25,23.6,24.55,24.26
FI1D8,FI,Kainuu,2025,69639.0,50.75,49.25,12.72,9.71,21.14,25.17,27.38
FI1D9,FI,Pohjois-Pohjanmaa,2025,418331.0,50.54,49.46,17.06,13.21,25.16,23.04,18.84
FI200,FI,Åland,2025,30654.0,49.53,50.47,15.83,9.37,24.0,26.28,21.45
FR101,FR,Paris,2025,2065560.0,46.99,53.01,11.73,13.9,31.86,23.72,15.64
FR102,FR,Seine-et-Marne,2025,1490900.0,48.78,51.22,19.56,12.91,26.36,24.98,13.95
FR103,FR,Yvelines,2025,1504565.0,48.72,51.28,18.97,12.4,25.41,25.62,14.66
FR104,FR,Essonne,2025,1356114.0,49.17,50.83,19.49,13.28,26.39,24.62,13.55
FR105,FR,Hauts-de-Seine,2025,1668275.0,47.85,52.15,16.62,12.73,29.21,24.94,13.57
FR106,FR,Seine-Saint-Denis,2025,1731789.0,49.85,50.15,19.8,14.2,28.95,23.49,11.71
FR107,FR,Val-de-Marne,2025,1434875.0,48.27,51.73,17.31,13.55,28.26,24.31,13.79
FR108,FR,Val-d’Oise,2025,1297210.0,48.71,51.29,20.21,13.38,26.83,24.2,13.22
FRB01,FR,Cher,2025,296293.0,49.0,51.0,15.01,10.24,21.13,26.06,23.08
FRB02,FR,Eure-et-Loir,2025,433124.0,48.93,51.07,17.97,10.7,22.75,26.21,18.9
FRB03,FR,Indre,2025,213862.0,48.19,51.81,13.89,9.37,19.35,27.06,25.16
FRB04,FR,Indre-et-Loire,2025,622694.0,48.08,51.92,15.82,12.52,23.42,24.68,19.49
FRB05,FR,Loir-et-Cher,2025,327403.0,48.66,51.34,15.66,9.91,21.08,26.46,22.29
FRB06,FR,Loiret,2025,694930.0,48.91,51.09,17.66,12.07,23.47,24.94,18.4
FRC11,FR,Côte-d’Or,2025,541658.0,48.58,51.42,15.02,13.33,24.1,24.68,19.19
FRC12,FR,Nièvre,2025,200188.0,48.38,51.62,13.59,9.39,19.22,26.44,26.08
FRC13,FR,Saône-et-Loire,2025,548844.0,48.96,51.04,15.24,9.67,20.75,26.42,23.34
FRC14,FR,Yonne,2025,330630.0,48.98,51.02,15.86,9.75,21.1,26.69,22.36
FRC21,FR,Doubs,2025,546727.0,49.02,50.98,16.92,12.87,24.24,24.57,17.95
FRC22,FR,Jura,2025,256902.0,49.16,50.84,15.78,9.82,21.95,26.73,21.58
FRC23,FR,Haute-Saône,2025,231818.0,49.43,50.57,15.78,9.93,21.33,27.31,22.04
FRC24,FR,Territoire de Belfort,2025,140111.0,49.68,50.32,16.67,12.36,23.8,25.41,18.38
FRD11,FR,Calvados,2025,715481.0,48.16,51.84,15.57,12.56,22.83,24.94,20.39
FRD12,FR,Manche,2025,497928.0,48.93,51.07,15.17,9.68,21.37,26.35,22.75
FRD13,FR,Orne,2025,272627.0,49.02,50.98,15.13,10.16,20.02,26.28,23.45
FRD21,FR,Eure,2025,603417.0,48.9,51.1,18.04,10.86,23.11,26.32,18.63
FRD22,FR,Seine-Maritime,2025,1261529.0,48.07,51.93,16.96,12.44,24.06,24.35,18.66
FRE11,FR,Nord,2025,2613781.0,48.42,51.58,17.6,13.75,25.4,24.15,16.28
FRE12,FR,Pas-de-Calais,2025,1451976.0,48.56,51.44,17.64,11.95,23.65,25.44,18.31
FRE21,FR,Aisne,2025,518583.0,49.01,50.99,17.58,11.19,22.91,25.63,19.4
FRE22,FR,Oise,2025,827928.0,49.17,50.83,18.91,11.82,24.37,25.92,16.39
FRE23,FR,Somme,2025,562179.0,48.67,51.33,16.13,12.82,23.52,25.15,19.17
FRF11,FR,Bas-Rhin,2025,1170953.0,48.76,51.24,15.57,12.58,25.57,25.71,17.53
FRF12,FR,Haut-Rhin,2025,770773.0,49.32,50.68,16.01,10.83,23.81,27.03,18.99
FRF21,FR,Ardennes,2025,262992.0,49.04,50.96,16.45,10.66,22.09,26.5,20.71
FRF22,FR,Aube,2025,308734.0,48.98,51.02,16.8,11.89,22.88,24.95,19.74
FRF23,FR,Marne,2025,558750.0,48.3,51.7,16.1,13.04,24.2,24.66,18.66
FRF24,FR,Haute-Marne,2025,165884.0,49.33,50.67,14.93,10.24,21.22,26.15,23.1
FRF31,FR,Meurthe-et-Moselle,2025,730103.0,48.71,51.29,15.73,13.51,24.84,24.6,18.0
FRF32,FR,Meuse,2025,178205.0,49.82,50.18,15.5,10.44,21.76,26.48,21.88
FRF33,FR,Moselle,2025,1050255.0,49.07,50.93,15.85,10.92,24.91,26.29,18.8
FRF34,FR,Vosges,2025,353506.0,48.94,51.06,14.7,10.19,21.2,26.98,22.83
FRG01,FR,Loire-Atlantique,2025,1510599.0,48.88,51.12,17.19,12.41,25.96,24.5,16.78
FRG02,FR,Maine-et-Loire,2025,840296.0,48.75,51.25,17.03,13.46,23.11,24.44,18.03
FRG03,FR,Mayenne,2025,304181.0,49.55,50.45,17.0,11.42,21.88,25.68,19.76
FRG04,FR,Sarthe,2025,565403.0,48.84,51.16,16.75,11.72,21.9,25.58,19.96
FRG05,FR,Vendée,2025,724880.0,49.13,50.87,15.39,10.22,20.92,26.2,23.22
FRH01,FR,Côtes-d’Armor,2025,615540.0,48.5,51.5,15.19,9.87,20.05,26.64,23.91
FRH02,FR,Finistère,2025,941086.0,48.74,51.26,14.81,11.03,22.03,26.43,21.63
FRH03,FR,Ille-et-Vilaine,2025,1138869.0,48.96,51.04,17.08,13.73,25.44,24.41,16.1
FRH04,FR,Morbihan,2025,793757.0,48.62,51.38,14.85,10.05,20.78,26.62,23.52
FRI11,FR,Dordogne,2025,420008.0,48.33,51.67,13.27,8.59,19.08,27.7,26.46
FRI12,FR,Gironde,2025,1720562.0,48.11,51.89,15.65,12.52,25.85,25.1,17.56
FRI13,FR,Landes,2025,442133.0,48.58,51.42,14.76,9.01,21.4,27.67,23.15
FRI14,FR,Lot-et-Garonne,2025,334995.0,48.51,51.49,15.22,9.57,20.82,26.19,23.39
FRI15,FR,Pyrénées-Atlantiques,2025,717461.0,48.14,51.86,14.42,10.21,22.63,26.68,21.56
FRI21,FR,Corrèze,2025,241274.0,49.07,50.93,13.72,9.46,20.8,26.61,24.3
FRI22,FR,Creuse,2025,115156.0,49.19,50.81,13.02,8.58,18.45,27.62,26.98
FRI23,FR,Haute-Vienne,2025,372794.0,48.08,51.92,14.29,11.86,21.53,25.55,22.23
FRI31,FR,Charente,2025,352677.0,48.8,51.2,14.35,10.02,21.24,26.65,23.08
FRI32,FR,Charente-Maritime,2025,681647.0,48.1,51.9,13.6,9.59,20.08,26.26,25.89
FRI33,FR,Deux-Sèvres,2025,374840.0,49.31,50.69,15.72,10.39,21.57,26.82,21.2
FRI34,FR,Vienne,2025,437292.0,48.43,51.57,15.36,13.43,22.34,24.84,19.86
FRJ11,FR,Aude,2025,381336.0,48.16,51.84,14.6,9.69,20.23,26.94,24.28
FRJ12,FR,Gard,2025,781438.0,48.46,51.54,16.04,10.71,21.7,26.32,21.52
FRJ13,FR,Hérault,2025,1253088.0,47.65,52.35,15.25,12.72,24.05,24.59,19.74
FRJ14,FR,Lozère,2025,76409.0,50.08,49.92,13.75,10.43,20.09,27.52,23.62
FRJ15,FR,Pyrénées-Orientales,2025,505299.0,47.53,52.47,15.06,10.06,20.47,26.26,23.75
FRJ21,FR,Ariège,2025,156586.0,48.93,51.07,14.08,9.46,20.95,26.97,23.94
FRJ22,FR,Aveyron,2025,278691.0,49.45,50.55,14.28,9.09,20.65,27.13,23.82
FRJ23,FR,Haute-Garonne,2025,1503240.0,48.91,51.09,16.11,14.16,27.86,24.17,14.78
FRJ24,FR,Gers,2025,192442.0,48.87,51.13,14.14,8.81,19.28,28.05,24.57
FRJ25,FR,Lot,2025,177068.0,48.74,51.26,12.95,8.15,18.94,27.32,27.31
FRJ26,FR,Hautes-Pyrénées,2025,232066.0,48.65,51.35,13.75,9.99,20.71,26.75,23.84
FRJ27,FR,Tarn,2025,400746.0,48.34,51.66,15.06,10.21,20.77,26.67,22.44
FRJ28,FR,Tarn-et-Garonne,2025,267166.0,48.95,51.05,17.02,10.52,21.84,26.71,20.2
FRK11,FR,Allier,2025,331209.0,48.38,51.62,14.31,9.49,20.26,26.45,24.28
FRK12,FR,Cantal,2025,143843.0,49.21,50.79,13.04,9.09,19.24,27.81,25.71
FRK13,FR,Haute-Loire,2025,229071.0,49.52,50.48,15.5,9.72,21.03,27.17,22.57
FRK14,FR,Puy-de-Dôme,2025,664318.0,48.65,51.35,15.13,12.37,23.42,25.3,19.98
FRK21,FR,Ain,2025,692166.0,49.44,50.56,18.87,10.65,25.15,25.87,16.72
FRK22,FR,Ardèche,2025,336759.0,48.94,51.06,15.49,9.2,20.87,27.32,23.02
FRK23,FR,Drôme,2025,527156.0,48.64,51.36,16.75,10.33,22.77,25.93,20.47
FRK24,FR,Isère,2025,1310648.0,49.29,50.71,17.42,12.4,24.63,25.35,17.17
FRK25,FR,Loire,2025,776329.0,48.67,51.33,17.0,12.12,22.51,24.65,19.6
FRK26,FR,Rhône,2025,1929521.0,48.32,51.68,16.97,14.41,27.19,23.22,14.98
FRK27,FR,Savoie,2025,452844.0,49.32,50.68,15.8,11.12,24.11,26.2,19.27
FRK28,FR,Haute-Savoie,2025,876224.0,49.17,50.83,17.9,10.34,27.71,25.79,15.62
FRL01,FR,Alpes-de-Haute-Provence,2025,169563.0,48.6,51.4,15.03,8.87,20.7,27.15,23.99
FRL02,FR,Hautes-Alpes,2025,145091.0,48.93,51.07,14.68,8.84,21.9,26.86,23.15
FRL03,FR,Alpes-Maritimes,2025,1145510.0,47.44,52.56,14.68,10.58,22.92,26.15,20.88
FRL04,FR,Bouches-du-Rhône,2025,2108963.0,47.95,52.05,16.14,11.9,24.71,25.02,18.49
FRL05,FR,Var,2025,1139050.0,48.14,51.86,14.63,9.52,21.81,25.9,23.61
FRL06,FR,Vaucluse,2025,576948.0,48.17,51.83,16.22,10.49,22.23,26.24,20.95
FRM01,FR,Corse-du-Sud,2025,172854.0,48.24,51.76,15.6,8.28,24.0,26.48,21.87
FRM02,FR,Haute-Corse,2025,189399.0,48.63,51.37,13.54,10.66,22.93,26.96,22.14
FRY10,FR,Guadeloupe,2025,413791.0,45.82,54.18,16.01,10.89,19.69,29.64,20.75
FRY20,FR,Martinique,2025,359419.0,45.71,54.29,14.85,9.75,19.62,30.02,22.19
FRY30,FR,Guyane,2025,297455.0,48.31,51.69,30.37,16.47,26.31,19.15,7.05
FRY40,FR,La Réunion,2025,904180.0,47.59,52.41,20.65,12.68,23.85,27.09,13.99
FRY50,FR,Mayotte,2025,329208.0,47.66,52.34,43.76,16.44,25.72,11.41,2.45
HR021,HR,Bjelovarsko-bilogorska županija,2025,98266.0,49.12,50.88,14.13,10.36,22.81,27.8,22.43
HR022,HR,Virovitičko-podravska županija,2025,67221.0,48.78,51.22,13.71,10.68,23.11,28.78,21.64
HR023,HR,Požeško-slavonska županija,2025,60594.0,48.82,51.18,13.98,11.19,22.3,27.96,22.18
HR024,HR,Brodsko-posavska županija,2025,125978.0,49.69,50.31,13.7,11.3,22.96,27.85,21.74
HR025,HR,Osječko-baranjska županija,2025,249734.0,48.47,51.53,13.49,10.37,24.23,28.33,21.45
HR026,HR,Vukovarsko-srijemska županija,2025,136797.0,48.83,51.17,13.65,11.3,22.37,28.1,22.22
HR027,HR,Karlovačka županija,2025,109561.0,49.1,50.9,12.49,9.7,23.28,28.86,22.69
HR028,HR,Sisačko-moslavačka županija,2025,134008.0,49.46,50.54,12.73,10.05,22.64,28.64,23.4
HR031,HR,Primorsko-goranska županija,2025,265990.0,48.37,51.63,11.92,8.94,24.41,28.13,23.68
HR032,HR,Ličko-senjska županija,2025,43200.0,49.95,50.05,12.97,9.6,23.31,28.3,22.46
HR033,HR,Zadarska županija,2025,165766.0,49.52,50.48,14.12,10.38,24.78,26.29,21.88
HR034,HR,Šibensko-kninska županija,2025,95898.0,49.61,50.39,12.57,9.42,22.39,27.04,25.04
HR035,HR,Splitsko-dalmatinska županija,2025,430526.0,48.83,51.17,14.25,10.87,25.5,26.63,20.24
HR036,HR,Istarska županija,2025,204709.0,49.15,50.85,12.4,9.19,25.28,28.34,21.96
HR037,HR,Dubrovačko-neretvanska županija,2025,116393.0,49.33,50.67,14.73,10.07,25.28,26.32,20.68
HR050,HR,Grad Zagreb,2025,777359.0,47.67,52.33,14.58,9.77,28.66,26.25,18.35
HR061,HR,Međimurska županija,2025,105003.0,49.57,50.43,15.66,11.02,24.85,26.55,19.77
HR062,HR,Varaždinska županija,2025,158860.0,49.64,50.36,13.06,10.8,25.87,28.52,19.59
HR063,HR,Koprivničko-križevačka županija,2025,99203.0,49.34,50.66,14.22,10.72,23.81,28.27,20.89
HR064,HR,Krapinsko-zagorska županija,2025,119320.0,49.35,50.65,13.34,10.34,25.36,29.06,19.69
HR065,HR,Zagrebačka županija,2025,309964.0,49.54,50.46,14.27,10.7,26.12,27.15,19.61
HU110,HU,Budapest,2025,1685209.0,47.06,52.94,12.26,10.57,28.67,27.7,18.44
HU120,HU,Pest,2025,1336134.0,48.72,51.28,16.45,10.72,25.46,29.37,16.39
HU211,HU,Fejér,2025,418562.0,48.97,51.03,14.67,9.97,25.35,29.44,18.72
HU212,HU,Komárom-Esztergom,2025,299262.0,48.78,51.22,14.42,10.22,26.06,29.33,18.14
HU213,HU,Veszprém,2025,333345.0,48.57,51.43,13.55,10.05,23.68,29.97,20.62
HU221,HU,Győr-Moson-Sopron,2025,471648.0,48.79,51.21,14.73,10.39,26.36,29.04,17.7
HU222,HU,Vas,2025,245598.0,48.56,51.44,13.41,9.54,24.48,30.5,20.1
HU223,HU,Zala,2025,257371.0,48.2,51.8,12.22,9.08,22.2,31.42,22.8
HU231,HU,Baranya,2025,351158.0,47.72,52.28,13.04,11.22,23.73,29.04,20.65
HU232,HU,Somogy,2025,290245.0,48.16,51.84,13.32,9.66,22.66,30.2,22.08
HU233,HU,Tolna,2025,204567.0,48.57,51.43,13.97,9.57,23.43,29.65,21.2
HU311,HU,Borsod-Abaúj-Zemplén,2025,610927.0,48.45,51.55,16.36,11.01,24.86,27.69,18.25
HU312,HU,Heves,2025,282490.0,48.14,51.86,14.42,10.64,24.21,28.6,20.01
HU313,HU,Nógrád,2025,178815.0,48.69,51.31,14.47,10.39,23.44,29.33,20.33
HU321,HU,Hajdú-Bihar,2025,520129.0,48.83,51.17,15.08,11.94,25.6,27.64,17.84
HU322,HU,Jász-Nagykun-Szolnok,2025,349726.0,48.73,51.27,14.95,10.52,24.21,28.51,19.63
HU323,HU,Szabolcs-Szatmár-Bereg,2025,520551.0,48.67,51.33,16.38,11.52,25.3,28.15,17.18
HU331,HU,Bács-Kiskun,2025,488547.0,48.52,51.48,14.58,10.18,24.12,29.14,19.86
HU332,HU,Békés,2025,307112.0,48.3,51.7,13.2,9.82,22.82,30.01,21.79
HU333,HU,Csongrád,2025,388106.0,48.04,51.96,13.26,10.96,25.09,28.44,20.03
IE041,IE,Border,2025,441940.0,49.87,50.13,20.01,12.72,23.45,26.29,15.69
IE042,IE,West,2025,516985.0,50.18,49.82,17.94,12.8,26.1,25.71,15.44
IE051,IE,Mid-West,2025,540371.0,49.25,50.75,17.86,13.31,25.79,25.86,15.35
IE052,IE,South-East,2025,485195.0,49.07,50.93,18.56,13.55,24.62,26.41,15.04
IE053,IE,South-West,2025,780376.0,49.29,50.71,17.7,12.72,26.37,26.36,14.97
IE061,IE,Dublin,2025,1556255.0,49.22,50.78,17.95,11.43,32.48,24.29,12.13
IE062,IE,Mid-East,2025,787287.0,49.64,50.36,19.98,13.87,24.98,26.85,12.92
IE063,IE,Midland,2025,331869.0,49.73,50.27,18.89,13.7,25.54,26.4,13.89
IS001,IS,Höfuðborgarsvæði,2025,249054.0,50.84,49.16,17.84,12.95,30.34,23.48,13.66
IS002,IS,Landsbyggð,2025,140390.0,52.09,47.91,17.99,13.01,29.16,23.14,15.02
ITC11,IT,Torino,2025,2204276.0,48.68,51.32,11.21,9.59,21.87,30.7,21.92
ITC12,IT,Vercelli,2025,165910.0,49.01,50.99,10.71,9.11,20.81,31.1,23.09
ITC13,IT,Biella,2025,168328.0,48.51,51.49,9.66,9.0,19.13,31.87,24.74
ITC14,IT,Verbano-Cusio-Ossola,2025,153283.0,48.78,51.22,9.91,9.14,19.81,32.39,23.71
ITC15,IT,Novara,2025,364140.0,48.99,51.01,11.76,9.76,21.86,31.34,20.9
ITC16,IT,Cuneo,2025,581526.0,49.81,50.19,12.33,9.9,22.38,29.99,21.06
ITC17,IT,Asti,2025,207203.0,49.24,50.76,11.05,9.52,20.58,31.16,22.77
ITC18,IT,Alessandria,2025,407202.0,49.0,51.0,10.3,8.92,20.32,31.69,23.56
ITC20,IT,Valle d’Aosta/Vallée d’Aoste,2025,122532.0,49.1,50.9,11.37,10.07,20.85,31.88,21.57
ITC31,IT,Imperia,2025,209348.0,48.75,51.25,10.6,8.95,20.64,31.09,23.52
ITC32,IT,Savona,2025,267064.0,48.44,51.56,9.82,9.1,18.89,31.95,24.32
ITC33,IT,Genova,2025,818812.0,48.22,51.78,10.32,9.11,20.34,30.92,23.58
ITC34,IT,La Spezia,2025,214919.0,48.94,51.06,10.57,8.93,20.79,31.7,22.8
ITC41,IT,Varese,2025,882592.0,48.9,51.1,12.07,9.91,21.78,31.19,20.72
ITC42,IT,Como,2025,598191.0,49.31,50.69,11.92,9.87,22.2,31.54,20.36
ITC43,IT,Lecco,2025,333747.0,49.55,50.45,11.83,10.18,21.31,31.01,21.43
ITC44,IT,Sondrio,2025,179100.0,49.44,50.56,11.92,9.74,21.56,30.98,21.52
ITC46,IT,Bergamo,2025,1114780.0,49.84,50.16,12.67,10.78,22.57,31.09,19.44
ITC47,IT,Brescia,2025,1265884.0,49.71,50.29,12.57,10.51,22.75,30.99,19.46
ITC48,IT,Pavia,2025,541949.0,49.3,50.7,11.45,9.44,22.03,31.7,20.91
ITC49,IT,Lodi,2025,230250.0,49.86,50.14,12.68,10.14,22.83,31.32,19.49
ITC4A,IT,Cremona,2025,353923.0,49.71,50.29,11.79,9.7,22.02,30.93,21.21
ITC4B,IT,Mantova,2025,407744.0,49.64,50.36,12.08,9.72,22.07,31.41,20.45
ITC4C,IT,Milano,2025,3246455.0,48.88,51.12,12.13,9.96,24.21,30.51,18.98
ITC4D,IT,Monza e della Brianza,2025,879303.0,49.12,50.88,12.46,10.09,22.25,31.34,19.84
ITF11,IT,L’Aquila,2025,286706.0,49.86,50.14,11.09,9.04,22.16,30.77,22.56
ITF12,IT,Teramo,2025,300049.0,49.19,50.81,11.51,9.57,22.44,31.18,21.05
ITF13,IT,Pescara,2025,311876.0,48.45,51.55,11.84,9.85,21.77,31.28,20.86
ITF14,IT,Chieti,2025,370487.0,49.01,50.99,11.19,9.43,21.76,30.82,22.29
ITF21,IT,Isernia,2025,78755.0,49.96,50.04,10.45,8.93,22.35,30.2,23.1
ITF22,IT,Campobasso,2025,209059.0,49.53,50.47,10.41,9.54,22.2,30.84,22.24
ITF31,IT,Caserta,2025,908451.0,49.12,50.88,13.77,11.53,24.9,30.04,17.32
ITF32,IT,Benevento,2025,259809.0,49.16,50.84,11.38,10.1,22.86,30.54,20.78
ITF33,IT,Napoli,2025,2963633.0,48.62,51.38,13.82,11.83,24.17,29.7,18.08
ITF34,IT,Avellino,2025,395072.0,49.31,50.69,11.24,10.09,23.27,30.97,20.45
ITF35,IT,Salerno,2025,1055372.0,49.16,50.84,12.47,10.41,23.61,30.26,19.74
ITF43,IT,Taranto,2025,550436.0,48.72,51.28,11.59,10.33,21.8,30.64,21.83
ITF44,IT,Brindisi,2025,375567.0,48.51,51.49,11.31,9.97,22.26,30.79,21.78
ITF45,IT,Lecce,2025,764491.0,48.24,51.76,11.15,9.91,21.6,30.8,22.17
ITF46,IT,Foggia,2025,590263.0,49.54,50.46,12.31,11.05,23.14,29.72,20.09
ITF47,IT,Bari,2025,1219545.0,48.81,51.19,12.04,10.17,22.82,30.77,20.59
ITF48,IT,Barletta-Andria-Trani,2025,377093.0,49.42,50.58,12.5,11.27,23.1,30.94,19.18
ITF51,IT,Potenza,2025,340909.0,49.47,50.53,10.57,9.77,22.15,31.18,21.73
ITF52,IT,Matera,2025,189095.0,49.64,50.36,11.28,10.39,22.89,30.07,21.24
ITF61,IT,Cosenza,2025,669535.0,49.17,50.83,11.9,9.82,23.19,30.25,21.0
ITF62,IT,Crotone,2025,161898.0,49.58,50.42,13.58,11.31,23.42,28.79,19.71
ITF63,IT,Catanzaro,2025,339741.0,49.01,50.99,12.18,9.88,22.94,29.88,21.28
ITF64,IT,Vibo Valentia,2025,150516.0,49.62,50.38,12.22,10.67,23.51,29.15,20.56
ITF65,IT,Reggio di Calabria,2025,512956.0,48.76,51.24,13.01,10.52,23.11,29.31,20.33
ITG11,IT,Trapani,2025,411393.0,49.38,50.62,12.09,10.59,22.41,29.9,21.18
ITG12,IT,Palermo,2025,1198738.0,48.41,51.59,13.44,10.71,22.93,29.64,19.97
ITG13,IT,Messina,2025,596147.0,48.44,51.56,11.47,9.84,22.49,30.56,21.79
ITG14,IT,Agrigento,2025,408401.0,48.83,51.17,12.32,10.93,22.53,29.72,20.65
ITG15,IT,Caltanissetta,2025,245421.0,48.49,51.51,12.35,11.24,22.68,29.81,20.42
ITG16,IT,Enna,2025,152544.0,48.55,51.45,11.36,10.69,22.48,29.65,21.67
ITG17,IT,Catania,2025,1070169.0,48.67,51.33,13.72,10.76,23.67,29.42,19.31
ITG18,IT,Ragusa,2025,321300.0,50.21,49.79,13.55,10.86,24.9,28.88,18.55
ITG19,IT,Siracusa,2025,383277.0,49.44,50.56,12.49,10.37,23.03,30.41,20.57
ITG2D,IT,Sassari,2025,471957.0,49.31,50.69,10.12,9.05,21.52,33.23,22.19
ITG2E,IT,Nuoro,2025,195331.0,49.41,50.59,10.26,9.43,20.73,31.49,23.44
ITG2F,IT,Cagliari,2025,417532.0,48.35,51.65,9.7,8.82,21.52,33.89,22.25
ITG2G,IT,Oristano,2025,148005.0,49.3,50.7,9.01,8.27,20.47,32.1,25.09
ITG2H,IT,Sud Sardegna,2025,329556.0,49.7,50.3,9.17,8.37,20.29,32.55,25.12
ITH10,IT,Bolzano-Bozen,2025,539679.0,49.67,50.33,14.94,10.97,23.58,29.51,17.53
ITH20,IT,Trento,2025,546573.0,49.46,50.54,12.88,10.51,22.62,29.9,20.11
ITH31,IT,Verona,2025,928622.0,49.36,50.64,12.5,10.05,22.96,30.91,19.56
ITH32,IT,Vicenza,2025,854163.0,49.63,50.37,12.12,10.46,22.06,31.46,19.96
ITH33,IT,Belluno,2025,197708.0,49.07,50.93,10.35,9.36,20.27,31.47,23.88
ITH34,IT,Treviso,2025,879255.0,49.5,50.5,12.2,10.52,21.49,31.48,20.31
ITH35,IT,Venezia,2025,834306.0,48.88,51.12,11.03,9.63,20.63,32.22,22.07
ITH36,IT,Padova,2025,932284.0,49.2,50.8,11.62,9.82,22.08,31.85,20.58
ITH37,IT,Rovigo,2025,227134.0,49.29,50.71,10.04,8.53,20.13,32.66,24.12
ITH41,IT,Pordenone,2025,310742.0,49.42,50.58,11.89,9.97,21.55,31.11,21.17
ITH42,IT,Udine,2025,516323.0,48.76,51.24,10.48,9.2,20.19,31.92,23.46
ITH43,IT,Gorizia,2025,138427.0,49.66,50.34,11.09,9.4,20.49,31.86,22.09
ITH44,IT,Trieste,2025,227792.0,48.34,51.66,10.3,8.95,21.09,30.75,23.38
ITH51,IT,Piacenza,2025,286452.0,49.49,50.51,11.95,9.49,22.33,30.77,20.83
ITH52,IT,Parma,2025,455713.0,49.4,50.6,12.36,9.65,23.71,30.69,19.34
ITH53,IT,Reggio nell’Emilia,2025,530740.0,49.64,50.36,12.6,10.46,22.83,31.18,19.05
ITH54,IT,Modena,2025,708340.0,49.52,50.48,12.37,10.03,22.91,30.76,19.78
ITH55,IT,Bologna,2025,1020193.0,48.65,51.35,11.57,9.42,23.4,30.66,20.24
ITH56,IT,Ferrara,2025,339612.0,48.69,51.31,10.11,8.65,19.86,32.25,24.02
ITH57,IT,Ravenna,2025,387205.0,49.17,50.83,11.28,9.68,20.78,31.94,21.21
ITH58,IT,Forlì-Cesena,2025,393367.0,49.12,50.88,11.79,9.82,21.59,31.28,20.91
ITH59,IT,Rimini,2025,340376.0,48.6,51.4,11.53,9.94,21.59,32.12,20.53
ITI11,IT,Massa-Carrara,2025,186783.0,48.8,51.2,9.85,8.86,20.16,31.97,24.06
ITI12,IT,Lucca,2025,381390.0,48.65,51.35,10.62,9.32,20.48,32.37,22.54
ITI13,IT,Pistoia,2025,289925.0,48.67,51.33,11.24,9.51,21.07,31.49,21.86
ITI14,IT,Firenze,2025,988068.0,48.35,51.65,11.24,9.76,21.75,30.92,21.27
ITI15,IT,Prato,2025,259657.0,49.3,50.7,11.76,10.55,22.96,31.57,19.09
ITI16,IT,Livorno,2025,325749.0,48.53,51.47,10.45,9.19,19.79,32.21,23.4
ITI17,IT,Pisa,2025,418439.0,49.03,50.97,11.63,9.52,22.08,31.18,21.16
ITI18,IT,Arezzo,2025,333240.0,49.18,50.82,11.11,9.45,21.59,30.97,22.16
ITI19,IT,Siena,2025,259460.0,48.72,51.28,11.22,9.52,21.43,30.64,21.99
ITI1A,IT,Grosseto,2025,215005.0,48.78,51.22,10.03,8.95,19.9,31.8,24.19
ITI21,IT,Perugia,2025,636188.0,48.63,51.37,11.35,9.72,21.49,30.62,21.82
ITI22,IT,Terni,2025,215285.0,48.41,51.59,10.26,9.22,20.12,31.29,23.82
ITI31,IT,Pesaro e Urbino,2025,349558.0,49.27,50.73,11.44,10.01,21.32,31.51,21.16
ITI32,IT,Ancona,2025,461503.0,49.01,50.99,11.26,9.86,21.47,30.92,21.5
ITI33,IT,Macerata,2025,302030.0,48.98,51.02,11.58,9.61,21.68,30.24,21.78
ITI34,IT,Ascoli Piceno,2025,200497.0,48.79,51.21,10.89,9.29,21.63,30.77,22.39
ITI35,IT,Fermo,2025,166957.0,49.14,50.86,11.09,9.47,21.54,30.63,22.15
ITI41,IT,Viterbo,2025,307405.0,49.36,50.64,10.8,9.22,21.81,31.87,22.28
ITI42,IT,Rieti,2025,149766.0,50.01,49.99,10.25,9.14,21.7,31.41,22.97
ITI43,IT,Roma,2025,4222648.0,48.19,51.81,12.06,9.84,22.52,32.25,19.41
ITI44,IT,Latina,2025,566698.0,49.66,50.34,12.32,9.96,23.18,31.26,19.8
ITI45,IT,Frosinone,2025,462661.0,49.25,50.75,11.56,9.35,22.62,30.5,21.98
LI000,LI,Liechtenstein,2025,40886.0,49.48,50.52,14.19,10.23,25.26,29.65,18.52
LT011,LT,Vilniaus apskritis,2025,876727.0,47.64,52.36,15.72,9.58,30.49,26.37,15.62
LT021,LT,Alytaus apskritis,2025,132919.0,46.82,53.18,11.61,9.37,23.2,30.98,21.37
LT022,LT,Kauno apskritis,2025,587511.0,47.1,52.9,14.39,9.67,27.74,27.11,18.33
LT023,LT,Klaipėdos apskritis,2025,343862.0,47.94,52.06,15.08,9.58,27.43,27.65,17.7
LT024,LT,Marijampolės apskritis,2025,133360.0,47.91,52.09,12.93,10.48,24.38,30.09,19.22
LT025,LT,Panevėžio apskritis,2025,207017.0,46.08,53.92,11.99,9.7,22.51,31.21,21.05
LT026,LT,Šiaulių apskritis,2025,266736.0,48.66,51.34,12.82,9.49,25.76,29.65,19.34
LT027,LT,Tauragės apskritis,2025,89946.0,48.16,51.84,12.73,10.2,24.3,30.27,19.53
LT028,LT,Telšių apskritis,2025,129884.0,47.42,52.58,13.67,10.47,24.03,29.93,19.21
LT029,LT,Utenos apskritis,2025,122702.0,47.45,52.55,10.71,8.85,22.7,31.68,22.56
LU000,LU,Luxembourg,2025,681973.0,50.27,49.73,15.67,10.98,31.31,26.81,13.22
LV003,LV,Kurzeme,2023,232312.0,46.74,53.26,15.81,10.36,23.85,27.96,19.36
LV005,LV,Latgale,2025,239362.0,46.89,53.11,12.69,9.75,22.57,30.57,21.34
LV006,LV,Rīga,2023,609489.0,44.52,55.48,15.16,9.43,27.76,26.21,18.63
LV007,LV,Pierīga,2023,390676.0,47.54,52.46,18.75,9.55,26.85,26.72,16.0
LV008,LV,Vidzeme,2023,180431.0,47.25,52.75,15.65,9.77,24.19,28.48,19.02
LV009,LV,Zemgale,2025,221931.0,47.71,52.29,15.44,10.39,25.06,27.52,18.88
ME000,ME,Crna Gora,2025,623327.0,49.2,50.8,18.03,11.26,27.39,26.1,15.71
MK001,MK,Vardarski,2025,136145.0,50.24,49.76,14.97,10.74,25.53,28.41,19.15
MK002,MK,Istočen,2025,146395.0,49.77,50.23,13.19,10.18,24.34,29.04,21.79
MK003,MK,Jugozapaden,2025,175743.0,49.81,50.19,15.23,11.47,27.03,27.46,17.66
MK004,MK,Jugoistočen,2025,145850.0,50.06,49.94,15.14,10.75,24.78,28.45,19.63
MK005,MK,Pelagoniski,2025,206400.0,49.78,50.22,14.21,10.88,25.65,27.85,19.82
MK006,MK,Pološki,2025,252077.0,49.37,50.63,17.59,12.54,28.29,26.95,13.81
MK007,MK,Severoistočen,2025,151869.0,50.09,49.91,16.32,12.42,26.16,27.43,16.59
MK008,MK,Skopski,2025,608133.0,48.94,51.06,18.35,11.65,26.38,26.1,16.13
MT001,MT,Malta,2025,532997.0,53.15,46.85,12.11,9.41,37.28,23.1,16.13
MT002,MT,Gozo and Comino/Għawdex u Kemmuna,2025,41253.0,52.53,47.47,12.32,9.09,30.56,25.23,20.36
NL111,NL,Oost-Groningen,2023,137736.0,50.01,49.99,13.99,10.82,20.62,29.19,22.53
NL112,NL,Delfzijl en omgeving,2025,44795.0,50.25,49.75,13.58,10.7,21.15,27.9,23.63
NL113,NL,Overig Groningen,2023,412945.0,49.87,50.13,13.43,17.06,26.47,24.38,16.64
NL124,NL,Noord-Friesland,2023,326583.0,50.2,49.8,15.19,12.96,23.31,26.74,19.47
NL125,NL,Zuidwest-Friesland,2023,142875.0,50.41,49.59,15.28,11.49,20.59,28.6,21.39
NL126,NL,Zuidoost-Friesland,2025,191480.0,50.09,49.91,14.82,11.14,22.15,27.75,21.23
NL131,NL,Noord-Drenthe,2025,197110.0,49.65,50.35,14.55,10.73,20.99,28.19,22.62
NL132,NL,Zuidoost-Drenthe,2025,171587.0,50.13,49.87,13.61,11.07,21.44,28.45,22.69
NL133,NL,Zuidwest-Drenthe,2025,137832.0,49.84,50.16,14.48,11.73,22.14,27.18,21.61
NL211,NL,Noord-Overijssel,2025,390259.0,50.14,49.86,16.81,12.67,25.14,25.75,17.46
NL212,NL,Zuidwest-Overijssel,2025,161927.0,49.9,50.1,14.9,11.78,24.49,27.45,18.91
NL213,NL,Twente,2025,643603.0,50.62,49.38,14.71,13.11,23.9,26.52,19.26
NL221,NL,Veluwe,2025,726891.0,49.76,50.24,16.42,12.59,23.9,25.79,18.81
NL224,NL,Zuidwest-Gelderland,2025,257163.0,50.16,49.84,16.12,11.79,23.56,27.93,18.59
NL225,NL,Achterhoek,2025,407957.0,49.98,50.02,13.49,11.12,20.64,28.68,23.2
NL226,NL,Arnhem/Nijmegen,2025,769347.0,49.32,50.68,13.97,12.96,25.55,26.46,18.77
NL230,NL,Flevoland,2025,456395.0,50.07,49.93,17.79,12.58,27.82,25.89,14.64
NL310,NL,Utrecht,2023,1387643.0,49.21,50.79,16.68,12.6,27.03,25.87,15.81
NL321,NL,Kop van Noord-Holland,2025,388726.0,50.05,49.95,14.72,11.37,23.17,27.24,21.14
NL323,NL,IJmond,2025,202491.0,49.68,50.32,14.97,10.88,23.87,27.68,19.78
NL324,NL,Agglomeratie Haarlem,2023,234638.0,48.72,51.28,16.58,10.21,25.94,26.98,17.67
NL325,NL,Zaanstreek,2025,179249.0,49.71,50.29,15.86,11.42,26.46,26.97,17.03
NL327,NL,Het Gooi en Vechtstreek,2025,245683.0,48.78,51.22,16.69,10.33,23.2,27.47,19.3
NL328,NL,Alkmaar en omgeving,2025,257706.0,49.44,50.56,14.85,11.14,23.7,27.22,20.54
NL329,NL,Groot-Amsterdam,2023,1456187.0,49.36,50.64,14.51,12.84,32.05,25.0,13.97
NL332,NL,Agglomeratie ’s-Gravenhage,2023,910352.0,49.36,50.64,16.42,12.17,28.04,26.15,15.24
NL333,NL,Delft en Westland,2023,240445.0,51.14,48.86,14.67,15.33,26.77,24.77,16.36
NL337,NL,Agglomeratie Leiden en Bollenstreek,2023,440312.0,49.15,50.85,15.03,13.16,25.41,26.41,17.72
NL33A,NL,Zuidoost-Zuid-Holland,2023,379752.0,49.51,50.49,16.84,11.92,24.76,26.41,17.69
NL33B,NL,Oost-Zuid-Holland,2023,345570.0,49.66,50.34,16.45,11.62,24.65,26.84,18.23
NL33C,NL,Groot-Rijnmond,2023,1488475.0,49.28,50.72,15.97,12.31,27.23,25.86,16.5
NL341,NL,Zeeuwsch-Vlaanderen,2025,106125.0,49.92,50.08,13.17,9.22,21.89,28.44,23.77
NL342,NL,Overig Zeeland,2025,286844.0,49.75,50.25,15.18,11.1,22.48,26.79,21.46
NL411,NL,West-Noord-Brabant,2025,653955.0,49.74,50.26,14.37,11.45,24.41,27.32,19.97
NL412,NL,Midden-Noord-Brabant,2023,503798.0,49.94,50.06,14.81,13.08,25.14,26.72,18.09
NL413,NL,Noordoost-Noord-Brabant,2023,672514.0,50.11,49.89,14.95,11.5,24.01,28.15,19.07
NL414,NL,Zuidoost-Noord-Brabant,2025,816291.0,50.95,49.05,14.48,11.89,26.54,26.03,18.49
NL421,NL,Noord-Limburg,2025,291387.0,50.41,49.59,13.36,10.86,23.39,27.93,21.66
NL422,NL,Midden-Limburg,2025,243792.0,50.19,49.81,13.06,9.91,23.07,27.95,22.99
NL423,NL,Zuid-Limburg,2025,600149.0,49.3,50.7,12.07,11.95,22.73,26.86,23.18
NO020,NO,Innlandet,2025,377556.0,50.11,49.89,14.4,11.33,23.19,27.09,21.18
NO060,NO,Trøndelag,2025,486815.0,50.69,49.31,15.95,12.86,27.27,24.61,17.08
NO071,NO,Nordland,2025,243582.0,50.7,49.3,15.07,11.38,24.9,26.02,19.85
NO074,NO,Troms og Finnmark,2023,242452.0,50.88,49.12,15.35,12.4,26.23,26.3,17.57
NO081,NO,Oslo,2025,724290.0,49.83,50.17,15.2,11.52,36.98,22.92,11.8
NO082,NO,Viken,2023,1292241.0,50.3,49.7,17.34,11.63,25.63,27.15,16.2
NO091,NO,Vestfold og Telemark,2023,429101.0,50.04,49.96,15.89,11.36,24.07,27.28,18.95
NO092,NO,Agder,2025,322188.0,50.27,49.73,16.77,12.89,25.54,25.51,17.08
NO0A1,NO,Rogaland,2025,504496.0,50.74,49.26,18.19,12.59,27.52,25.16,14.69
NO0A2,NO,Vestland,2025,655210.0,50.64,49.36,16.52,12.7,26.96,24.8,16.61
NO0A3,NO,Møre og Romsdal,2025,272413.0,50.81,49.19,16.15,12.29,24.65,25.37,18.94
PL213,PL,Miasto Kraków,2025,798719.0,46.9,53.1,14.11,7.62,35.7,22.65,17.27
PL214,PL,Krakowski,2025,757831.0,49.21,50.79,17.31,10.88,28.12,25.98,15.86
PL217,PL,Tarnowski,2025,421304.0,48.83,51.17,15.36,10.76,26.54,27.17,17.6
PL218,PL,Nowosądecki,2025,510746.0,49.35,50.65,17.95,12.2,26.77,25.71,15.27
PL219,PL,Nowotarski,2025,318460.0,48.77,51.23,16.62,11.59,27.32,25.96,16.22
PL21A,PL,Oświęcimski,2025,512732.0,48.59,51.41,14.54,10.12,26.13,27.45,19.27
PL224,PL,Częstochowski,2025,471593.0,48.0,52.0,12.91,9.46,25.23,28.41,21.48
PL225,PL,Bielski,2025,638022.0,48.42,51.58,15.22,10.13,26.56,27.02,18.92
PL227,PL,Rybnicki,2025,580514.0,48.59,51.41,14.7,10.0,26.63,27.76,18.86
PL228,PL,Bytomski,2025,398258.0,48.2,51.8,13.98,9.34,26.92,28.14,19.36
PL229,PL,Gliwicki,2025,422023.0,48.07,51.93,13.76,8.97,27.22,27.69,19.68
PL22A,PL,Katowicki,2025,672672.0,47.59,52.41,13.29,8.72,28.53,26.9,20.03
PL22B,PL,Sosnowiecki,2025,624177.0,47.67,52.33,12.37,8.8,25.44,28.17,22.81
PL22C,PL,Tyski,2025,383407.0,48.63,51.37,15.86,10.02,27.54,26.84,17.92
PL411,PL,Pilski,2025,380310.0,49.1,50.9,15.04,11.13,26.82,26.72,18.47
PL414,PL,Koniński,2025,617476.0,48.85,51.15,15.05,10.75,26.74,27.1,18.43
PL415,PL,Miasto Poznań,2025,532887.0,46.91,53.09,13.13,7.79,34.24,23.21,18.91
PL416,PL,Kaliski,2025,637755.0,48.76,51.24,15.32,10.62,27.0,26.74,18.35
PL417,PL,Leszczyński,2025,541062.0,49.17,50.83,16.51,11.04,27.73,25.92,17.13
PL418,PL,Poznański,2025,723864.0,48.9,51.1,17.98,10.74,29.42,25.76,14.79
PL424,PL,Miasto Szczecin,2025,382393.0,47.59,52.41,12.84,8.21,29.59,25.87,20.74
PL426,PL,Koszaliński,2025,330149.0,48.18,51.82,13.55,9.53,26.48,27.39,20.78
PL427,PL,Szczecinecko-pyrzycki,2025,373579.0,49.07,50.93,13.51,10.52,25.57,27.4,20.96
PL428,PL,Szczeciński,2025,485774.0,49.04,50.96,14.15,10.1,26.89,27.59,19.55
PL431,PL,Gorzowski,2025,358621.0,48.65,51.35,14.26,10.15,27.2,27.24,19.29
PL432,PL,Zielonogórski,2025,585173.0,48.57,51.43,14.21,10.03,27.2,26.85,19.64
PL514,PL,Miasto Wrocław,2025,672400.0,47.38,52.62,13.65,7.09,36.65,22.05,17.78
PL515,PL,Jeleniogórski,2025,503919.0,48.24,51.76,12.56,9.54,25.83,27.98,21.76
PL516,PL,Legnicko-głogowski,2025,415243.0,48.36,51.64,14.15,9.94,26.29,27.11,20.54
PL517,PL,Wałbrzyski,2025,570996.0,47.83,52.17,12.1,9.01,25.57,27.96,22.69
PL518,PL,Wrocławski,2025,635742.0,49.14,50.86,16.83,10.13,28.83,26.16,16.44
PL523,PL,Nyski,2025,329909.0,48.55,51.45,13.22,9.68,26.06,27.88,20.71
PL524,PL,Opolski,2025,554865.0,48.23,51.77,13.91,9.07,26.74,28.47,19.09
PL613,PL,Bydgosko-toruński,2025,739881.0,47.58,52.42,14.2,9.42,28.25,26.45,19.36
PL616,PL,Grudziądzki,2025,356076.0,48.87,51.13,14.98,10.84,26.69,26.96,18.45
PL617,PL,Inowrocławski,2025,330095.0,48.79,51.21,14.26,10.51,26.3,27.58,19.37
PL618,PL,Świecki,2025,171925.0,49.33,50.67,15.47,11.25,26.37,26.56,18.5
PL619,PL,Włocławski,2025,322463.0,48.46,51.54,13.51,10.49,25.24,28.33,20.22
PL621,PL,Elbląski,2025,472672.0,48.97,51.03,14.46,10.82,26.3,27.23,19.15
PL622,PL,Olsztyński,2025,559272.0,48.31,51.69,14.17,10.1,26.87,27.55,19.19
PL623,PL,Ełcki,2025,254071.0,49.21,50.79,14.54,10.81,26.44,27.39,18.67
PL633,PL,Trójmiejski,2025,743681.0,47.3,52.7,13.67,8.17,31.42,24.33,19.55
PL634,PL,Gdański,2025,635034.0,49.48,50.52,18.98,11.47,29.39,25.01,13.82
PL636,PL,Słupski,2025,309653.0,48.74,51.26,15.15,10.43,26.81,26.52,19.15
PL637,PL,Chojnicki,2025,212687.0,49.32,50.68,16.78,11.71,26.61,26.01,17.11
PL638,PL,Starogardzki,2025,396686.0,49.07,50.93,15.56,11.21,27.19,26.66,17.59
PL711,PL,Miasto Łódź,2025,641392.0,45.79,54.21,12.11,7.78,28.4,25.75,23.0
PL712,PL,Łódzki,2025,384855.0,47.72,52.28,14.36,9.85,25.82,28.13,19.78
PL713,PL,Piotrkowski,2025,538482.0,48.56,51.44,14.37,10.68,25.63,27.26,19.85
PL714,PL,Sieradzki,2025,414009.0,48.92,51.08,14.3,10.46,25.79,27.57,19.61
PL715,PL,Skierniewicki,2025,333878.0,48.45,51.55,14.2,10.09,25.66,27.33,20.34
PL721,PL,Kielecki,2025,684787.0,48.17,51.83,13.37,9.73,25.71,27.21,21.23
PL722,PL,Sandomiersko-jędrzejowski,2025,427894.0,49.14,50.86,13.11,10.39,25.08,27.47,21.3
PL811,PL,Bialski,2025,270225.0,49.29,50.71,14.72,11.1,25.79,26.94,19.17
PL812,PL,Chełmsko-zamojski,2025,543081.0,48.57,51.43,12.98,10.48,25.02,27.72,21.09
PL814,PL,Lubelski,2025,680432.0,47.62,52.38,14.92,9.89,28.09,25.93,18.86
PL815,PL,Puławski,2025,426894.0,48.69,51.31,14.26,10.93,25.04,26.83,20.3
PL821,PL,Krośnieński,2025,430415.0,48.82,51.18,14.4,10.83,25.42,27.6,19.21
PL822,PL,Przemyski,2025,346128.0,48.79,51.21,14.31,10.92,25.82,27.59,18.95
PL823,PL,Rzeszowski,2025,620149.0,48.91,51.09,16.75,10.43,28.99,25.27,16.26
PL824,PL,Tarnobrzeski,2025,550370.0,48.98,51.02,14.73,10.61,26.32,27.12,18.77
PL841,PL,Białostocki,2025,487214.0,47.97,52.03,15.37,9.43,28.17,26.35,18.11
PL842,PL,Łomżyński,2025,345601.0,49.33,50.67,14.32,10.31,25.42,27.22,19.77
PL843,PL,Suwalski,2025,240808.0,49.22,50.78,14.71,10.78,26.11,27.56,18.27
PL911,PL,Miasto Warszawa,2025,1875287.0,46.5,53.5,14.66,8.17,33.81,23.55,16.87
PL912,PL,Warszawski wschodni,2025,695641.0,48.51,51.49,17.73,10.96,27.98,26.3,15.33
PL913,PL,Warszawski zachodni,2025,728027.0,48.42,51.58,17.36,10.54,27.86,26.77,15.78
PL921,PL,Radomski,2025,558575.0,48.73,51.27,14.78,10.8,26.15,26.57,19.44
PL922,PL,Ciechanowski,2025,317859.0,49.14,50.86,15.14,10.93,26.58,26.88,18.35
PL923,PL,Płocki,2025,301682.0,48.38,51.62,14.11,10.47,26.02,27.93,19.4
PL924,PL,Ostrołęcki,2025,357441.0,49.52,50.48,15.96,11.34,26.57,26.36,17.58
PL925,PL,Siedlecki,2025,395631.0,49.28,50.72,16.63,11.0,26.71,25.45,17.96
PL926,PL,Żyrardowski,2025,253967.0,48.63,51.37,15.49,10.49,26.86,26.61,18.49
PT111,PT,Alto Minho,2025,234645.0,47.51,52.49,10.81,9.42,21.82,28.74,24.49
PT112,PT,Cávado,2025,433039.0,48.33,51.67,12.65,10.82,24.98,30.2,18.43
PT119,PT,Ave,2025,423255.0,48.51,51.49,11.98,10.2,23.83,30.89,20.17
PT11A,PT,Área Metropolitana do Porto,2025,1818217.0,47.63,52.37,12.21,10.1,24.32,29.91,20.37
PT11B,PT,Alto Tâmega,2025,83445.0,47.91,52.09,8.74,8.24,18.21,28.15,30.5
PT11C,PT,Tâmega e Sousa,2025,409078.0,48.51,51.49,11.91,11.17,24.22,31.34,18.64
PT11D,PT,Douro,2025,183867.0,47.82,52.18,9.97,9.4,20.49,29.86,25.4
PT11E,PT,Terras de Trás-os-Montes,2025,107296.0,48.12,51.88,9.35,8.33,20.06,27.58,28.48
PT150,PT,Algarve,2025,492747.0,48.51,51.49,13.56,10.02,23.72,28.54,20.84
PT16B,PT,Oeste,2023,379085.0,48.33,51.67,13.19,10.47,23.34,28.77,20.75
PT16D,PT,Região de Aveiro,2023,376760.0,48.09,51.91,12.71,10.07,23.8,29.48,20.48
PT16E,PT,Região de Coimbra,2023,441446.0,47.37,52.63,11.43,9.38,21.64,29.41,23.58
PT16F,PT,Região de Leiria,2023,292139.0,48.18,51.82,12.45,10.26,22.76,28.99,21.65
PT16G,PT,Viseu Dão Lafões,2023,253638.0,47.47,52.53,11.46,9.98,21.19,28.45,24.33
PT16H,PT,Beira Baixa,2023,81101.0,47.86,52.14,10.35,8.41,19.49,28.22,26.91
PT16I,PT,Médio Tejo,2023,231874.0,47.6,52.4,11.44,9.92,20.47,29.02,23.72
PT16J,PT,Beiras e Serra da Estrela,2023,208913.0,47.65,52.35,9.81,8.79,19.14,28.82,27.26
PT170,PT,Área Metropolitana de Lisboa,2023,2921564.0,47.11,52.89,14.54,10.68,25.07,27.73,18.84
PT181,PT,Alentejo Litoral,2023,99763.0,51.4,48.6,11.98,8.87,25.41,27.51,21.92
PT184,PT,Baixo Alentejo,2023,115513.0,49.11,50.89,12.88,9.87,21.2,28.85,22.59
PT185,PT,Lezíria do Tejo,2023,244259.0,48.06,51.94,12.92,10.5,22.26,28.81,21.45
PT186,PT,Alto Alentejo,2023,104304.0,47.54,52.46,11.89,9.59,19.78,29.14,23.68
PT187,PT,Alentejo Central,2023,153155.0,48.13,51.87,12.34,9.74,21.53,29.38,21.97
PT200,PT,Região Autónoma dos Açores,2025,241718.0,48.85,51.15,13.97,11.57,26.93,29.64,15.93
PT300,PT,Região Autónoma da Madeira,2025,259440.0,47.5,52.5,11.94,11.05,23.67,32.01,18.76
RO111,RO,Bihor,2025,556894.0,48.93,51.07,16.09,11.57,25.72,27.75,17.22
RO112,RO,Bistriţa-Năsăud,2025,297211.0,49.85,50.15,17.04,11.97,25.35,27.69,16.31
RO113,RO,Cluj,2025,697374.0,48.42,51.58,15.05,10.0,29.16,26.13,17.52
RO114,RO,Maramureş,2025,450925.0,49.12,50.88,15.27,11.63,25.59,28.57,17.31
RO115,RO,Satu Mare,2025,330466.0,48.71,51.29,15.99,11.85,25.38,28.91,16.52
RO116,RO,Sălaj,2025,211140.0,49.21,50.79,16.53,11.26,23.18,28.61,18.51
RO121,RO,Alba,2025,325260.0,49.45,50.55,14.19,10.74,23.69,29.39,19.72
RO122,RO,Braşov,2025,560277.0,48.47,51.53,16.76,10.72,25.44,26.05,18.99
RO123,RO,Covasna,2025,199606.0,49.32,50.68,16.38,11.79,24.66,27.78,17.63
RO124,RO,Harghita,2025,291871.0,49.43,50.57,16.28,11.62,24.75,27.59,17.86
RO125,RO,Mureş,2025,519574.0,49.13,50.87,16.15,11.9,23.96,27.92,18.0
RO126,RO,Sibiu,2025,394963.0,48.62,51.38,16.5,11.2,25.98,26.6,17.85
RO211,RO,Bacău,2025,591999.0,49.28,50.72,16.49,12.42,23.0,28.0,17.93
RO212,RO,Botoşani,2025,388291.0,50.18,49.82,15.85,12.9,24.66,28.04,16.1
RO213,RO,Iaşi,2025,780271.0,49.34,50.66,19.12,13.8,25.39,24.48,15.32
RO214,RO,Neamţ,2025,445750.0,48.91,51.09,15.55,11.58,21.99,28.69,19.5
RO215,RO,Suceava,2025,645930.0,49.51,50.49,19.14,12.67,23.9,26.42,15.66
RO216,RO,Vaslui,2025,365977.0,50.6,49.4,17.44,13.63,21.33,27.82,17.49
RO221,RO,Brăila,2025,271655.0,48.63,51.37,12.82,10.9,21.12,31.02,21.34
RO222,RO,Buzău,2025,395517.0,48.95,51.05,13.89,11.09,21.91,29.69,20.63
RO223,RO,Constanţa,2025,656082.0,48.41,51.59,15.8,11.2,24.52,28.23,18.44
RO224,RO,Galaţi,2025,489056.0,48.93,51.07,15.1,11.4,22.54,29.44,19.38
RO225,RO,Tulcea,2025,187619.0,49.56,50.44,14.08,11.3,21.61,30.59,20.65
RO226,RO,Vrancea,2025,331236.0,49.26,50.74,15.62,11.72,23.25,28.38,18.53
RO311,RO,Argeş,2025,561990.0,48.66,51.34,13.86,10.22,23.54,31.07,19.03
RO312,RO,Călăraşi,2025,278602.0,49.47,50.53,15.55,11.8,23.17,28.98,18.23
RO313,RO,Dâmboviţa,2025,476523.0,49.28,50.72,14.58,11.25,24.67,29.37,17.99
RO314,RO,Giurgiu,2025,261198.0,49.65,50.35,14.6,10.57,24.16,29.41,18.8
RO315,RO,Ialomiţa,2025,248786.0,49.43,50.57,16.9,12.17,21.1,29.09,18.44
RO316,RO,Prahova,2025,685562.0,48.47,51.53,13.56,10.87,22.71,30.7,19.55
RO317,RO,Teleorman,2025,313033.0,49.39,50.61,12.54,10.2,20.57,30.14,23.29
RO321,RO,Bucureşti,2025,1709191.0,46.29,53.71,15.11,9.33,29.15,26.81,17.4
RO322,RO,Ilfov,2025,604264.0,48.54,51.46,17.13,10.05,31.99,27.39,12.13
RO411,RO,Dolj,2025,595229.0,48.53,51.47,15.11,10.88,24.3,28.67,18.81
RO412,RO,Gorj,2025,307702.0,49.58,50.42,12.78,10.73,24.23,32.19,17.97
RO413,RO,Mehedinţi,2025,229220.0,49.24,50.76,13.15,10.86,21.98,31.27,20.47
RO414,RO,Olt,2025,375641.0,49.55,50.45,12.74,10.38,22.94,31.23,20.29
RO415,RO,Vâlcea,2025,340236.0,49.0,51.0,12.79,10.27,21.72,30.9,20.82
RO421,RO,Arad,2025,410320.0,48.94,51.06,15.19,10.9,24.76,28.83,18.45
RO422,RO,Caraş-Severin,2025,242232.0,48.88,51.12,13.19,10.94,21.82,29.62,22.17
RO423,RO,Hunedoara,2025,351253.0,48.44,51.56,12.73,10.2,21.06,32.19,21.51
RO424,RO,Timiş,2025,667225.0,48.47,51.53,15.67,10.1,28.55,26.73,17.25
RS110,RS,City of Belgrade,2025,1682015.0,47.25,52.75,15.29,9.77,27.45,26.94,18.61
RS121,RS,Zapadnobačka oblast,2025,150317.0,48.82,51.18,13.16,9.82,22.25,29.71,23.08
RS122,RS,Južnobanatska oblast,2025,256492.0,49.08,50.92,14.42,10.26,24.01,28.05,21.54
RS123,RS,Južnobačka oblast,2025,607370.0,48.09,51.91,15.66,10.83,27.28,26.52,18.07
RS124,RS,Severnobanatska oblast,2025,114991.0,48.63,51.37,13.85,10.01,22.48,29.24,22.56
RS125,RS,Severnobačka oblast,2025,157170.0,48.29,51.71,14.51,10.12,23.83,28.45,21.35
RS126,RS,Srednjobanatska oblast,2025,154418.0,49.02,50.98,14.32,10.0,22.74,29.13,21.96
RS127,RS,Sremska oblast,2025,279669.0,49.51,50.49,14.43,9.78,24.09,28.47,21.45
RS211,RS,Zlatiborska oblast,2025,249487.0,49.62,50.38,13.75,10.38,22.11,29.06,22.75
RS212,RS,Kolubarska oblast,2025,151616.0,49.59,50.41,13.56,9.93,23.16,28.89,22.39
RS213,RS,Mačvanska oblast,2025,260256.0,49.4,50.6,13.87,10.39,23.01,29.21,22.0
RS214,RS,Moravička oblast,2025,185913.0,49.1,50.9,13.84,10.06,22.61,28.53,22.68
RS215,RS,Pomoravska oblast,2025,177228.0,48.67,51.33,12.43,10.03,22.41,27.87,25.01
RS216,RS,Rasinska oblast,2025,202252.0,49.18,50.82,12.78,10.13,21.99,28.39,24.54
RS217,RS,Raška oblast,2025,296153.0,49.75,50.25,17.37,12.66,24.87,26.27,17.36
RS218,RS,Šumadijska oblast,2025,266573.0,48.69,51.31,14.11,10.31,24.41,27.09,22.28
RS221,RS,Borska oblast,2025,97353.0,48.97,51.03,11.81,8.94,21.22,28.91,27.05
RS222,RS,Braničevska oblast,2025,152211.0,49.28,50.72,12.31,9.65,22.42,27.74,25.82
RS223,RS,Zaječarska oblast,2025,93310.0,48.85,51.15,11.14,8.9,20.74,28.35,28.13
RS224,RS,Jablanička oblast,2025,180035.0,50.0,50.0,13.53,10.67,23.62,29.19,21.17
RS225,RS,Nišavska oblast,2025,340169.0,48.91,51.09,13.81,10.03,25.57,27.52,21.0
RS226,RS,Pirotska oblast,2025,74424.0,50.46,49.54,11.92,9.09,22.02,29.15,25.35
RS227,RS,Podunavska oblast,2025,172263.0,49.47,50.53,14.14,10.64,23.72,27.91,22.03
RS228,RS,Pčinjska oblast,2025,190507.0,50.21,49.79,14.85,11.47,25.89,28.77,17.76
RS229,RS,Toplička oblast,2025,75591.0,50.61,49.39,14.81,10.57,22.49,28.55,21.8
SE110,SE,Stockholms län,2025,2473307.0,50.07,49.93,17.24,11.27,29.58,25.01,14.77
SE121,SE,Uppsala län,2025,407912.0,49.76,50.24,16.88,13.68,27.69,22.65,16.7
SE122,SE,Södermanlands län,2025,301542.0,50.17,49.83,17.21,11.04,23.57,24.59,20.52
SE123,SE,Östergötlands län,2025,472446.0,50.62,49.38,16.52,12.45,25.59,24.02,18.48
SE124,SE,Örebro län,2025,308375.0,50.08,49.92,16.72,12.15,25.03,23.95,19.32
SE125,SE,Västmanlands län,2025,281158.0,50.43,49.57,17.03,10.96,25.31,24.41,19.13
SE211,SE,Jönköpings län,2025,370009.0,50.78,49.22,17.58,11.74,25.09,24.01,18.5
SE212,SE,Kronobergs län,2025,203351.0,51.0,49.0,17.28,12.27,24.6,23.81,18.82
SE213,SE,Kalmar län,2025,246352.0,50.42,49.58,15.94,10.4,22.63,24.7,22.68
SE214,SE,Gotlands län,2025,60971.0,49.71,50.29,14.9,10.59,21.85,25.19,23.88
SE221,SE,Blekinge län,2025,157223.0,50.95,49.05,15.74,11.52,22.67,25.16,21.28
SE224,SE,Skåne län,2025,1428626.0,49.86,50.14,17.26,11.83,26.43,24.39,17.39
SE231,SE,Hallands län,2025,345074.0,50.08,49.92,17.36,11.34,23.21,25.03,19.88
SE232,SE,Västra Götalands län,2025,1772821.0,50.44,49.56,16.75,11.51,27.28,24.17,17.57
SE311,SE,Värmlands län,2025,283384.0,50.35,49.65,15.68,10.93,23.65,24.6,21.59
SE312,SE,Dalarnas län,2025,286546.0,50.64,49.36,16.11,10.36,23.18,24.28,22.58
SE313,SE,Gävleborgs län,2025,284558.0,50.35,49.65,15.71,10.67,23.19,25.08,22.08
SE321,SE,Västernorrlands län,2025,241458.0,50.53,49.47,15.66,10.67,22.98,25.31,22.0
SE322,SE,Jämtlands län,2025,132839.0,50.66,49.34,16.25,10.75,24.34,24.29,21.3
SE331,SE,Västerbottens län,2025,281138.0,50.95,49.05,16.1,12.47,27.01,22.74,18.88
SE332,SE,Norrbottens län,2025,248620.0,51.39,48.61,14.95,10.94,24.25,24.56,21.94
SI031,SI,Pomurska,2025,113172.0,49.87,50.13,12.64,7.98,22.77,30.71,23.2
SI032,SI,Podravska,2025,331815.0,50.74,49.26,13.44,9.98,24.68,29.1,20.1
SI033,SI,Koroška,2025,70358.0,50.75,49.25,13.97,8.69,23.8,29.56,21.29
SI034,SI,Savinjska,2025,262814.0,50.84,49.16,14.59,9.13,25.21,29.21,19.34
SI035,SI,Zasavska,2025,57083.0,50.2,49.8,13.74,8.81,24.62,28.91,21.2
SI036,SI,Posavska,2025,75993.0,50.79,49.21,14.56,8.75,24.08,29.36,20.37
SI037,SI,Jugovzhodna Slovenija,2025,148670.0,51.19,48.81,16.14,9.2,25.45,28.12,18.32
SI038,SI,Primorsko-notranjska,2025,53826.0,51.69,48.31,14.63,8.76,24.48,29.03,20.11
SI041,SI,Osrednjeslovenska,2025,569475.0,49.47,50.53,15.16,11.85,25.82,27.37,16.96
SI042,SI,Gorenjska,2025,209921.0,50.29,49.71,15.17,10.1,24.75,27.99,18.91
SI043,SI,Goriška,2025,118096.0,50.7,49.3,14.24,8.4,23.12,29.22,21.38
SI044,SI,Obalno-kraška,2025,119627.0,50.0,50.0,13.29,9.34,23.66,29.54,21.0
SK010,SK,Bratislavský kraj,2025,736385.0,48.19,51.81,16.69,8.08,29.12,27.39,17.05
SK021,SK,Trnavský kraj,2025,565900.0,48.95,51.05,14.72,9.03,27.48,29.42,17.87
SK022,SK,Trenčiansky kraj,2025,565572.0,49.1,50.9,14.02,8.92,26.58,29.47,19.2
SK023,SK,Nitriansky kraj,2025,665600.0,48.8,51.2,13.7,9.1,26.76,29.89,18.88
SK031,SK,Žilinský kraj,2025,686063.0,49.25,50.75,15.74,10.31,27.91,27.93,16.6
SK032,SK,Banskobystrický kraj,2025,611124.0,48.64,51.36,14.7,9.93,26.44,29.04,18.29
SK041,SK,Prešovský kraj,2025,810008.0,49.48,50.52,18.25,11.63,27.76,25.82,15.11
SK042,SK,Košický kraj,2025,778799.0,48.88,51.12,17.23,11.29,27.38,26.63,15.95
TR100,TR,İstanbul,2025,15701602.0,49.81,50.19,19.4,14.76,33.52,24.03,7.65
TR211,TR,Tekirdağ,2025,1187162.0,50.95,49.05,20.0,13.28,32.25,24.27,9.51
TR212,TR,Edirne,2025,421247.0,50.23,49.77,14.18,13.83,27.05,27.72,15.81
TR213,TR,Kırklareli,2025,379031.0,50.68,49.32,14.86,12.49,28.61,27.79,14.96
TR221,TR,Balıkesir,2025,1276096.0,49.68,50.32,15.59,11.8,26.6,28.53,16.09
TR222,TR,Çanakkale,2025,568966.0,49.54,50.46,15.06,12.85,27.16,27.75,15.76
TR310,TR,İzmir,2025,4493242.0,49.49,50.51,16.92,12.87,29.98,26.93,12.27
TR321,TR,Aydın,2025,1165943.0,49.56,50.44,17.62,12.74,27.12,26.94,14.31
TR322,TR,Denizli,2025,1061371.0,49.69,50.31,18.21,13.5,28.94,26.55,11.74
TR323,TR,Muğla,2025,1081867.0,50.75,49.25,16.45,12.12,29.21,28.06,12.86
TR331,TR,Manisa,2025,1475353.0,50.11,49.89,19.01,13.01,28.94,25.89,12.16
TR332,TR,Afyonkarahisar,2025,750193.0,50.02,49.98,19.84,14.91,28.12,24.48,11.71
TR333,TR,Kütahya,2025,571078.0,49.29,50.71,16.0,14.37,27.48,27.05,14.01
TR334,TR,Uşak,2025,375310.0,49.61,50.39,17.15,14.0,28.15,26.52,13.05
TR411,TR,Bursa,2025,3238618.0,49.93,50.07,19.91,13.27,30.76,25.21,10.1
TR412,TR,Eskişehir,2025,921630.0,49.64,50.36,16.57,14.18,29.64,26.47,12.13
TR413,TR,Bilecik,2025,228495.0,50.56,49.44,17.86,14.53,29.38,25.21,11.86
TR421,TR,Kocaeli,2025,2130006.0,50.37,49.63,21.48,14.12,32.61,23.17,8.05
TR422,TR,Sakarya,2025,1110735.0,50.14,49.86,19.7,14.8,29.47,24.69,10.57
TR423,TR,Düzce,2025,412344.0,49.96,50.04,19.14,14.93,28.73,25.34,11.0
TR424,TR,Bolu,2025,326409.0,49.87,50.13,16.04,15.6,28.01,25.23,13.79
TR425,TR,Yalova,2025,307882.0,49.87,50.13,18.65,14.18,28.33,25.28,12.56
TR510,TR,Ankara,2025,5864049.0,49.25,50.75,18.48,14.7,31.25,25.15,9.62
TR521,TR,Konya,2025,2330024.0,49.66,50.34,21.86,15.89,28.75,22.69,10.02
TR522,TR,Karaman,2025,262791.0,49.79,50.21,19.99,15.89,28.18,23.76,11.03
TR611,TR,Antalya,2025,2722103.0,50.33,49.67,19.31,13.73,30.95,25.92,9.37
TR612,TR,Isparta,2025,446409.0,49.33,50.67,16.95,15.65,26.94,25.47,13.73
TR613,TR,Burdur,2025,275826.0,50.01,49.99,15.68,15.34,25.98,26.06,15.22
TR621,TR,Adana,2025,2280484.0,50.03,49.97,22.61,14.62,29.09,23.65,9.39
TR622,TR,Mersin,2025,1954279.0,50.14,49.86,21.15,14.11,28.98,24.88,10.1
TR631,TR,Hatay,2025,1562185.0,50.69,49.31,24.92,15.33,28.07,22.76,8.22
TR632,TR,Kahramanmaraş,2025,1134105.0,50.94,49.06,24.5,16.26,28.37,21.3,8.81
TR633,TR,Osmaniye,2025,561061.0,50.33,49.67,23.79,15.57,27.5,23.1,9.38
TR711,TR,Kırıkkale,2025,283053.0,50.15,49.85,16.79,16.18,26.65,26.39,13.0
TR712,TR,Aksaray,2025,439474.0,50.0,50.0,22.58,15.56,28.93,22.38,9.79
TR713,TR,Niğde,2025,372708.0,49.96,50.04,21.13,16.52,27.26,23.65,10.52
TR714,TR,Nevşehir,2025,317952.0,49.25,50.75,18.93,15.77,27.88,24.29,12.08
TR715,TR,Kırşehir,2025,244546.0,49.67,50.33,17.63,15.38,26.81,25.84,13.26
TR721,TR,Kayseri,2025,1452458.0,49.96,50.04,21.36,15.43,29.26,23.5,9.71
TR722,TR,Sivas,2025,637007.0,49.87,50.13,18.47,15.95,27.06,24.02,13.37
TR723,TR,Yozgat,2025,413161.0,50.17,49.83,17.83,14.93,26.83,25.01,14.22
TR811,TR,Zonguldak,2025,586802.0,49.64,50.36,15.12,13.43,26.78,28.84,14.79
TR812,TR,Karabük,2025,250478.0,50.28,49.72,14.88,16.83,26.41,26.57,14.13
TR813,TR,Bartın,2025,206715.0,49.65,50.35,14.66,14.39,26.37,28.13,15.33
TR821,TR,Kastamonu,2025,381991.0,49.57,50.43,14.69,12.95,25.31,26.84,18.58
TR822,TR,Çankırı,2025,199981.0,50.2,49.8,16.25,14.45,25.42,26.19,16.22
TR823,TR,Sinop,2025,226957.0,49.69,50.31,15.06,12.62,24.43,27.05,19.02
TR831,TR,Samsun,2025,1382376.0,49.49,50.51,18.07,13.8,27.92,26.53,12.63
TR832,TR,Tokat,2025,612674.0,49.71,50.29,17.43,14.34,25.95,26.4,14.72
TR833,TR,Çorum,2025,521335.0,49.69,50.31,17.03,12.61,26.29,26.84,15.77
TR834,TR,Amasya,2025,342378.0,50.17,49.83,16.55,13.09,27.48,26.44,15.0
TR901,TR,Trabzon,2025,822270.0,49.63,50.37,18.0,13.72,27.38,26.1,13.4
TR902,TR,Ordu,2025,770711.0,49.89,50.11,17.04,12.16,26.48,27.77,15.02
TR903,TR,Giresun,2025,455922.0,50.03,49.97,14.99,12.42,25.46,28.05,16.92
TR904,TR,Rize,2025,346977.0,50.01,49.99,16.84,13.1,27.32,27.72,13.55
TR905,TR,Artvin,2025,169280.0,49.96,50.04,14.98,13.02,26.12,27.25,16.79
TR906,TR,Gümüşhane,2025,142617.0,50.12,49.88,15.84,17.69,26.77,24.29,13.8
TRA11,TR,Erzurum,2025,745005.0,49.89,50.11,23.06,17.71,28.62,20.62,9.18
TRA12,TR,Erzincan,2025,241239.0,50.96,49.04,17.79,15.6,29.32,23.4,12.61
TRA13,TR,Bayburt,2025,83676.0,50.62,49.38,18.05,19.14,28.63,21.49,11.49
TRA21,TR,Ağrı,2025,499801.0,51.79,48.21,31.27,19.71,28.82,14.39,5.41
TRA22,TR,Kars,2025,272300.0,51.47,48.53,23.69,18.25,28.94,19.5,8.78
TRA23,TR,Iğdır,2025,206857.0,51.96,48.04,26.22,18.42,29.91,17.51,7.29
TRA24,TR,Ardahan,2025,91354.0,52.1,47.9,18.48,15.2,27.82,23.61,13.63
TRB11,TR,Malatya,2025,750491.0,50.17,49.83,20.13,15.36,28.21,24.23,11.0
TRB12,TR,Elazığ,2025,603941.0,49.4,50.6,20.25,15.32,28.7,24.2,10.54
TRB13,TR,Bingöl,2025,283276.0,50.32,49.68,24.49,16.11,31.46,19.53,7.67
TRB14,TR,Tunceli,2025,86612.0,52.24,47.76,13.93,12.42,30.91,25.77,14.9
TRB21,TR,Van,2025,1118087.0,50.94,49.06,30.04,18.97,31.19,14.73,4.75
TRB22,TR,Muş,2025,392301.0,50.83,49.17,30.99,19.45,28.26,15.06,5.8
TRB23,TR,Bitlis,2025,359808.0,51.73,48.27,29.69,18.65,30.19,15.42,5.59
TRB24,TR,Hakkari,2025,282191.0,52.87,47.13,26.03,20.79,35.25,13.6,3.94
TRC11,TR,Gaziantep,2025,2193363.0,50.44,49.56,29.35,17.31,29.49,17.74,5.68
TRC12,TR,Adıyaman,2025,611037.0,50.66,49.34,26.67,15.97,28.56,19.85,8.18
TRC13,TR,Kilis,2025,156739.0,50.5,49.5,26.57,18.44,28.42,18.45,7.39
TRC21,TR,Şanlıurfa,2025,2237745.0,50.49,49.51,37.33,18.43,26.94,12.94,4.01
TRC22,TR,Diyarbakır,2025,1833684.0,50.52,49.48,30.42,17.44,30.7,15.98,4.96
TRC31,TR,Mardin,2025,895911.0,50.26,49.74,31.43,17.84,29.7,15.05,5.23
TRC32,TR,Batman,2025,654528.0,50.65,49.35,30.6,18.68,30.93,14.76,4.57
TRC33,TR,Şırnak,2025,570826.0,52.03,47.97,33.36,20.61,31.4,10.94,3.29
TRC34,TR,Siirt,2025,336453.0,51.13,48.87,30.66,20.32,29.73,13.53,5.27
UKC11,UK,Hartlepool and Stockton-on-Tees,2019,290998.0,49.11,50.89,18.48,11.22,24.9,26.82,16.22
UKC12,UK,South Teesside,2019,276988.0,49.0,51.0,18.43,12.41,23.93,25.93,16.95
UKC13,UK,Darlington,2019,106522.0,48.7,51.3,17.74,10.32,24.21,27.37,17.64
UKC14,UK,Durham CC,2019,527035.0,49.19,50.81,16.21,12.34,23.11,27.6,18.38
UKC21,UK,Northumberland,2019,319010.0,48.79,51.21,15.21,9.44,21.27,29.53,21.59
UKC22,UK,Tyneside,2019,858694.0,49.38,50.62,16.68,13.85,26.12,25.33,15.62
UKC23,UK,Sunderland,2019,277733.0,48.76,51.24,16.56,11.68,24.78,27.45,17.32
UKD11,UK,West Cumbria,2019,232618.0,49.58,50.42,15.9,9.97,21.83,29.19,20.33
UKD12,UK,East Cumbria,2019,265465.0,49.1,50.9,15.04,9.7,20.53,29.4,21.85
UKD33,UK,Manchester,2019,553230.0,50.7,49.3,19.35,18.63,34.33,18.43,8.12
UKD34,UK,Greater Manchester South West,2019,492658.0,49.72,50.28,19.69,11.29,28.62,24.6,13.61
UKD35,UK,Greater Manchester South East,2019,517992.0,49.04,50.96,18.68,10.14,25.21,26.92,16.62
UKD36,UK,Greater Manchester North West,2019,612383.0,49.72,50.28,18.78,11.05,25.27,26.65,16.3
UKD37,UK,Greater Manchester North East,2019,645740.0,49.18,50.82,20.4,11.53,25.84,25.33,14.91
UKD41,UK,Blackburn with Darwen,2019,148753.0,50.13,49.87,21.68,12.73,26.56,24.46,12.97
UKD42,UK,Blackpool,2019,139098.0,49.57,50.43,17.45,10.98,23.12,28.03,17.78
UKD44,UK,Lancaster and Wyre,2019,254791.0,49.15,50.85,15.54,13.58,21.25,26.38,20.15
UKD45,UK,Mid Lancashire,2019,391144.0,49.6,50.4,17.18,11.8,23.19,27.23,17.92
UKD46,UK,East Lancashire,2019,330381.0,49.4,50.6,19.5,10.7,25.04,26.08,16.48
UKD47,UK,Chorley and West Lancashire,2019,231151.0,49.33,50.67,16.75,11.77,22.73,27.77,18.57
UKD61,UK,Warrington,2019,210829.0,49.64,50.36,17.84,10.4,25.37,27.76,16.5
UKD62,UK,Cheshire East,2019,380694.0,48.95,51.05,16.79,9.54,21.79,28.93,19.8
UKD63,UK,Cheshire West and Chester,2019,339824.0,48.71,51.29,16.79,11.03,22.81,27.83,18.77
UKD71,UK,East Merseyside,2019,457712.0,48.54,51.46,18.29,10.94,24.7,27.22,16.74
UKD72,UK,Liverpool,2019,496784.0,49.9,50.1,16.42,16.53,29.52,22.8,12.87
UKD73,UK,Sefton,2019,275562.0,48.19,51.81,16.34,10.0,21.94,28.35,19.94
UKD74,UK,Wirral,2019,323266.0,48.43,51.57,17.64,10.11,22.96,27.58,18.77
UKE11,UK,"Kingston upon Hull, City of",2019,261149.0,50.37,49.63,18.86,13.67,28.58,23.88,13.24
UKE12,UK,East Riding of Yorkshire,2019,339625.0,49.07,50.93,15.3,9.41,19.82,29.56,22.76
UKE13,UK,North and North East Lincolnshire,2019,331871.0,49.36,50.64,17.82,10.29,23.75,27.41,18.08
UKE21,UK,York,2019,210235.0,49.13,50.87,14.8,17.61,25.65,23.65,15.7
UKE22,UK,North Yorkshire CC,2019,613819.0,49.25,50.75,15.81,9.32,20.99,29.43,21.25
UKE31,UK,"Barnsley, Doncaster and Rotherham",2019,820943.0,49.44,50.56,17.98,10.61,24.88,27.19,17.02
UKE32,UK,Sheffield,2019,584028.0,49.77,50.23,17.14,16.92,26.91,22.89,13.91
UKE41,UK,Bradford,2019,536986.0,49.29,50.71,22.31,12.64,26.31,23.81,12.97
UKE42,UK,Leeds,2019,792525.0,49.11,50.89,18.37,15.99,27.4,22.71,13.52
UKE44,UK,Calderdale and Kirklees,2019,651117.0,49.43,50.57,18.96,11.68,24.96,26.46,15.78
UKE45,UK,Wakefield,2019,343932.0,49.2,50.8,17.93,10.23,25.32,27.41,16.84
UKF11,UK,Derby,2019,258746.0,49.54,50.46,19.79,13.36,26.71,23.81,13.89
UKF12,UK,East Derbyshire,2019,285393.0,49.06,50.94,15.93,10.18,23.08,28.72,19.45
UKF13,UK,South and West Derbyshire,2019,510300.0,49.17,50.83,16.18,10.06,22.88,29.3,18.93
UKF14,UK,Nottingham,2019,331297.0,50.79,49.21,17.93,22.65,28.0,19.82,9.98
UKF15,UK,North Nottinghamshire,2019,475079.0,49.29,50.71,17.25,10.34,23.72,28.08,18.19
UKF16,UK,South Nottinghamshire,2019,349566.0,49.2,50.8,16.85,10.35,24.43,27.33,18.25
UKF21,UK,Leicester,2019,357394.0,50.08,49.92,20.41,17.85,29.12,20.65,10.34
UKF22,UK,Leicestershire CC and Rutland,2019,736439.0,49.55,50.45,16.76,11.87,23.12,27.42,18.15
UKF24,UK,West Northamptonshire,2019,403687.0,49.6,50.4,19.16,11.01,25.43,26.7,15.56
UKF25,UK,North Northamptonshire,2019,346244.0,49.24,50.76,19.34,10.17,24.83,27.07,16.35
UKF30,UK,Lincolnshire,2019,756920.0,48.98,51.02,16.23,10.79,22.04,27.41,20.61
UKG11,UK,"Herefordshire, County of",2019,192214.0,49.54,50.46,15.77,9.42,22.25,28.12,21.19
UKG12,UK,Worcestershire,2019,592158.0,49.21,50.79,16.7,10.31,22.78,27.53,19.65
UKG13,UK,Warwickshire,2019,568167.0,49.46,50.54,17.05,10.89,24.07,27.02,18.16
UKG21,UK,Telford and Wrekin,2019,177450.0,49.72,50.28,19.27,12.13,25.2,26.18,15.41
UKG22,UK,Shropshire CC,2019,319189.0,49.63,50.37,15.34,9.88,21.33,28.87,21.36
UKG23,UK,Stoke-on-Trent,2019,256127.0,50.15,49.85,19.37,12.44,26.34,24.74,15.16
UKG24,UK,Staffordshire CC,2019,874190.0,49.75,50.25,16.17,10.8,23.31,27.94,19.17
UKG31,UK,Birmingham,2019,1148862.0,49.5,50.5,21.51,16.09,28.37,21.06,11.07
UKG32,UK,Solihull,2019,215055.0,48.67,51.33,18.37,10.42,23.09,26.95,18.02
UKG33,UK,Coventry,2019,369461.0,50.72,49.28,18.63,17.39,30.14,20.21,11.74
UKG36,UK,Dudley,2019,320320.0,49.03,50.97,18.19,10.85,24.19,26.34,17.84
UKG37,UK,Sandwell,2019,328774.0,49.59,50.41,21.34,11.84,27.76,24.01,13.05
UKG38,UK,Walsall,2019,283663.0,49.16,50.84,20.32,11.75,25.64,24.59,15.36
UKG39,UK,Wolverhampton,2019,262242.0,49.63,50.37,20.04,11.75,27.04,24.47,14.24
UKH11,UK,Peterborough,2019,201799.0,50.22,49.78,21.98,10.57,29.2,23.48,12.75
UKH12,UK,Cambridgeshire CC,2019,653412.0,50.06,49.94,17.62,12.2,25.07,26.1,16.39
UKH14,UK,Suffolk,2019,760472.0,49.45,50.55,16.94,10.03,22.77,26.88,20.09
UKH15,UK,Norwich and East Norfolk,2019,370822.0,49.34,50.66,16.09,13.28,24.48,24.97,18.18
UKH16,UK,North and West Norfolk,2019,257538.0,48.87,51.13,15.09,8.95,19.66,27.57,24.79
UKH17,UK,Breckland and South Norfolk,2019,277633.0,49.24,50.76,16.67,9.48,21.94,27.33,21.25
UKH21,UK,Luton,2019,218045.0,50.7,49.3,22.96,12.3,30.72,21.64,10.64
UKH23,UK,Hertfordshire,2019,1194634.0,48.96,51.04,19.42,10.58,26.82,26.14,14.46
UKH24,UK,Bedford,2019,173237.0,49.45,50.55,19.62,10.93,25.53,26.23,15.12
UKH25,UK,Central Bedfordshire,2019,285931.0,49.35,50.65,18.77,9.65,26.42,27.26,15.79
UKH31,UK,Southend-on-Sea,2019,183453.0,48.99,51.01,18.37,10.29,25.59,26.36,16.44
UKH32,UK,Thurrock,2019,173405.0,49.33,50.67,21.83,10.94,28.85,24.48,12.29
UKH34,UK,Essex Haven Gateway,2019,492514.0,49.06,50.94,17.17,11.26,23.51,26.13,19.06
UKH35,UK,West Essex,2019,308522.0,48.62,51.38,19.08,10.17,25.14,27.13,15.71
UKH36,UK,Heart of Essex,2019,319145.0,49.17,50.83,17.27,10.19,24.34,27.47,17.84
UKH37,UK,Essex Thames Gateway,2019,364848.0,48.69,51.31,17.87,10.6,24.17,26.69,18.04
UKI31,UK,Camden and City of London,2019,270016.0,50.72,49.28,16.48,14.06,36.04,21.21,10.52
UKI32,UK,Westminster,2019,253137.0,52.36,47.64,15.82,11.66,37.28,22.82,10.73
UKI33,UK,Kensington & Chelsea and Hammersmith & Fulham,2019,339909.0,49.77,50.23,16.4,11.18,35.36,23.93,11.49
UKI34,UK,Wandsworth,2019,327451.0,48.02,51.98,17.27,10.02,43.73,19.5,8.28
UKI41,UK,Hackney and Newham,2019,638859.0,51.57,48.43,20.51,12.23,40.65,19.11,6.63
UKI42,UK,Tower Hamlets,2019,319821.0,52.31,47.69,19.17,14.02,44.1,16.42,5.52
UKI43,UK,Haringey and Islington,2019,516586.0,50.54,49.46,17.08,13.42,38.82,21.23,8.32
UKI44,UK,Lewisham and Southwark,2019,627380.0,49.67,50.33,18.68,11.57,38.62,22.32,7.66
UKI45,UK,Lambeth,2019,328244.0,50.33,49.67,16.53,11.11,43.42,20.7,7.16
UKI51,UK,Bexley and Greenwich,2019,538801.0,49.44,50.56,20.31,11.4,31.43,23.68,11.3
UKI52,UK,Barking & Dagenham and Havering,2019,476061.0,48.65,51.35,22.31,11.53,29.0,23.1,11.86
UKI53,UK,Redbridge and Waltham Forest,2019,587575.0,50.39,49.61,21.07,11.37,33.43,22.54,9.95
UKI54,UK,Enfield,2019,338201.0,48.96,51.04,21.59,11.57,29.6,24.14,11.27
UKI61,UK,Bromley,2019,334536.0,48.07,51.93,19.3,9.44,27.66,26.2,14.7
UKI62,UK,Croydon,2019,389473.0,48.57,51.43,20.98,10.78,29.26,25.44,11.7
UKI63,UK,"Merton, Kingston upon Thames and Sutton",2019,592763.0,49.11,50.89,19.77,10.48,31.5,24.41,11.85
UKI71,UK,Barnet,2019,395839.0,49.59,50.41,20.15,10.88,30.99,23.62,12.1
UKI72,UK,Brent,2019,331616.0,51.01,48.99,20.1,12.08,32.29,23.4,10.53
UKI73,UK,Ealing,2019,344837.0,50.33,49.67,20.53,10.9,31.59,24.17,11.11
UKI74,UK,Harrow and Hillingdon,2019,559903.0,50.13,49.87,20.36,11.67,29.94,23.65,12.31
UKI75,UK,Hounslow and Richmond upon Thames,2019,471248.0,49.9,50.1,20.37,10.04,31.28,24.74,11.81
UKJ11,UK,Berkshire,2019,915157.0,49.84,50.16,20.27,11.18,27.47,25.66,13.32
UKJ12,UK,Milton Keynes,2019,271677.0,49.49,50.51,21.87,10.12,29.5,24.66,12.26
UKJ13,UK,Buckinghamshire CC,2019,543128.0,48.99,51.01,19.41,10.28,24.19,27.3,16.11
UKJ14,UK,Oxfordshire,2019,687466.0,49.88,50.12,17.79,12.96,25.38,25.47,15.78
UKJ21,UK,Brighton and Hove,2019,292169.0,50.35,49.65,14.71,17.43,30.61,23.93,11.24
UKJ22,UK,East Sussex CC,2019,558626.0,48.46,51.54,16.0,9.8,20.43,28.01,21.83
UKJ25,UK,West Surrey,2019,791570.0,49.3,50.7,18.61,11.55,24.8,26.59,15.55
UKJ26,UK,East Surrey,2019,404293.0,48.77,51.23,18.54,9.71,24.13,27.71,16.81
UKJ27,UK,West Sussex (South West),2019,457549.0,48.24,51.76,15.89,9.54,21.14,27.36,22.06
UKJ28,UK,West Sussex (North East),2019,405631.0,49.11,50.89,18.62,9.69,25.05,27.33,16.41
UKJ31,UK,Portsmouth,2019,216023.0,50.97,49.03,17.65,17.62,28.06,22.57,12.12
UKJ32,UK,Southampton,2019,254361.0,51.16,48.84,17.46,19.54,29.29,20.43,11.36
UKJ34,UK,Isle of Wight,2019,141606.0,49.01,50.99,14.65,9.5,19.21,28.69,24.19
UKJ35,UK,South Hampshire,2019,460523.0,48.93,51.07,16.95,10.51,23.36,27.43,18.66
UKJ36,UK,Central Hampshire,2019,551640.0,48.4,51.6,16.51,10.3,20.64,28.2,20.66
UKJ37,UK,North Hampshire,2019,368897.0,49.74,50.26,18.91,10.09,26.49,27.21,15.13
UKJ41,UK,Medway,2019,280894.0,49.52,50.48,19.56,12.1,27.01,25.38,14.13
UKJ43,UK,Kent Thames Gateway,2019,366135.0,49.32,50.68,19.81,10.67,26.34,25.91,15.06
UKJ44,UK,East Kent,2019,538428.0,49.14,50.86,16.17,13.06,21.81,26.12,19.74
UKJ45,UK,Mid Kent,2019,300082.0,49.04,50.96,18.93,10.34,24.64,26.71,16.85
UKJ46,UK,West Kent,2019,369178.0,48.94,51.06,18.97,9.9,23.53,27.69,17.03
UKK11,UK,"Bristol, City of",2019,467099.0,50.16,49.84,17.75,16.49,32.95,19.87,11.0
UKK12,UK,"Bath and North East Somerset, North Somerset and South Gloucestershire",2019,690838.0,49.27,50.73,16.96,12.77,23.85,25.94,17.6
UKK13,UK,Gloucestershire,2019,635249.0,49.02,50.98,16.95,10.77,23.01,27.8,18.59
UKK14,UK,Swindon,2019,222517.0,49.87,50.13,19.35,10.39,27.0,27.2,13.95
UKK15,UK,Wiltshire CC,2019,500865.0,49.45,50.55,17.79,9.97,22.71,28.12,18.5
UKK23,UK,Somerset,2019,560631.0,48.87,51.13,16.55,9.76,21.01,28.05,21.17
UKK30,UK,Cornwall and Isles of Scilly,2019,568612.0,48.58,51.42,15.99,10.62,20.5,28.07,21.71
UKK41,UK,Plymouth,2019,264135.0,49.82,50.18,17.01,15.21,25.11,24.34,15.87
UKK42,UK,Torbay,2019,136051.0,48.67,51.33,15.84,9.46,20.06,28.09,22.85
UKK43,UK,Devon CC,2019,795012.0,48.84,51.16,15.4,10.73,21.04,27.49,21.76
UKL11,UK,Isle of Anglesey,2019,70073.0,49.19,50.81,16.38,9.33,20.76,27.67,22.51
UKL12,UK,Gwynedd,2019,124147.0,49.82,50.18,15.84,14.6,21.32,25.19,19.58
UKL13,UK,Conwy and Denbighshire,2019,212675.0,49.03,50.97,16.13,9.64,20.26,27.87,22.43
UKL14,UK,South West Wales,2019,386480.0,49.26,50.74,15.78,11.87,20.52,27.19,21.34
UKL15,UK,Central Valleys,2019,299239.0,49.05,50.95,17.66,11.87,25.15,26.09,17.0
UKL16,UK,Gwent Valleys,2019,343280.0,48.94,51.06,17.42,11.02,24.65,26.89,17.71
UKL17,UK,Bridgend and Neath Port Talbot,2019,286272.0,49.33,50.67,16.67,10.71,24.35,27.39,18.35
UKL18,UK,Swansea,2019,246217.0,50.08,49.92,15.87,14.92,24.75,24.61,17.04
UKL21,UK,Monmouthshire and Newport,2019,244891.0,49.16,50.84,17.56,11.01,23.64,27.17,17.85
UKL22,UK,Cardiff and Vale of Glamorgan,2019,497646.0,49.2,50.8,17.62,15.75,27.32,23.18,13.88
UKL23,UK,Flintshire and Wrexham,2019,293370.0,49.67,50.33,17.73,10.44,24.04,27.11,18.19
UKL24,UK,Powys,2019,132093.0,49.51,50.49,14.94,9.52,18.84,29.13,23.81
UKM50,UK,Aberdeen City and Aberdeenshire,2019,495365.0,49.78,50.22,16.21,11.37,28.57,26.49,15.27
UKM61,UK,Caithness & Sutherland and Ross & Cromarty,2019,94917.0,49.02,50.98,15.4,10.17,21.36,29.68,20.64
UKM62,UK,"Inverness & Nairn and Moray, Badenoch & Strathspey",2019,204193.0,49.25,50.75,15.91,10.47,23.45,28.86,18.68
UKM63,UK,"Lochaber, Skye & Lochalsh, Arran & Cumbrae and Argyll & Bute",2019,100012.0,49.08,50.92,14.49,9.84,20.12,30.35,22.33
UKM64,UK,Na h-Eileanan Siar (Western Isles),2019,26688.0,49.33,50.67,14.98,9.04,20.41,29.97,22.23
UKM65,UK,Orkney Islands,2019,22055.0,49.84,50.16,15.05,9.43,21.68,30.06,21.07
UKM66,UK,Shetland Islands,2019,23125.0,50.92,49.08,17.05,10.62,23.9,28.52,17.77
UKM71,UK,Angus and Dundee City,2019,265465.0,48.51,51.49,15.42,12.76,25.56,26.09,17.49
UKM72,UK,Clackmannanshire and Fife,2019,423970.0,48.61,51.39,16.35,11.68,23.26,28.24,18.15
UKM73,UK,East Lothian and Midlothian,2019,197947.0,47.96,52.04,17.72,10.48,23.93,28.37,17.28
UKM75,UK,"Edinburgh, City of",2019,520483.0,48.82,51.18,14.49,13.07,34.1,23.22,12.96
UKM76,UK,Falkirk,2019,161029.0,49.01,50.99,16.59,10.8,24.91,28.87,16.75
UKM77,UK,Perth & Kinross and Stirling,2019,246780.0,48.8,51.2,15.14,11.99,22.75,28.38,18.89
UKM78,UK,West Lothian,2019,183025.0,49.09,50.91,18.29,11.24,25.72,28.21,14.93
UKM81,UK,"East Dunbartonshire, West Dunbartonshire and Helensburgh & Lomond",2019,223516.0,48.39,51.61,16.37,10.93,22.33,29.31,18.41
UKM82,UK,Glasgow City,2019,627479.0,48.76,51.24,15.21,13.37,33.72,24.23,11.75
UKM83,UK,"Inverclyde, East Renfrewshire and Renfrewshire",2019,351257.0,48.0,52.0,16.64,11.17,23.53,28.96,17.18
UKM84,UK,North Lanarkshire,2019,339746.0,48.45,51.55,17.33,11.74,25.32,28.39,15.52
UKM91,UK,Scottish Borders,2019,115230.0,48.54,51.46,15.54,9.8,19.29,30.79,21.78
UKM92,UK,Dumfries & Galloway,2019,148871.0,48.59,51.41,14.7,9.93,19.82,29.92,22.57
UKM93,UK,East Ayrshire and North Ayrshire mainland,2019,251307.0,48.04,51.96,16.17,11.03,22.32,29.25,18.93
UKM94,UK,South Ayrshire,2019,112461.0,47.75,52.25,14.73,10.24,20.2,29.53,22.13
UKM95,UK,South Lanarkshire,2019,319317.0,48.34,51.66,16.3,10.75,24.01,29.54,17.17
UKN06,UK,Belfast,2019,341506.0,48.55,51.45,18.91,14.47,28.13,23.77,12.59
UKN07,UK,"Armagh City, Banbridge and Craigavon",2019,215246.0,49.73,50.27,21.25,11.41,26.67,25.2,13.67
UKN08,UK,"Newry, Mourne and Down",2019,180825.0,49.6,50.4,21.32,12.01,25.4,25.64,13.7
UKN09,UK,Ards and North Down,2019,160975.0,48.53,51.47,17.57,10.29,23.27,27.62,18.74
