ID_NUTS3,ID_NUTS0,Name,year,total_population,pct_male,pct_female,pct_0_14,pct_15_24,pct_25_44,pct_45_64,pct_65_plus,pct_emp_agriculture,pct_emp_industry_constr,pct_emp_trade_transport,pct_emp_info_fin_prof,pct_emp_public_edu_health,pct_emp_other_services,gdp_pc_eur,gdp_idx_eu100,income_level,pct_edu_low,pct_edu_medium,pct_edu_high
AL011,AL,Dibër,2022,104624.0,50.33,49.67,16.94,13.07,23.21,28.64,16.71,,,,,,,4500.0,14.4,very_low,,,
AL012,AL,Durrës,2022,222999.0,50.14,49.86,16.41,11.77,24.74,27.65,18.05,,,,,,,6400.0,20.5,very_low,,,
AL013,AL,Kukës,2022,60207.0,50.19,49.81,20.37,14.08,23.37,28.06,12.73,,,,,,,3600.0,11.5,very_low,,,
AL014,AL,Lezhë,2022,96384.0,49.95,50.05,15.99,11.2,21.99,29.38,19.55,,,,,,,4600.0,14.7,very_low,,,
AL015,AL,Shkodër,2022,149496.0,49.32,50.68,14.92,11.42,21.69,29.23,20.87,,,,,,,4900.0,15.7,very_low,,,
AL021,AL,Elbasan,2022,226963.0,49.99,50.01,14.71,11.19,22.87,29.85,19.91,,,,,,,4600.0,14.7,very_low,,,
AL022,AL,Tiranë,2022,759981.0,48.3,51.7,16.53,13.03,28.23,25.04,15.81,,,,,,,8600.0,27.5,very_low,,,
AL031,AL,Berat,2022,138926.0,49.45,50.55,12.34,11.02,21.48,30.3,23.02,,,,,,,5800.0,18.6,very_low,,,
AL032,AL,Fier,2022,233215.0,50.12,49.88,13.57,8.98,20.38,31.31,23.71,,,,,,,6900.0,22.1,very_low,,,
AL033,AL,Gjirokastër,2022,58456.0,50.39,49.61,10.89,7.78,19.85,31.1,27.39,,,,,,,7200.0,23.1,very_low,,,
AL034,AL,Korcë,2022,168064.0,50.41,49.59,13.08,9.96,22.5,28.92,23.45,,,,,,,4500.0,14.4,very_low,,,
AL035,AL,Vlorë,2022,143999.0,49.88,50.12,12.45,9.43,21.18,28.73,25.63,,,,,,,5800.0,18.6,very_low,,,
AT111,AT,Mittelburgenland,2023,37744.0,49.22,50.78,11.95,8.73,21.16,31.28,23.04,,,,,,,32300.0,96.5,medium,11.8,53.6,34.7
AT112,AT,Nordburgenland,2023,165805.0,48.77,51.23,13.68,9.05,23.43,30.66,20.03,,,,,,,41300.0,123.4,medium,11.8,53.6,34.7
AT113,AT,Südburgenland,2023,98241.0,49.03,50.97,12.24,8.79,21.23,31.56,22.9,,,,,,,33100.0,98.9,medium,11.8,53.6,34.7
AT121,AT,Mostviertel-Eisenwurzen,2023,250792.0,49.94,50.06,15.42,10.29,25.24,28.47,17.6,,,,,,,40600.0,121.3,medium,12.3,49.7,38.0
AT122,AT,Niederösterreich-Süd,2023,268098.0,49.06,50.94,14.31,9.9,24.95,29.21,18.72,,,,,,,37600.0,112.4,medium,12.3,49.7,38.0
AT123,AT,Sankt Pölten,2023,163040.0,49.38,50.62,14.58,10.35,25.35,28.96,17.88,,,,,,,52300.0,156.3,high,12.3,49.7,38.0
AT124,AT,Waldviertel,2023,215137.0,49.6,50.4,12.99,9.46,22.86,30.08,20.88,,,,,,,39700.0,118.6,medium,12.3,49.7,38.0
AT125,AT,Weinviertel,2023,127215.0,49.42,50.58,13.38,8.91,23.19,30.52,20.56,,,,,,,32100.0,95.9,medium,12.3,49.7,38.0
AT126,AT,Wiener Umland/Nordteil,2023,346557.0,48.98,51.02,14.86,9.53,24.06,30.55,18.17,,,,,,,37000.0,110.6,medium,12.3,49.7,38.0
AT127,AT,Wiener Umland/Südteil,2023,356675.0,48.67,51.33,14.39,9.83,24.19,30.58,18.24,,,,,,,57500.0,171.8,high,12.3,49.7,38.0
AT130,AT,Wien,2023,2028289.0,49.02,50.98,14.43,11.61,31.79,25.69,14.43,,,,,,,60200.0,179.9,very_high,16.3,37.2,46.5
AT211,AT,Klagenfurt-Villach,2023,298721.0,48.47,51.53,13.01,9.56,24.89,29.31,20.1,,,,,,,56400.0,168.5,high,9.8,54.9,35.4
AT212,AT,Oberkärnten,2023,123597.0,49.19,50.81,12.88,9.21,22.6,29.6,21.92,,,,,,,40400.0,120.7,medium,9.8,54.9,35.4
AT213,AT,Unterkärnten,2023,147777.0,49.47,50.53,13.09,9.61,23.05,29.71,21.14,,,,,,,44000.0,131.5,high,9.8,54.9,35.4
AT221,AT,Graz,2023,469968.0,49.43,50.57,13.86,10.85,30.47,26.45,15.78,,,,,,,59800.0,178.7,very_high,12.7,53.7,33.6
AT222,AT,Liezen,2023,79579.0,49.0,51.0,12.97,9.3,23.11,29.49,21.55,,,,,,,46200.0,138.1,high,12.7,53.7,33.6
AT223,AT,Östliche Obersteiermark,2023,156148.0,49.13,50.87,12.07,8.9,23.15,29.26,22.54,,,,,,,48000.0,143.4,high,12.7,53.7,33.6
AT224,AT,Oststeiermark,2023,267391.0,49.67,50.33,13.94,9.22,23.73,30.23,19.65,,,,,,,39000.0,116.5,medium,12.7,53.7,33.6
AT225,AT,West- und Südsteiermark,2023,200216.0,49.41,50.59,13.18,8.94,23.81,30.79,20.2,,,,,,,38400.0,114.7,medium,12.7,53.7,33.6
AT226,AT,Westliche Obersteiermark,2023,98414.0,49.31,50.69,12.86,9.24,22.83,29.42,21.77,,,,,,,41400.0,123.7,medium,12.7,53.7,33.6
AT311,AT,Innviertel,2023,299331.0,50.24,49.76,15.2,10.08,26.11,28.66,17.18,,,,,,,46600.0,139.2,high,14.4,51.8,33.8
AT312,AT,Linz-Wels,2023,617181.0,49.5,50.5,14.9,10.75,27.6,27.31,16.79,,,,,,,66400.0,198.4,very_high,14.4,51.8,33.8
AT313,AT,Mühlviertel,2023,215016.0,50.37,49.63,15.98,10.29,25.08,28.72,17.32,,,,,,,35900.0,107.3,medium,14.4,51.8,33.8
AT314,AT,Steyr-Kirchdorf,2023,158848.0,49.73,50.27,14.74,10.37,24.87,28.4,18.61,,,,,,,50900.0,152.1,high,14.4,51.8,33.8
AT315,AT,Traunviertel,2023,245143.0,49.45,50.55,14.83,9.89,25.34,28.57,18.41,,,,,,,45000.0,134.5,high,14.4,51.8,33.8
AT321,AT,Lungau,2023,20460.0,49.6,50.4,13.7,10.07,23.73,29.27,19.9,,,,,,,45200.0,135.1,high,11.5,53.7,34.7
AT322,AT,Pinzgau-Pongau,2023,173404.0,49.29,50.71,15.06,10.0,25.8,28.72,17.8,,,,,,,56500.0,168.8,high,11.5,53.7,34.7
AT323,AT,Salzburg und Umgebung,2023,378982.0,48.78,51.22,14.19,10.4,27.5,27.56,17.67,,,,,,,67600.0,202.0,very_high,11.5,53.7,34.7
AT331,AT,Außerfern,2023,33946.0,49.57,50.43,13.94,9.04,25.61,29.38,19.18,,,,,,,57300.0,171.2,high,14.0,52.7,33.3
AT332,AT,Innsbruck,2023,319242.0,49.26,50.74,13.76,10.45,29.23,27.17,16.62,,,,,,,55800.0,166.7,high,14.0,52.7,33.3
AT333,AT,Osttirol,2023,49011.0,49.46,50.54,14.38,10.07,23.43,29.76,18.89,,,,,,,43300.0,129.4,high,14.0,52.7,33.3
AT334,AT,Tiroler Oberland,2023,107718.0,49.61,50.39,15.37,10.4,26.6,29.08,16.01,,,,,,,55800.0,166.7,high,14.0,52.7,33.3
AT335,AT,Tiroler Unterland,2023,267743.0,49.39,50.61,14.68,9.92,26.34,28.99,17.4,,,,,,,56200.0,167.9,high,14.0,52.7,33.3
AT341,AT,Bludenz-Bregenzer Wald,2023,95029.0,50.15,49.85,15.77,10.48,25.84,28.33,16.85,,,,,,,64800.0,193.6,very_high,17.3,52.1,30.6
AT342,AT,Rheintal-Bodenseegebiet,2023,316755.0,49.67,50.33,15.67,10.89,26.93,27.86,16.02,,,,,,,51700.0,154.5,high,17.3,52.1,30.6
BE100,BE,Arr. de Bruxelles-Capitale/Arr. Brussel-Hoofdstad,2024,1271709.0,49.27,50.73,17.71,13.05,32.52,23.73,11.0,0.03,13.14,33.97,67.52,74.07,11.24,85300.0,297.0,very_high,21.0,25.2,53.7
BE211,BE,Arr. Antwerpen,2024,1101687.0,49.74,50.26,17.19,11.79,27.01,24.49,16.44,0.76,30.1,42.12,69.0,51.51,6.53,61600.0,214.5,very_high,15.5,38.4,46.1
BE212,BE,Arr. Mechelen,2024,362480.0,49.27,50.73,15.71,11.29,25.37,26.17,18.14,2.57,38.61,43.92,60.97,47.46,6.35,58100.0,202.3,very_high,15.5,38.4,46.1
BE213,BE,Arr. Turnhout,2024,483806.0,50.09,49.91,15.11,10.85,24.29,27.44,19.25,5.24,53.86,36.84,48.71,49.48,6.1,60400.0,210.3,very_high,15.5,38.4,46.1
BE223,BE,Arr. Tongeren,2024,211654.0,49.86,50.14,14.52,10.56,23.91,27.92,19.97,7.4,34.51,43.76,51.77,54.39,7.7,30400.0,105.8,medium,12.3,49.2,38.5
BE224,BE,Arr. Hasselt,2024,436040.0,49.66,50.34,14.63,10.94,24.83,27.04,19.29,2.11,34.27,39.79,55.9,60.77,7.12,50900.0,177.2,very_high,12.3,49.2,38.5
BE225,BE,Arr. Maaseik,2024,261761.0,50.29,49.71,14.85,10.72,24.22,27.56,19.53,3.34,52.51,40.29,46.87,50.42,6.99,37000.0,128.8,high,12.3,49.2,38.5
BE231,BE,Arr. Aalst,2024,307873.0,49.16,50.84,15.92,11.2,24.38,27.14,18.04,1.57,37.49,39.37,51.52,63.25,6.81,33800.0,117.7,medium,13.2,38.3,48.5
BE232,BE,Arr. Dendermonde,2024,208652.0,49.38,50.62,15.41,11.2,24.51,27.19,18.53,2.69,52.47,33.63,54.56,50.52,6.28,37000.0,128.8,high,13.2,38.3,48.5
BE233,BE,Arr. Eeklo,2024,89887.0,50.03,49.97,14.64,10.93,24.29,27.35,19.06,5.83,51.78,28.8,50.81,56.31,7.12,36300.0,126.4,high,13.2,38.3,48.5
BE234,BE,Arr. Gent,2024,583606.0,49.66,50.34,15.21,11.42,28.39,25.11,16.59,1.91,36.23,31.81,66.13,58.01,5.88,66700.0,232.2,very_high,13.2,38.3,48.5
BE235,BE,Arr. Oudenaarde,2024,128922.0,49.51,50.49,15.58,11.54,23.5,27.56,18.13,3.49,48.69,35.15,52.18,55.02,6.11,38900.0,135.4,high,13.2,38.3,48.5
BE236,BE,Arr. Sint-Niklaas,2024,267496.0,49.57,50.43,16.63,11.9,24.68,25.96,17.75,2.55,47.18,44.63,48.63,51.0,6.01,49500.0,172.3,high,13.2,38.3,48.5
BE241,BE,Arr. Halle-Vilvoorde,2024,674772.0,48.92,51.08,17.89,12.32,24.05,26.22,16.39,1.01,21.52,65.78,74.93,31.94,4.79,62900.0,219.0,very_high,15.1,33.9,51.0
BE242,BE,Arr. Leuven,2024,530971.0,49.38,50.62,14.99,11.58,25.47,26.34,18.22,2.52,21.45,31.44,63.76,73.8,7.13,49800.0,173.4,high,15.1,33.9,51.0
BE251,BE,Arr. Brugge,2024,288078.0,49.4,50.6,12.99,10.35,22.69,27.09,22.52,2.18,30.98,41.24,53.02,64.73,8.0,54200.0,188.7,very_high,19.0,41.9,39.1
BE252,BE,Arr. Diksmuide,2024,52740.0,50.06,49.94,15.79,10.7,24.53,26.6,18.49,14.97,47.59,32.62,47.06,50.8,5.88,37400.0,130.2,high,19.0,41.9,39.1
BE253,BE,Arr. Ieper,2024,109063.0,50.06,49.94,15.64,11.44,23.71,26.14,19.31,8.45,56.91,29.69,46.8,51.96,6.8,49800.0,173.4,high,19.0,41.9,39.1
BE254,BE,Arr. Kortrijk,2024,304883.0,49.61,50.39,16.12,11.27,25.16,25.47,18.32,1.6,53.66,36.28,53.86,48.4,5.99,56000.0,195.0,very_high,19.0,41.9,39.1
BE255,BE,Arr. Oostende,2024,161284.0,49.54,50.46,12.83,9.7,21.34,26.98,24.74,2.6,33.02,48.24,48.42,59.74,7.24,44500.0,154.9,high,19.0,41.9,39.1
BE256,BE,Arr. Roeselare,2024,160971.0,50.09,49.91,15.84,11.34,25.52,25.84,17.7,4.65,52.96,29.27,59.58,48.9,4.76,54700.0,190.4,very_high,19.0,41.9,39.1
BE257,BE,Arr. Tielt,2024,96253.0,50.24,49.76,15.63,11.09,24.81,26.64,18.01,9.44,76.85,27.64,48.99,33.03,4.72,58600.0,204.0,very_high,19.0,41.9,39.1
BE258,BE,Arr. Veurne,2024,61392.0,49.18,50.82,10.3,8.54,17.19,27.32,31.59,3.83,35.25,42.91,54.02,56.7,7.28,48500.0,168.9,high,19.0,41.9,39.1
BE310,BE,Arr. Nivelles,2024,416504.0,48.5,51.5,15.8,12.5,23.92,26.7,18.06,1.44,32.8,36.79,69.09,52.77,7.16,69500.0,242.0,very_high,9.3,27.1,63.6
BE323,BE,Arr. Mons,2024,262177.0,48.59,51.41,15.97,12.24,25.74,26.14,17.52,0.9,22.32,39.46,38.67,92.67,5.86,34100.0,118.7,medium,24.0,41.5,34.5
BE328,BE,Arr. Tournai-Mouscron,2024,228420.0,49.29,50.71,15.84,12.48,24.83,26.28,17.61,2.87,45.96,37.13,37.34,69.57,6.7,40500.0,141.0,high,24.0,41.5,34.5
BE329,BE,Arr. La Louvière,2024,142964.0,48.58,51.42,16.19,12.15,24.97,26.28,17.76,0.73,29.76,39.76,36.59,84.88,8.54,24100.0,83.9,medium,24.0,41.5,34.5
BE32A,BE,Arr. Ath,2024,130872.0,49.17,50.83,15.46,11.96,24.4,27.79,17.74,5.04,40.3,43.32,42.32,60.45,8.56,29200.0,101.7,medium,24.0,41.5,34.5
BE32B,BE,Arr. Charleroi,2024,403346.0,48.84,51.16,17.27,12.4,25.47,25.56,16.8,0.86,37.13,43.62,39.7,72.84,5.49,32600.0,113.5,medium,24.0,41.5,34.5
BE32C,BE,Arr. Soignies,2024,109221.0,48.95,51.05,16.46,12.25,25.15,26.75,16.89,3.1,52.01,31.89,43.03,65.02,5.57,30900.0,107.6,medium,24.0,41.5,34.5
BE32D,BE,Arr. Thuin,2024,92741.0,49.22,50.78,15.33,11.84,23.73,26.84,19.42,6.06,28.41,37.88,39.02,81.44,7.58,24600.0,85.6,medium,24.0,41.5,34.5
BE331,BE,Arr. Huy,2024,116478.0,49.22,50.78,16.03,12.07,25.21,26.96,17.29,4.23,40.74,33.07,45.24,68.52,7.67,38700.0,134.7,high,20.1,39.2,40.7
BE332,BE,Arr. Liège,2024,637220.0,49.08,50.92,16.25,12.21,26.51,25.02,17.25,0.67,31.44,42.31,46.99,72.33,6.22,41600.0,144.8,high,20.1,39.2,40.7
BE334,BE,Arr. Waremme,2024,84223.0,49.0,51.0,15.53,12.05,24.5,27.88,17.47,5.26,35.09,39.04,54.39,58.77,6.58,26300.0,91.6,medium,20.1,39.2,40.7
BE335,BE,Arr. Verviers — communes francophones,2024,213760.0,49.36,50.64,16.85,12.48,24.65,25.68,17.68,3.22,44.1,36.06,42.63,66.89,7.1,34500.0,120.1,medium,20.1,39.2,40.7
BE336,BE,Bezirk Verviers — Deutschsprachige Gemeinschaft,2024,80006.0,49.8,50.2,16.33,10.9,23.94,27.67,18.13,5.52,49.66,37.24,33.45,65.86,9.66,36300.0,126.4,high,20.1,39.2,40.7
BE341,BE,Arr. Arlon,2024,66866.0,50.25,49.75,16.49,12.92,28.33,26.43,13.36,1.94,28.16,46.6,31.55,83.98,8.25,31200.0,108.6,medium,17.1,41.1,41.8
BE342,BE,Arr. Bastogne,2024,52244.0,50.4,49.6,17.64,12.98,27.03,25.42,14.74,11.25,43.12,41.87,33.75,63.12,6.25,29700.0,103.4,medium,17.1,41.1,41.8
BE343,BE,Arr. Marche-en-Famenne,2024,58824.0,50.24,49.76,15.75,12.2,24.71,26.31,18.42,5.58,33.47,39.44,37.05,76.1,8.37,39700.0,138.2,high,17.1,41.1,41.8
BE344,BE,Arr. Neufchâteau,2024,66634.0,50.01,49.99,17.24,12.71,25.68,25.29,16.48,8.18,40.15,35.32,37.92,72.12,6.32,36700.0,127.8,high,17.1,41.1,41.8
BE345,BE,Arr. Virton,2024,55244.0,49.3,50.7,16.61,13.23,25.04,26.28,15.98,7.19,43.17,31.65,27.34,78.42,9.35,23800.0,82.9,medium,17.1,41.1,41.8
BE351,BE,Arr. Dinant,2024,114775.0,49.66,50.34,15.83,11.88,24.63,26.61,18.33,7.53,30.11,36.83,36.29,78.76,10.22,28600.0,99.6,medium,17.4,39.7,42.9
BE352,BE,Arr. Namur,2024,326860.0,49.11,50.89,15.76,12.51,26.16,25.77,17.16,1.91,25.55,35.77,49.89,77.73,9.0,40600.0,141.3,high,17.4,39.7,42.9
BE353,BE,Arr. Philippeville,2024,68136.0,49.73,50.27,14.74,12.09,23.95,27.62,18.94,7.41,28.57,35.45,37.04,83.07,8.47,25000.0,87.0,medium,17.4,39.7,42.9
BG311,BG,Vidin,2023,70542.0,47.89,52.11,11.43,8.29,17.93,30.96,28.46,68.69,44.26,25.12,25.99,33.87,2.08,8300.0,28.9,very_low,15.3,58.3,26.3
BG312,BG,Montana,2023,112737.0,48.34,51.66,12.78,8.64,19.88,30.25,25.79,64.32,76.5,16.12,37.77,4.03,1.31,7800.0,27.2,very_low,15.3,58.3,26.3
BG313,BG,Vratsa,2023,146002.0,48.37,51.63,13.93,9.21,20.97,30.54,23.13,46.78,70.6,27.86,16.57,34.01,4.22,14800.0,51.5,low,15.3,58.3,26.3
BG314,BG,Pleven,2023,215326.0,47.94,52.06,13.13,9.04,20.02,29.25,25.78,37.21,43.29,50.85,9.08,53.31,6.25,9800.0,34.1,very_low,15.3,58.3,26.3
BG315,BG,Lovech,2023,110823.0,48.36,51.64,13.44,9.03,19.47,29.73,25.33,36.73,81.65,36.35,16.26,24.28,4.73,9200.0,32.0,very_low,15.3,58.3,26.3
BG321,BG,Veliko Tarnovo,2023,200413.0,47.67,52.33,12.51,9.32,20.75,29.82,25.17,42.56,69.58,39.19,18.04,25.44,5.2,11300.0,39.3,very_low,14.2,55.0,30.8
BG322,BG,Gabrovo,2023,93817.0,47.44,52.56,11.61,7.88,18.83,31.14,27.31,24.06,105.02,24.48,19.95,23.84,2.63,12700.0,44.2,very_low,14.2,55.0,30.8
BG323,BG,Ruse,2023,186093.0,47.86,52.14,12.32,8.68,21.03,30.8,24.79,34.02,78.17,39.36,17.83,24.75,5.87,11600.0,40.4,very_low,14.2,55.0,30.8
BG324,BG,Razgrad,2023,99459.0,47.91,52.09,12.91,8.52,20.8,32.09,23.86,72.25,54.31,31.38,21.65,18.04,2.35,9100.0,31.7,very_low,14.2,55.0,30.8
BG325,BG,Silistra,2023,93549.0,48.17,51.83,12.94,8.16,19.36,31.46,25.99,105.41,50.3,12.04,27.36,3.49,1.43,7300.0,25.4,very_low,14.2,55.0,30.8
BG331,BG,Varna,2023,437521.0,48.02,51.98,14.56,10.34,24.66,28.81,19.66,19.75,62.98,47.58,44.04,21.19,4.49,15200.0,52.9,low,16.8,47.3,35.9
BG332,BG,Dobrich,2023,145207.0,47.75,52.25,12.69,8.72,19.63,31.83,25.01,88.46,60.86,15.02,25.0,7.64,3.06,9100.0,31.7,very_low,16.8,47.3,35.9
BG333,BG,Shumen,2023,149279.0,48.42,51.58,13.03,9.15,21.16,30.94,23.61,62.75,61.22,30.89,15.06,25.83,4.26,9300.0,32.4,very_low,16.8,47.3,35.9
BG334,BG,Targovishte,2023,94735.0,48.52,51.48,13.41,8.86,20.88,30.99,23.84,94.21,55.5,19.48,19.15,9.97,1.72,10400.0,36.2,very_low,16.8,47.3,35.9
BG341,BG,Burgas,2023,388919.0,47.94,52.06,14.58,9.62,22.75,30.09,20.99,45.46,47.83,58.92,19.11,22.42,6.28,11900.0,41.4,very_low,17.4,54.7,27.9
BG342,BG,Sliven,2023,169299.0,48.24,51.76,18.75,11.08,20.63,27.0,20.5,86.23,52.08,23.16,12.68,21.41,4.46,6700.0,23.3,very_low,17.4,54.7,27.9
BG343,BG,Yambol,2023,105429.0,48.43,51.57,15.2,9.36,19.56,28.84,24.37,72.11,67.26,24.98,13.62,17.45,4.58,9900.0,34.5,very_low,17.4,54.7,27.9
BG344,BG,Stara Zagora,2023,288736.0,48.04,51.96,14.64,9.45,21.65,29.46,22.33,38.31,90.83,28.03,14.09,22.91,5.85,22400.0,78.0,medium,17.4,54.7,27.9
BG411,BG,Sofia (stolitsa),2023,1295931.0,47.88,52.12,14.65,10.37,28.09,27.68,17.2,1.2,21.23,65.53,46.11,55.36,10.58,35400.0,123.2,medium,6.4,50.7,42.9
BG412,BG,Sofia,2023,224701.0,48.87,51.13,14.15,8.93,22.7,29.99,21.85,39.53,60.35,65.49,6.7,22.72,5.25,12800.0,44.6,very_low,6.4,50.7,42.9
BG413,BG,Blagoevgrad,2023,286333.0,48.51,51.49,14.22,9.42,23.5,30.11,20.69,43.29,65.79,48.67,12.7,24.8,4.74,9200.0,32.0,very_low,6.4,50.7,42.9
BG414,BG,Pernik,2023,109886.0,47.75,52.25,12.66,8.17,22.31,30.38,23.61,45.63,84.9,18.85,25.82,22.4,2.43,9100.0,31.7,very_low,6.4,50.7,42.9
BG415,BG,Kyustendil,2023,106131.0,47.97,52.03,12.07,7.91,20.22,31.07,25.83,43.06,75.55,42.96,15.13,17.96,5.36,8400.0,29.2,very_low,6.4,50.7,42.9
BG421,BG,Plovdiv,2023,635630.0,47.7,52.3,14.74,9.98,24.17,28.44,20.27,23.74,59.1,63.72,14.29,31.3,7.85,13100.0,45.6,very_low,16.4,55.9,27.7
BG422,BG,Haskovo,2023,207356.0,48.61,51.39,13.96,9.27,20.91,29.86,23.46,66.15,58.6,37.72,12.66,20.04,4.82,7400.0,25.8,very_low,16.4,55.9,27.7
BG423,BG,Pazardzhik,2023,223494.0,48.65,51.35,14.19,9.04,21.89,30.07,22.57,47.91,75.45,37.32,13.85,21.23,4.25,9100.0,31.7,very_low,16.4,55.9,27.7
BG424,BG,Smolyan,2023,90534.0,47.81,52.19,10.3,7.37,19.72,32.59,27.5,44.19,105.03,19.73,23.1,6.84,1.16,9500.0,33.1,very_low,16.4,55.9,27.7
BG425,BG,Kardzhali,2023,149478.0,49.08,50.92,12.23,7.53,21.22,31.93,25.04,77.41,58.01,24.09,20.75,17.13,2.65,8200.0,28.5,very_low,16.4,55.9,27.7
CH011,CH,Vaud,2024,855106.0,49.22,50.78,15.72,12.1,28.67,26.58,14.38,,,,,,,,,,18.4,35.7,45.9
CH012,CH,Valais,2024,371288.0,49.96,50.04,14.19,10.31,27.14,27.5,18.15,,,,,,,,,,18.4,35.7,45.9
CH013,CH,Genève,2024,531102.0,48.38,51.62,15.58,11.24,29.29,27.3,13.77,,,,,,,,,,18.4,35.7,45.9
CH021,CH,Bern,2024,1071216.0,49.15,50.85,14.32,9.6,26.39,27.34,19.2,,,,,,,,,,13.7,44.2,42.1
CH022,CH,Freiburg,2024,346674.0,50.08,49.92,16.19,11.38,28.22,27.11,15.05,,,,,,,,,,13.7,44.2,42.1
CH023,CH,Solothurn,2024,289792.0,50.09,49.91,14.63,9.67,26.5,27.96,18.37,,,,,,,,,,13.7,44.2,42.1
CH024,CH,Neuchâtel,2024,179518.0,49.14,50.86,14.71,11.38,26.73,27.13,16.94,,,,,,,,,,13.7,44.2,42.1
CH025,CH,Jura,2024,74840.0,49.56,50.44,14.75,11.13,24.05,27.25,19.54,,,,,,,,,,13.7,44.2,42.1
CH031,CH,Basel-Stadt,2024,201384.0,48.8,51.2,13.62,8.75,32.08,25.89,16.12,,,,,,,,,,13.4,40.5,46.1
CH032,CH,Basel-Landschaft,2024,301323.0,49.07,50.93,14.36,9.79,24.2,28.45,19.59,,,,,,,,,,13.4,40.5,46.1
CH033,CH,Aargau,2024,735808.0,50.42,49.58,15.34,9.99,27.66,27.87,16.73,,,,,,,,,,13.4,40.5,46.1
CH040,CH,Zürich,2024,1620020.0,49.93,50.07,14.93,9.78,30.92,26.91,14.84,,,,,,,,,,11.0,31.5,57.5
CH051,CH,Glarus,2024,42371.0,50.53,49.47,14.55,9.65,26.72,27.34,18.84,,,,,,,,,,13.8,46.5,39.7
CH052,CH,Schaffhausen,2024,88667.0,49.74,50.26,14.28,9.6,26.48,27.46,18.92,,,,,,,,,,13.8,46.5,39.7
CH053,CH,Appenzell Ausserrhoden,2024,56705.0,50.36,49.64,15.74,9.5,24.88,28.19,18.88,,,,,,,,,,13.8,46.5,39.7
CH054,CH,Appenzell Innerrhoden,2024,16733.0,51.32,48.68,15.41,10.22,25.33,27.59,18.35,,,,,,,,,,13.8,46.5,39.7
CH055,CH,St. Gallen,2024,540036.0,50.32,49.68,15.36,10.61,27.81,26.71,16.91,,,,,,,,,,13.8,46.5,39.7
CH056,CH,Graubünden,2024,206138.0,50.36,49.64,12.9,9.33,25.36,28.86,20.41,,,,,,,,,,13.8,46.5,39.7
CH057,CH,Thurgau,2024,299509.0,50.49,49.51,15.42,9.88,27.23,27.85,17.19,,,,,,,,,,13.8,46.5,39.7
CH061,CH,Luzern,2024,437944.0,49.97,50.03,15.21,10.24,28.45,27.11,16.3,,,,,,,,,,10.7,42.3,47.1
CH062,CH,Uri,2024,38275.0,51.03,48.97,14.45,10.55,24.79,27.69,19.64,,,,,,,,,,10.7,42.3,47.1
CH063,CH,Schwyz,2024,168931.0,51.32,48.68,14.25,9.59,26.23,30.06,17.38,,,,,,,,,,10.7,42.3,47.1
CH064,CH,Obwalden,2024,39662.0,50.55,49.45,14.66,9.8,25.32,28.77,18.65,,,,,,,,,,10.7,42.3,47.1
CH065,CH,Nidwalden,2024,45345.0,51.17,48.83,13.29,9.22,24.87,29.44,20.41,,,,,,,,,,10.7,42.3,47.1
CH066,CH,Zug,2024,133739.0,50.67,49.33,14.94,9.65,26.97,29.99,15.96,,,,,,,,,,10.7,42.3,47.1
CH070,CH,Ticino,2024,358903.0,48.76,51.24,12.36,10.28,23.06,30.32,19.93,,,,,,,,,,14.7,42.2,43.1
CY000,CY,Kýpros,2024,982966.0,49.26,50.74,15.16,10.27,31.1,25.21,16.31,6.44,34.88,59.09,41.33,39.47,18.79,35700.0,124.3,medium,13.9,34.6,51.4
CZ010,CZ,Hlavní město Praha,2024,1397880.0,48.59,51.41,15.4,10.59,29.01,26.58,16.46,1.5,30.62,50.11,74.27,34.66,8.84,62400.0,217.2,very_high,2.1,45.4,52.5
CZ020,CZ,Středočeský kraj,2024,1466215.0,49.16,50.84,17.17,10.81,24.9,28.35,17.14,6.75,74.82,55.36,19.87,37.31,5.9,27200.0,94.7,medium,5.5,71.2,23.2
CZ031,CZ,Jihočeský kraj,2024,653227.0,49.29,50.71,15.37,10.35,24.08,28.4,19.8,10.88,76.3,43.25,20.06,42.03,7.47,23800.0,82.9,medium,6.2,69.8,24.1
CZ032,CZ,Plzeňský kraj,2024,614640.0,49.22,50.78,14.97,10.62,25.4,28.32,18.79,7.22,79.03,41.14,27.99,37.83,6.78,25300.0,88.1,medium,6.2,69.8,24.1
CZ041,CZ,Karlovarský kraj,2024,293195.0,48.76,51.24,14.2,10.73,23.9,29.6,19.72,6.06,65.84,53.21,18.03,49.63,7.24,18300.0,63.7,low,11.5,71.2,17.3
CZ042,CZ,Ústecký kraj,2024,808356.0,49.27,50.73,15.13,11.06,24.07,28.98,19.17,4.05,81.51,40.41,19.53,47.6,6.91,20400.0,71.0,low,11.5,71.2,17.3
CZ051,CZ,Liberecký kraj,2024,449494.0,49.1,50.9,15.43,10.79,24.35,28.42,19.19,3.58,87.05,37.49,21.97,42.31,7.62,22400.0,78.0,medium,5.6,72.4,22.0
CZ052,CZ,Královéhradecký kraj,2024,555923.0,49.17,50.83,15.05,10.59,23.49,28.2,20.48,7.49,78.99,40.32,20.73,45.63,6.83,25500.0,88.8,medium,5.6,72.4,22.0
CZ053,CZ,Pardubický kraj,2024,530469.0,49.47,50.53,15.65,10.52,24.52,28.11,19.15,8.52,83.64,40.69,21.97,40.05,5.14,24800.0,86.3,medium,5.6,72.4,22.0
CZ063,CZ,Kraj Vysočina,2024,517647.0,49.69,50.31,15.45,10.34,24.22,28.3,19.53,13.7,87.93,38.41,15.87,39.61,4.49,24600.0,85.6,medium,5.0,65.7,29.3
CZ064,CZ,Jihomoravský kraj,2024,1229343.0,49.01,50.99,15.87,10.15,25.68,27.66,18.55,5.43,63.7,43.75,38.86,40.48,7.79,28400.0,98.9,medium,5.0,65.7,29.3
CZ071,CZ,Olomoucký kraj,2024,631500.0,48.91,51.09,15.19,10.26,23.89,28.64,19.91,7.3,73.97,41.97,22.39,48.23,6.15,23900.0,83.2,medium,5.2,71.5,23.3
CZ072,CZ,Zlínský kraj,2024,578998.0,49.07,50.93,14.88,10.12,23.72,28.94,20.04,5.02,91.33,39.24,19.53,38.63,6.26,24300.0,84.6,medium,5.2,71.5,23.3
CZ080,CZ,Moravskoslezský kraj,2024,1182613.0,49.01,50.99,14.74,10.36,24.19,29.14,19.65,3.66,75.58,42.07,28.9,42.26,7.53,23100.0,80.4,medium,6.3,69.6,24.1
DE111,DE,"Stuttgart, Stadtkreis",2023,612663.0,49.74,50.26,13.09,11.15,31.86,25.47,15.03,,,,,,,118100.0,352.9,very_high,16.5,45.5,38.0
DE112,DE,Böblingen,2023,395167.0,49.67,50.33,15.46,9.73,26.16,27.7,17.49,,,,,,,86900.0,259.7,very_high,16.5,45.5,38.0
DE113,DE,Esslingen,2023,536601.0,49.85,50.15,14.36,10.11,25.97,28.13,17.8,,,,,,,53000.0,158.4,high,16.5,45.5,38.0
DE114,DE,Göppingen,2023,258809.0,49.61,50.39,14.73,9.94,24.71,27.9,18.98,,,,,,,37600.0,112.4,medium,16.5,45.5,38.0
DE115,DE,Ludwigsburg,2023,535374.0,49.39,50.61,15.1,9.88,25.91,28.12,17.53,,,,,,,59600.0,178.1,very_high,16.5,45.5,38.0
DE116,DE,Rems-Murr-Kreis,2023,440696.0,49.53,50.47,14.59,9.87,24.85,28.56,18.38,,,,,,,40500.0,121.0,medium,16.5,45.5,38.0
DE117,DE,"Heilbronn, Stadtkreis",2023,131986.0,50.64,49.36,14.83,11.79,29.06,25.31,15.68,,,,,,,67200.0,200.8,very_high,16.5,45.5,38.0
DE118,DE,"Heilbronn, Landkreis",2023,353877.0,50.05,49.95,15.31,9.81,25.64,28.36,17.77,,,,,,,77400.0,231.3,very_high,16.5,45.5,38.0
DE119,DE,Hohenlohekreis,2023,115644.0,50.44,49.56,14.81,10.25,25.5,28.21,18.04,,,,,,,65500.0,195.7,very_high,16.5,45.5,38.0
DE11A,DE,Schwäbisch Hall,2023,200902.0,50.17,49.83,15.2,10.19,25.92,27.68,18.03,,,,,,,56900.0,170.0,high,16.5,45.5,38.0
DE11B,DE,Main-Tauber-Kreis,2023,133169.0,49.97,50.03,13.81,9.51,23.61,28.48,20.77,,,,,,,49600.0,148.2,high,16.5,45.5,38.0
DE11C,DE,Heidenheim,2023,135235.0,49.85,50.15,14.41,10.1,24.95,27.7,18.92,,,,,,,44000.0,131.5,high,16.5,45.5,38.0
DE11D,DE,Ostalbkreis,2023,317427.0,49.75,50.25,14.56,10.28,24.9,28.07,18.76,,,,,,,56400.0,168.5,high,16.5,45.5,38.0
DE121,DE,"Baden-Baden, Stadtkreis",2023,56881.0,47.66,52.34,12.42,8.93,22.93,28.5,22.16,,,,,,,70600.0,211.0,very_high,16.4,46.2,37.4
DE122,DE,"Karlsruhe, Stadtkreis",2023,309050.0,50.8,49.2,12.02,12.57,30.36,25.42,16.19,,,,,,,83300.0,248.9,very_high,16.4,46.2,37.4
DE123,DE,"Karlsruhe, Landkreis",2023,456264.0,49.89,50.11,14.2,9.42,24.8,28.86,19.11,,,,,,,42900.0,128.2,high,16.4,46.2,37.4
DE124,DE,Rastatt,2023,230737.0,49.74,50.26,14.04,9.43,24.16,28.88,19.71,,,,,,,50800.0,151.8,high,16.4,46.2,37.4
DE125,DE,"Heidelberg, Stadtkreis",2023,155756.0,47.89,52.11,12.22,16.88,32.9,21.32,14.05,,,,,,,70800.0,211.6,very_high,16.4,46.2,37.4
DE126,DE,"Mannheim, Stadtkreis",2023,318035.0,50.07,49.93,12.98,12.1,30.5,25.72,15.64,,,,,,,80200.0,239.6,very_high,16.4,46.2,37.4
DE127,DE,Neckar-Odenwald-Kreis,2023,145263.0,50.13,49.87,13.97,9.85,23.56,28.79,20.23,,,,,,,37100.0,110.9,medium,16.4,46.2,37.4
DE128,DE,Rhein-Neckar-Kreis,2023,558561.0,49.15,50.85,14.3,9.61,24.42,28.69,19.39,,,,,,,46200.0,138.1,high,16.4,46.2,37.4
DE129,DE,"Pforzheim, Stadtkreis",2023,134912.0,49.23,50.77,15.33,11.53,27.36,25.69,16.52,,,,,,,48400.0,144.6,high,16.4,46.2,37.4
DE12A,DE,Calw,2023,161251.0,49.86,50.14,14.92,9.85,24.45,28.35,18.88,,,,,,,35700.0,106.7,medium,16.4,46.2,37.4
DE12B,DE,Enzkreis,2023,199745.0,49.61,50.39,15.04,9.67,23.94,28.61,19.1,,,,,,,37900.0,113.3,medium,16.4,46.2,37.4
DE12C,DE,Freudenstadt,2023,121958.0,50.0,50.0,14.29,10.32,24.54,28.65,18.61,,,,,,,46400.0,138.6,high,16.4,46.2,37.4
DE131,DE,"Freiburg im Breisgau, Stadtkreis",2023,237460.0,47.61,52.39,13.34,13.96,31.95,22.95,14.97,,,,,,,63000.0,188.3,very_high,15.4,48.2,36.4
DE132,DE,Breisgau-Hochschwarzwald,2023,272558.0,49.25,50.75,14.78,9.83,23.99,27.93,19.75,,,,,,,35400.0,105.8,medium,15.4,48.2,36.4
DE133,DE,Emmendingen,2023,169787.0,49.46,50.54,14.82,9.73,24.52,28.22,19.28,,,,,,,40400.0,120.7,medium,15.4,48.2,36.4
DE134,DE,Ortenaukreis,2023,444858.0,49.93,50.07,14.65,10.04,24.79,28.01,18.91,,,,,,,47800.0,142.8,high,15.4,48.2,36.4
DE135,DE,Rottweil,2023,140237.0,50.02,49.98,15.29,9.84,24.17,28.31,18.8,,,,,,,52300.0,156.3,high,15.4,48.2,36.4
DE136,DE,Schwarzwald-Baar-Kreis,2023,214065.0,49.52,50.48,14.75,10.1,24.85,26.94,19.38,,,,,,,46900.0,140.1,high,15.4,48.2,36.4
DE137,DE,Tuttlingen,2023,145208.0,50.18,49.82,15.98,10.59,25.51,27.12,17.4,,,,,,,59100.0,176.6,very_high,15.4,48.2,36.4
DE138,DE,Konstanz,2023,291841.0,48.7,51.3,13.9,11.44,25.45,26.94,18.57,,,,,,,42800.0,127.9,high,15.4,48.2,36.4
DE139,DE,Lörrach,2023,238263.0,49.13,50.87,15.01,9.88,24.94,28.34,18.31,,,,,,,38700.0,115.6,medium,15.4,48.2,36.4
DE13A,DE,Waldshut,2023,171579.0,49.38,50.62,15.1,9.95,24.35,27.67,19.44,,,,,,,37000.0,110.6,medium,15.4,48.2,36.4
DE141,DE,Reutlingen,2023,293483.0,49.53,50.47,14.72,10.38,24.91,28.01,18.29,,,,,,,50100.0,149.7,high,13.7,46.6,39.7
DE142,DE,"Tübingen, Landkreis",2023,233546.0,48.44,51.56,14.24,13.41,27.76,25.09,16.53,,,,,,,43100.0,128.8,high,13.7,46.6,39.7
DE143,DE,Zollernalbkreis,2023,193326.0,49.48,50.52,14.34,9.82,24.1,28.44,19.46,,,,,,,42400.0,126.7,high,13.7,46.6,39.7
DE144,DE,"Ulm, Stadtkreis",2023,129882.0,49.34,50.66,13.58,12.04,30.4,24.62,16.06,,,,,,,100800.0,301.2,very_high,13.7,46.6,39.7
DE145,DE,Alb-Donau-Kreis,2023,202354.0,50.26,49.74,15.64,10.33,25.28,28.01,17.53,,,,,,,39100.0,116.8,medium,13.7,46.6,39.7
DE146,DE,Biberach,2023,207415.0,50.4,49.6,15.82,10.11,25.77,27.78,17.36,,,,,,,63100.0,188.6,very_high,13.7,46.6,39.7
DE147,DE,Bodenseekreis,2023,220804.0,49.17,50.83,14.05,9.58,23.96,27.98,20.49,,,,,,,61100.0,182.6,very_high,13.7,46.6,39.7
DE148,DE,Ravensburg,2023,291102.0,49.76,50.24,14.9,10.62,25.33,27.61,18.22,,,,,,,52600.0,157.2,high,13.7,46.6,39.7
DE149,DE,Sigmaringen,2023,132167.0,50.06,49.94,14.5,10.24,24.35,28.52,18.93,,,,,,,45300.0,135.4,high,13.7,46.6,39.7
DE211,DE,"Ingolstadt, Kreisfreie Stadt",2023,141185.0,50.85,49.15,15.0,10.65,30.16,25.71,15.61,,,,,,,164200.0,490.7,very_high,13.0,42.8,44.1
DE212,DE,"München, Kreisfreie Stadt",2023,1505005.0,49.0,51.0,13.38,10.55,33.85,25.2,14.19,,,,,,,100900.0,301.5,very_high,13.0,42.8,44.1
DE213,DE,"Rosenheim, Kreisfreie Stadt",2023,65274.0,49.56,50.44,13.88,10.85,28.81,26.43,16.88,,,,,,,61600.0,184.1,very_high,13.0,42.8,44.1
DE214,DE,Altötting,2023,113938.0,49.64,50.36,14.86,9.69,24.66,27.92,19.32,,,,,,,61300.0,183.2,very_high,13.0,42.8,44.1
DE215,DE,Berchtesgadener Land,2023,105292.0,48.92,51.08,13.81,9.21,25.11,27.52,20.3,,,,,,,43500.0,130.0,high,13.0,42.8,44.1
DE216,DE,Bad Tölz-Wolfratshausen,2023,130248.0,49.37,50.63,14.65,9.68,24.21,28.92,18.85,,,,,,,36400.0,108.8,medium,13.0,42.8,44.1
DE217,DE,Dachau,2023,153595.0,49.97,50.03,15.06,9.85,26.15,29.07,16.84,,,,,,,37800.0,113.0,medium,13.0,42.8,44.1
DE218,DE,Ebersberg,2023,144225.0,49.89,50.11,15.63,10.32,24.67,29.59,16.42,,,,,,,43700.0,130.6,high,13.0,42.8,44.1
DE219,DE,Eichstätt,2023,135668.0,50.58,49.42,16.4,10.42,25.46,27.95,16.84,,,,,,,44400.0,132.7,high,13.0,42.8,44.1
DE21A,DE,Erding,2023,140127.0,50.2,49.8,15.06,10.24,25.87,30.18,15.95,,,,,,,39400.0,117.7,medium,13.0,42.8,44.1
DE21B,DE,Freising,2023,184564.0,51.1,48.9,14.6,11.0,28.57,28.7,14.7,,,,,,,61000.0,182.3,very_high,13.0,42.8,44.1
DE21C,DE,Fürstenfeldbruck,2023,218227.0,49.0,51.0,14.91,9.84,24.51,28.57,18.35,,,,,,,34900.0,104.3,medium,13.0,42.8,44.1
DE21D,DE,Garmisch-Partenkirchen,2023,89296.0,48.01,51.99,12.9,9.04,23.48,28.96,21.07,,,,,,,40000.0,119.5,medium,13.0,42.8,44.1
DE21E,DE,Landsberg am Lech,2023,122107.0,49.71,50.29,14.88,9.52,23.74,29.96,18.68,,,,,,,45200.0,135.1,high,13.0,42.8,44.1
DE21F,DE,Miesbach,2023,97152.0,49.12,50.88,13.86,9.43,23.13,29.98,19.65,,,,,,,50300.0,150.3,high,13.0,42.8,44.1
DE21G,DE,Mühldorf a. Inn,2023,122037.0,50.6,49.4,14.77,9.88,25.51,28.58,18.29,,,,,,,42400.0,126.7,high,13.0,42.8,44.1
DE21H,DE,"München, Landkreis",2023,354396.0,49.47,50.53,14.75,10.94,24.7,28.61,17.18,,,,,,,149200.0,445.8,very_high,13.0,42.8,44.1
DE21I,DE,Neuburg-Schrobenhausen,2023,99364.0,50.19,49.81,15.52,10.06,25.28,28.38,17.75,,,,,,,43700.0,130.6,high,13.0,42.8,44.1
DE21J,DE,Pfaffenhofen a. d. Ilm,2023,130781.0,50.73,49.27,15.59,9.62,26.62,28.49,16.9,,,,,,,54400.0,162.6,high,13.0,42.8,44.1
DE21K,DE,"Rosenheim, Landkreis",2023,258637.0,49.2,50.8,14.74,9.43,23.84,28.95,19.56,,,,,,,42300.0,126.4,high,13.0,42.8,44.1
DE21L,DE,Starnberg,2023,139329.0,48.37,51.63,14.35,10.15,21.44,30.09,19.83,,,,,,,54200.0,162.0,high,13.0,42.8,44.1
DE21M,DE,Traunstein,2023,175144.0,49.17,50.83,14.07,9.29,23.9,28.55,20.4,,,,,,,54700.0,163.5,high,13.0,42.8,44.1
DE21N,DE,Weilheim-Schongau,2023,138957.0,49.39,50.61,15.09,9.5,23.91,28.5,19.41,,,,,,,49300.0,147.3,high,13.0,42.8,44.1
DE221,DE,"Landshut, Kreisfreie Stadt",2023,71863.0,49.04,50.96,13.71,10.68,28.21,26.89,17.13,,,,,,,72800.0,217.5,very_high,15.7,57.4,26.9
DE222,DE,"Passau, Kreisfreie Stadt",2023,53039.0,48.9,51.1,11.7,12.33,29.17,24.44,18.9,,,,,,,80400.0,240.2,very_high,15.7,57.4,26.9
DE223,DE,"Straubing, Kreisfreie Stadt",2023,49002.0,50.6,49.4,12.23,10.84,27.58,27.33,18.58,,,,,,,68400.0,204.4,very_high,15.7,57.4,26.9
DE224,DE,Deggendorf,2023,121844.0,50.15,49.85,13.41,10.48,25.53,28.37,19.27,,,,,,,52900.0,158.1,high,15.7,57.4,26.9
DE225,DE,Freyung-Grafenau,2023,78710.0,49.67,50.33,12.94,9.13,23.11,29.92,21.64,,,,,,,40500.0,121.0,medium,15.7,57.4,26.9
DE226,DE,Kelheim,2023,126037.0,50.64,49.36,15.0,10.37,25.33,28.83,17.6,,,,,,,41600.0,124.3,medium,15.7,57.4,26.9
DE227,DE,"Landshut, Landkreis",2023,162170.0,50.29,49.71,15.28,9.85,24.76,29.48,17.88,,,,,,,47600.0,142.2,high,15.7,57.4,26.9
DE228,DE,"Passau, Landkreis",2023,194699.0,49.62,50.38,13.43,9.32,23.32,29.21,21.33,,,,,,,38800.0,115.9,medium,15.7,57.4,26.9
DE229,DE,Regen,2023,77267.0,49.78,50.22,13.35,9.27,23.19,29.23,21.55,,,,,,,42000.0,125.5,high,15.7,57.4,26.9
DE22A,DE,Rottal-Inn,2023,120497.0,49.8,50.2,14.1,9.76,24.16,28.6,20.02,,,,,,,44700.0,133.6,high,15.7,57.4,26.9
DE22B,DE,Straubing-Bogen,2023,103041.0,50.09,49.91,14.87,9.69,24.1,29.71,18.75,,,,,,,36400.0,108.8,medium,15.7,57.4,26.9
DE22C,DE,Dingolfing-Landau,2023,101035.0,51.48,48.52,14.25,9.99,26.4,28.83,17.74,,,,,,,75300.0,225.0,very_high,15.7,57.4,26.9
DE231,DE,"Amberg, Kreisfreie Stadt",2023,42553.0,49.09,50.91,12.74,9.98,25.76,27.18,20.17,,,,,,,78800.0,235.5,very_high,11.1,56.6,32.3
DE232,DE,"Regensburg, Kreisfreie Stadt",2023,151389.0,49.28,50.72,12.05,12.57,33.88,24.14,14.6,,,,,,,109700.0,327.8,very_high,11.1,56.6,32.3
DE233,DE,"Weiden i. d. Opf, Kreisfreie Stadt",2023,42444.0,48.61,51.39,12.55,10.44,25.78,27.66,19.69,,,,,,,69000.0,206.2,very_high,11.1,56.6,32.3
DE234,DE,Amberg-Sulzbach,2023,103982.0,49.97,50.03,13.97,9.26,23.74,29.72,19.79,,,,,,,34900.0,104.3,medium,11.1,56.6,32.3
DE235,DE,Cham,2023,128534.0,50.28,49.72,13.55,9.45,24.32,28.99,20.37,,,,,,,49800.0,148.8,high,11.1,56.6,32.3
DE236,DE,Neumarkt i. d. OPf.,2023,138693.0,50.62,49.38,14.72,9.83,25.27,28.99,18.19,,,,,,,47700.0,142.5,high,11.1,56.6,32.3
DE237,DE,Neustadt a. d. Waldnaab,2023,96049.0,49.93,50.07,14.25,9.15,23.96,29.42,19.95,,,,,,,41700.0,124.6,medium,11.1,56.6,32.3
DE238,DE,"Regensburg, Landkreis",2023,196213.0,50.04,49.96,15.03,9.65,24.23,29.44,18.73,,,,,,,33700.0,100.7,medium,11.1,56.6,32.3
DE239,DE,Schwandorf,2023,149312.0,50.14,49.86,14.03,9.49,24.94,29.4,18.94,,,,,,,46700.0,139.5,high,11.1,56.6,32.3
DE23A,DE,Tirschenreuth,2023,72210.0,49.71,50.29,13.12,8.93,23.49,29.83,20.99,,,,,,,52200.0,156.0,high,11.1,56.6,32.3
DE241,DE,"Bamberg, Kreisfreie Stadt",2023,77150.0,49.02,50.98,12.56,11.07,31.13,25.02,16.71,,,,,,,78300.0,234.0,very_high,14.8,56.6,28.6
DE242,DE,"Bayreuth, Kreisfreie Stadt",2023,72940.0,49.16,50.84,11.12,13.48,28.39,24.45,18.85,,,,,,,79200.0,236.7,very_high,14.8,56.6,28.6
DE243,DE,"Coburg, Kreisfreie Stadt",2023,41064.0,48.76,51.24,12.0,10.79,26.6,26.38,20.36,,,,,,,122400.0,365.7,very_high,14.8,56.6,28.6
DE244,DE,"Hof, Kreisfreie Stadt",2023,46778.0,49.37,50.63,13.72,10.69,25.53,26.26,19.92,,,,,,,52700.0,157.5,high,14.8,56.6,28.6
DE245,DE,"Bamberg, Landkreis",2023,147777.0,49.96,50.04,14.74,9.32,24.16,30.03,18.81,,,,,,,31500.0,94.1,medium,14.8,56.6,28.6
DE246,DE,"Bayreuth, Landkreis",2023,103215.0,49.64,50.36,13.61,9.0,22.53,30.33,20.95,,,,,,,28800.0,86.1,medium,14.8,56.6,28.6
DE247,DE,"Coburg, Landkreis",2023,84468.0,49.61,50.39,13.49,8.62,22.96,29.87,21.25,,,,,,,34100.0,101.9,medium,14.8,56.6,28.6
DE248,DE,Forchheim,2023,116184.0,49.67,50.33,14.51,9.3,23.77,29.75,19.46,,,,,,,40100.0,119.8,medium,14.8,56.6,28.6
DE249,DE,"Hof, Landkreis",2023,92191.0,49.0,51.0,12.61,8.59,21.58,30.27,22.61,,,,,,,45600.0,136.3,high,14.8,56.6,28.6
DE24A,DE,Kronach,2023,64545.0,49.63,50.37,11.69,8.7,21.71,31.45,22.36,,,,,,,42000.0,125.5,high,14.8,56.6,28.6
DE24B,DE,Kulmbach,2023,71518.0,49.41,50.59,12.24,9.01,22.54,30.35,21.83,,,,,,,46000.0,137.5,high,14.8,56.6,28.6
DE24C,DE,Lichtenfels,2023,67379.0,49.31,50.69,13.3,8.85,23.5,29.78,20.8,,,,,,,41100.0,122.8,medium,14.8,56.6,28.6
DE24D,DE,Wunsiedel i. Fichtelgebirge,2023,70549.0,48.71,51.29,12.69,8.81,21.77,29.33,23.01,,,,,,,46400.0,138.6,high,14.8,56.6,28.6
DE251,DE,"Ansbach, Kreisfreie Stadt",2023,40742.0,48.49,51.51,14.05,10.4,25.73,27.06,19.25,,,,,,,77900.0,232.8,very_high,14.2,49.5,36.3
DE252,DE,"Erlangen, Kreisfreie Stadt",2023,115928.0,49.75,50.25,13.22,12.35,31.93,23.9,15.19,,,,,,,118700.0,354.7,very_high,14.2,49.5,36.3
DE253,DE,"Fürth, Kreisfreie Stadt",2023,132036.0,49.26,50.74,13.63,9.55,28.91,28.22,16.87,,,,,,,47300.0,141.3,high,14.2,49.5,36.3
DE254,DE,"Nürnberg, Kreisfreie Stadt",2023,529508.0,49.17,50.83,13.36,10.52,29.61,26.28,16.82,,,,,,,73600.0,219.9,very_high,14.2,49.5,36.3
DE255,DE,"Schwabach, Kreisfreie Stadt",2023,40835.0,48.81,51.19,14.37,9.52,23.98,28.92,19.61,,,,,,,45200.0,135.1,high,14.2,49.5,36.3
DE256,DE,"Ansbach, Landkreis",2023,187633.0,50.13,49.87,14.86,9.77,24.63,28.88,18.6,,,,,,,37900.0,113.3,medium,14.2,49.5,36.3
DE257,DE,Erlangen-Höchstadt,2023,138325.0,49.58,50.42,15.39,9.39,23.83,28.87,19.43,,,,,,,44500.0,133.0,high,14.2,49.5,36.3
DE258,DE,"Fürth, Landkreis",2023,117719.0,48.59,51.41,14.48,8.67,23.52,29.12,20.48,,,,,,,27400.0,81.9,medium,14.2,49.5,36.3
DE259,DE,Nürnberger Land,2023,168813.0,49.1,50.9,14.31,8.86,23.54,29.51,20.18,,,,,,,39600.0,118.3,medium,14.2,49.5,36.3
DE25A,DE,Neustadt a. d. Aisch-Bad Windsheim,2023,101043.0,50.11,49.89,14.49,9.36,24.05,29.15,19.7,,,,,,,38700.0,115.6,medium,14.2,49.5,36.3
DE25B,DE,Roth,2023,128632.0,49.62,50.38,14.61,9.05,23.98,29.38,19.55,,,,,,,39100.0,116.8,medium,14.2,49.5,36.3
DE25C,DE,Weißenburg-Gunzenhausen,2023,94695.0,49.84,50.16,14.49,9.68,23.85,28.44,19.97,,,,,,,39600.0,118.3,medium,14.2,49.5,36.3
DE261,DE,"Aschaffenburg, Kreisfreie Stadt",2023,73091.0,48.94,51.06,13.35,9.93,27.38,27.29,18.69,,,,,,,85200.0,254.6,very_high,13.5,54.2,32.3
DE262,DE,"Schweinfurt, Kreisfreie Stadt",2023,54481.0,49.51,50.49,13.72,12.07,25.26,24.63,20.05,,,,,,,115000.0,343.6,very_high,13.5,54.2,32.3
DE263,DE,"Würzburg, Kreisfreie Stadt",2023,133258.0,47.85,52.15,11.0,13.4,32.61,22.42,16.64,,,,,,,76600.0,228.9,very_high,13.5,54.2,32.3
DE264,DE,"Aschaffenburg, Landkreis",2023,170945.0,49.51,50.49,13.97,9.07,23.51,29.82,20.03,,,,,,,45100.0,134.8,high,13.5,54.2,32.3
DE265,DE,Bad Kissingen,2023,103489.0,49.2,50.8,13.52,8.72,22.38,28.78,22.29,,,,,,,41200.0,123.1,medium,13.5,54.2,32.3
DE266,DE,Rhön-Grabfeld,2023,79375.0,49.84,50.16,14.0,9.56,23.09,28.74,20.87,,,,,,,51300.0,153.3,high,13.5,54.2,32.3
DE267,DE,Haßberge,2023,83869.0,50.21,49.79,14.29,9.33,23.69,29.2,20.24,,,,,,,39600.0,118.3,medium,13.5,54.2,32.3
DE268,DE,Kitzingen,2023,91287.0,50.1,49.9,14.56,9.53,24.47,29.14,18.95,,,,,,,48500.0,144.9,high,13.5,54.2,32.3
DE269,DE,Miltenberg,2023,127547.0,49.68,50.32,14.1,9.59,23.46,29.59,19.71,,,,,,,44900.0,134.2,high,13.5,54.2,32.3
DE26A,DE,Main-Spessart,2023,125282.0,49.83,50.17,13.41,8.89,22.8,29.55,21.36,,,,,,,46500.0,138.9,high,13.5,54.2,32.3
DE26B,DE,"Schweinfurt, Landkreis",2023,113977.0,50.1,49.9,14.51,9.07,23.73,28.59,20.5,,,,,,,28200.0,84.3,medium,13.5,54.2,32.3
DE26C,DE,"Würzburg, Landkreis",2023,162216.0,49.46,50.54,14.73,9.3,23.74,28.45,20.44,,,,,,,35700.0,106.7,medium,13.5,54.2,32.3
DE271,DE,"Augsburg, Kreisfreie Stadt",2023,301105.0,49.42,50.58,13.24,11.11,30.69,25.38,16.27,,,,,,,56100.0,167.6,high,14.0,52.6,33.4
DE272,DE,"Kaufbeuren, Kreisfreie Stadt",2023,46193.0,49.38,50.62,14.56,10.06,25.78,26.46,19.4,,,,,,,45000.0,134.5,high,14.0,52.6,33.4
DE273,DE,"Kempten (Allgäu), Kreisfreie Stadt",2023,67645.0,49.13,50.87,13.63,10.5,28.17,25.3,18.8,,,,,,,67400.0,201.4,very_high,14.0,52.6,33.4
DE274,DE,"Memmingen, Kreisfreie Stadt",2023,44192.0,49.42,50.58,14.66,10.12,25.99,26.8,18.79,,,,,,,72500.0,216.6,very_high,14.0,52.6,33.4
DE275,DE,Aichach-Friedberg,2023,136803.0,49.8,50.2,15.57,9.69,24.26,29.01,18.29,,,,,,,35500.0,106.1,medium,14.0,52.6,33.4
DE276,DE,"Augsburg, Landkreis",2023,262811.0,49.65,50.35,15.5,9.58,24.5,28.58,18.61,,,,,,,37000.0,110.6,medium,14.0,52.6,33.4
DE277,DE,Dillingen a.d. Donau,2023,98899.0,50.12,49.88,14.96,9.78,24.59,28.61,18.83,,,,,,,43600.0,130.3,high,14.0,52.6,33.4
DE278,DE,Günzburg,2023,129846.0,50.53,49.47,14.87,10.21,25.31,28.69,17.95,,,,,,,51400.0,153.6,high,14.0,52.6,33.4
DE279,DE,Neu-Ulm,2023,183595.0,49.94,50.06,14.76,10.16,26.73,27.22,17.93,,,,,,,42900.0,128.2,high,14.0,52.6,33.4
DE27A,DE,Lindau (Bodensee),2023,82411.0,49.11,50.89,14.17,9.08,23.93,29.25,19.65,,,,,,,47400.0,141.6,high,14.0,52.6,33.4
DE27B,DE,Ostallgäu,2023,142047.0,49.72,50.28,15.09,9.8,24.14,28.35,19.35,,,,,,,47600.0,142.2,high,14.0,52.6,33.4
DE27C,DE,Unterallgäu,2023,147255.0,50.54,49.46,15.29,9.66,24.82,28.26,18.6,,,,,,,50600.0,151.2,high,14.0,52.6,33.4
DE27D,DE,Donau-Ries,2023,135098.0,50.66,49.34,14.73,9.89,24.93,28.75,18.5,,,,,,,59500.0,177.8,very_high,14.0,52.6,33.4
DE27E,DE,Oberallgäu,2023,155413.0,49.15,50.85,14.51,8.93,23.66,28.85,20.26,,,,,,,42900.0,128.2,high,14.0,52.6,33.4
DE300,DE,Berlin,2023,3685265.0,49.12,50.88,13.88,10.03,31.63,25.26,16.07,0.04,21.17,37.59,63.2,58.58,19.43,54700.0,163.5,high,16.3,38.5,45.3
DE401,DE,"Brandenburg an der Havel, Kreisfreie Stadt",2023,74113.0,48.78,51.22,12.39,8.78,24.16,26.36,23.08,,,,,,,40000.0,119.5,medium,11.0,56.9,32.1
DE402,DE,"Cottbus, Kreisfreie Stadt",2023,95123.0,48.5,51.5,12.53,9.97,24.26,25.76,22.71,,,,,,,46900.0,140.1,high,11.0,56.9,32.1
DE403,DE,"Frankfurt (Oder), Kreisfreie Stadt",2023,57107.0,48.85,51.15,11.63,10.31,22.73,26.91,23.44,,,,,,,46300.0,138.4,high,11.0,56.9,32.1
DE404,DE,"Potsdam, Kreisfreie Stadt",2023,184754.0,48.3,51.7,14.47,10.83,28.0,26.15,16.82,,,,,,,52000.0,155.4,high,11.0,56.9,32.1
DE405,DE,Barnim,2023,194169.0,49.23,50.77,13.71,8.52,22.31,29.68,21.89,,,,,,,27200.0,81.3,medium,11.0,56.9,32.1
DE406,DE,Dahme-Spreewald,2023,178793.0,49.56,50.44,14.01,8.24,23.09,29.48,21.04,,,,,,,47800.0,142.8,high,11.0,56.9,32.1
DE407,DE,Elbe-Elster,2023,97967.0,49.5,50.5,12.02,7.47,19.07,30.59,26.06,,,,,,,32900.0,98.3,medium,11.0,56.9,32.1
DE408,DE,Havelland,2023,170834.0,49.32,50.68,14.03,9.03,22.23,30.77,20.36,,,,,,,25700.0,76.8,medium,11.0,56.9,32.1
DE409,DE,Märkisch-Oderland,2023,197817.0,49.31,50.69,13.68,8.1,21.01,30.83,22.26,,,,,,,27500.0,82.2,medium,11.0,56.9,32.1
DE40A,DE,Oberhavel,2023,217690.0,49.24,50.76,13.47,8.76,21.86,31.03,20.89,,,,,,,31200.0,93.2,medium,11.0,56.9,32.1
DE40B,DE,Oberspreewald-Lausitz,2023,107793.0,48.9,51.1,12.11,7.7,19.72,29.77,25.63,,,,,,,35100.0,104.9,medium,11.0,56.9,32.1
DE40C,DE,Oder-Spree,2023,179817.0,49.28,50.72,12.84,8.18,20.93,29.53,23.82,,,,,,,41500.0,124.0,medium,11.0,56.9,32.1
DE40D,DE,Ostprignitz-Ruppin,2023,99152.0,49.47,50.53,12.27,8.36,20.75,29.81,24.44,,,,,,,33400.0,99.8,medium,11.0,56.9,32.1
DE40E,DE,Potsdam-Mittelmark,2023,221268.0,49.46,50.54,13.82,9.04,20.45,31.63,21.27,,,,,,,33000.0,98.6,medium,11.0,56.9,32.1
DE40F,DE,Prignitz,2023,75595.0,49.61,50.39,11.85,7.77,20.43,29.78,25.24,,,,,,,36000.0,107.6,medium,11.0,56.9,32.1
DE40G,DE,Spree-Neiße,2023,109635.0,49.01,50.99,11.96,7.26,18.33,31.06,26.64,,,,,,,51300.0,153.3,high,11.0,56.9,32.1
DE40H,DE,Teltow-Fläming,2023,177688.0,49.98,50.02,14.21,8.81,23.73,29.73,19.79,,,,,,,43300.0,129.4,high,11.0,56.9,32.1
DE40I,DE,Uckermark,2023,117432.0,49.22,50.78,11.81,7.97,19.32,30.1,26.0,,,,,,,38800.0,115.9,medium,11.0,56.9,32.1
DE501,DE,"Bremen, Kreisfreie Stadt",2023,586271.0,49.39,50.61,14.32,11.03,28.38,25.64,17.25,,,,,,,61100.0,182.6,very_high,25.7,43.3,31.0
DE502,DE,"Bremerhaven, Kreisfreie Stadt",2023,118610.0,49.81,50.19,15.15,11.41,25.98,25.7,18.58,,,,,,,42800.0,127.9,high,25.7,43.3,31.0
DE600,DE,Hamburg,2023,1862565.0,48.96,51.04,14.26,10.49,31.06,26.14,14.97,0.28,25.76,50.6,62.8,47.0,13.56,84200.0,251.6,very_high,15.5,42.7,41.8
DE711,DE,"Darmstadt, Kreisfreie Stadt",2023,167029.0,51.09,48.91,13.21,13.77,32.16,23.49,14.62,,,,,,,94200.0,281.5,very_high,18.5,43.3,38.2
DE712,DE,"Frankfurt am Main, Kreisfreie Stadt",2023,756021.0,49.1,50.9,14.1,10.62,33.3,26.05,13.55,,,,,,,120900.0,361.3,very_high,18.5,43.3,38.2
DE713,DE,"Offenbach am Main, Kreisfreie Stadt",2023,132746.0,50.25,49.75,15.07,10.91,31.63,26.33,13.57,,,,,,,50600.0,151.2,high,18.5,43.3,38.2
DE714,DE,"Wiesbaden, Kreisfreie Stadt",2023,288850.0,48.43,51.57,14.27,11.09,27.44,27.31,16.66,,,,,,,73700.0,220.2,very_high,18.5,43.3,38.2
DE715,DE,Bergstraße,2023,274169.0,49.42,50.58,14.11,9.23,23.76,29.2,20.16,,,,,,,35600.0,106.4,medium,18.5,43.3,38.2
DE716,DE,Darmstadt-Dieburg,2023,302021.0,49.51,50.49,14.47,9.82,24.03,29.33,19.17,,,,,,,33600.0,100.4,medium,18.5,43.3,38.2
DE717,DE,Groß-Gerau,2023,268310.0,50.05,49.95,15.42,10.46,26.08,28.22,16.82,,,,,,,55800.0,166.7,high,18.5,43.3,38.2
DE718,DE,Hochtaunuskreis,2023,241664.0,48.5,51.5,14.56,9.71,22.21,30.07,19.28,,,,,,,72800.0,217.5,very_high,18.5,43.3,38.2
DE719,DE,Main-Kinzig-Kreis,2023,420914.0,49.42,50.58,14.48,9.71,24.63,28.61,19.23,,,,,,,40300.0,120.4,medium,18.5,43.3,38.2
DE71A,DE,Main-Taunus-Kreis,2023,238775.0,49.12,50.88,14.84,9.89,23.8,29.74,18.05,,,,,,,72800.0,217.5,very_high,18.5,43.3,38.2
DE71B,DE,Odenwaldkreis,2023,93846.0,49.35,50.65,13.43,9.11,22.51,29.21,21.78,,,,,,,32200.0,96.2,medium,18.5,43.3,38.2
DE71C,DE,"Offenbach, Landkreis",2023,358022.0,49.24,50.76,14.79,10.02,25.13,28.16,18.39,,,,,,,48400.0,144.6,high,18.5,43.3,38.2
DE71D,DE,Rheingau-Taunus-Kreis,2023,185651.0,48.96,51.04,13.44,9.67,22.12,30.14,20.85,,,,,,,29500.0,88.2,medium,18.5,43.3,38.2
DE71E,DE,Wetteraukreis,2023,311593.0,49.4,50.6,14.22,9.78,24.15,29.3,19.11,,,,,,,36500.0,109.1,medium,18.5,43.3,38.2
DE721,DE,"Gießen, Landkreis",2023,268418.0,49.19,50.81,13.65,12.15,27.91,25.44,17.72,,,,,,,45600.0,136.3,high,16.3,51.7,32.0
DE722,DE,Lahn-Dill-Kreis,2023,254074.0,49.37,50.63,14.22,9.8,23.95,28.72,19.76,,,,,,,43100.0,128.8,high,16.3,51.7,32.0
DE723,DE,Limburg-Weilburg,2023,173830.0,49.55,50.45,13.9,9.96,23.89,29.03,19.83,,,,,,,37100.0,110.9,medium,16.3,51.7,32.0
DE724,DE,Marburg-Biedenkopf,2023,242805.0,49.01,50.99,13.37,12.51,25.89,26.97,18.01,,,,,,,49100.0,146.7,high,16.3,51.7,32.0
DE725,DE,Vogelsbergkreis,2023,101163.0,49.67,50.33,13.07,8.82,21.8,29.51,22.58,,,,,,,35500.0,106.1,medium,16.3,51.7,32.0
DE731,DE,"Kassel, Kreisfreie Stadt",2023,197230.0,48.64,51.36,13.71,11.5,29.32,25.07,17.1,,,,,,,67400.0,201.4,very_high,17.3,53.5,29.2
DE732,DE,Fulda,2023,222283.0,49.76,50.24,14.24,10.45,24.83,27.83,18.83,,,,,,,47600.0,142.2,high,17.3,53.5,29.2
DE733,DE,Hersfeld-Rotenburg,2023,117414.0,49.71,50.29,13.77,9.31,22.42,28.8,21.62,,,,,,,44200.0,132.1,high,17.3,53.5,29.2
DE734,DE,"Kassel, Landkreis",2023,231073.0,49.01,50.99,13.62,8.94,22.43,28.96,21.99,,,,,,,39300.0,117.4,medium,17.3,53.5,29.2
DE735,DE,Schwalm-Eder-Kreis,2023,180071.0,49.99,50.01,13.45,9.28,23.28,29.27,20.92,,,,,,,39500.0,118.0,medium,17.3,53.5,29.2
DE736,DE,Waldeck-Frankenberg,2023,155126.0,49.66,50.34,13.53,9.73,22.84,29.29,20.86,,,,,,,47600.0,142.2,high,17.3,53.5,29.2
DE737,DE,Werra-Meißner-Kreis,2023,97695.0,49.53,50.47,12.74,8.88,22.22,29.27,22.73,,,,,,,36200.0,108.2,medium,17.3,53.5,29.2
DE803,DE,"Rostock, Kreisfreie Stadt",2023,205307.0,48.76,51.24,11.54,11.63,26.92,24.2,20.9,,,,,,,50600.0,151.2,high,7.2,64.7,28.0
DE804,DE,"Schwerin, Kreisfreie Stadt",2023,98308.0,48.03,51.97,12.72,9.99,23.89,25.93,22.55,,,,,,,50500.0,150.9,high,7.2,64.7,28.0
DE80J,DE,Mecklenburgische Seenplatte,2023,246318.0,48.71,51.29,12.27,8.34,19.84,29.68,25.35,,,,,,,37800.0,113.0,medium,7.2,64.7,28.0
DE80K,DE,Landkreis Rostock,2023,218721.0,49.39,50.61,13.68,7.9,20.71,30.29,23.5,,,,,,,33400.0,99.8,medium,7.2,64.7,28.0
DE80L,DE,Vorpommern-Rügen,2023,215203.0,48.53,51.47,11.7,8.25,20.18,30.33,25.08,,,,,,,34400.0,102.8,medium,7.2,64.7,28.0
DE80M,DE,Nordwestmecklenburg,2023,156692.0,49.49,50.51,13.0,8.54,21.54,30.08,22.89,,,,,,,31900.0,95.3,medium,7.2,64.7,28.0
DE80N,DE,Vorpommern-Greifswald,2023,224956.0,48.65,51.35,12.03,9.39,21.01,28.71,24.47,,,,,,,34900.0,104.3,medium,7.2,64.7,28.0
DE80O,DE,Ludwigslust-Parchim,2023,208092.0,49.77,50.23,13.15,7.78,20.84,30.65,23.72,,,,,,,32200.0,96.2,medium,7.2,64.7,28.0
DE911,DE,"Braunschweig, Kreisfreie Stadt",2023,252962.0,49.48,50.52,12.29,10.54,29.59,25.97,17.8,,,,,,,85500.0,255.5,very_high,16.4,48.7,34.9
DE912,DE,"Salzgitter, Kreisfreie Stadt",2023,104970.0,50.21,49.79,15.5,10.62,24.32,26.71,19.12,,,,,,,56000.0,167.3,high,16.4,48.7,34.9
DE913,DE,"Wolfsburg, Kreisfreie Stadt",2023,129560.0,49.98,50.02,14.97,9.85,26.89,26.14,18.06,,,,,,,185100.0,553.1,very_high,16.4,48.7,34.9
DE914,DE,Gifhorn,2023,175943.0,49.69,50.31,15.67,9.32,23.4,29.34,19.12,,,,,,,28000.0,83.7,medium,16.4,48.7,34.9
DE916,DE,Goslar,2023,126775.0,49.3,50.7,11.45,9.18,21.88,29.03,23.7,,,,,,,36600.0,109.4,medium,16.4,48.7,34.9
DE917,DE,Helmstedt,2023,90227.0,49.6,50.4,13.84,8.67,23.39,29.37,20.73,,,,,,,27700.0,82.8,medium,16.4,48.7,34.9
DE918,DE,Northeim,2023,125623.0,49.38,50.62,12.79,8.88,21.92,29.34,22.67,,,,,,,35200.0,105.2,medium,16.4,48.7,34.9
DE91A,DE,Peine,2023,137045.0,49.6,50.4,15.31,9.67,23.43,29.16,18.89,,,,,,,26600.0,79.5,medium,16.4,48.7,34.9
DE91B,DE,Wolfenbüttel,2023,118290.0,49.5,50.5,13.58,8.95,22.49,29.84,21.06,,,,,,,26300.0,78.6,medium,16.4,48.7,34.9
DE91C,DE,Göttingen,2023,328028.0,49.19,50.81,12.53,10.74,25.47,26.91,20.37,,,,,,,43400.0,129.7,high,16.4,48.7,34.9
DE922,DE,Diepholz,2023,221202.0,49.5,50.5,14.26,9.49,23.16,29.31,20.06,,,,,,,39200.0,117.1,medium,18.8,47.5,33.7
DE923,DE,Hameln-Pyrmont,2023,150203.0,48.65,51.35,13.55,9.25,22.51,28.53,21.59,,,,,,,39200.0,117.1,medium,18.8,47.5,33.7
DE925,DE,Hildesheim,2023,267506.0,48.88,51.12,13.27,10.22,23.64,28.54,20.27,,,,,,,36500.0,109.1,medium,18.8,47.5,33.7
DE926,DE,Holzminden,2023,65581.0,49.84,50.16,13.01,9.35,21.75,28.62,22.77,,,,,,,42300.0,126.4,high,18.8,47.5,33.7
DE927,DE,Nienburg (Weser),2023,121468.0,49.46,50.54,14.19,10.04,22.74,29.32,19.99,,,,,,,38400.0,114.7,medium,18.8,47.5,33.7
DE928,DE,Schaumburg,2023,156841.0,48.93,51.07,13.31,9.2,22.24,29.42,21.31,,,,,,,31600.0,94.4,medium,18.8,47.5,33.7
DE929,DE,Region Hannover,2023,1140888.0,49.04,50.96,13.77,10.31,26.65,27.37,18.06,,,,,,,57800.0,172.7,high,18.8,47.5,33.7
DE931,DE,Celle,2023,172449.0,48.84,51.16,14.35,9.54,23.35,28.15,20.86,,,,,,,40000.0,119.5,medium,15.9,53.6,30.5
DE932,DE,Cuxhaven,2023,198842.0,48.96,51.04,13.57,8.79,21.68,29.3,22.69,,,,,,,31900.0,95.3,medium,15.9,53.6,30.5
DE933,DE,Harburg,2023,265864.0,49.69,50.31,14.34,9.42,23.36,29.77,19.39,,,,,,,30300.0,90.5,medium,15.9,53.6,30.5
DE934,DE,Lüchow-Dannenberg,2023,46502.0,48.8,51.2,12.41,8.44,19.52,29.69,25.46,,,,,,,34300.0,102.5,medium,15.9,53.6,30.5
DE935,DE,"Lüneburg, Landkreis",2023,179448.0,48.54,51.46,14.11,10.69,24.45,29.27,18.32,,,,,,,38100.0,113.8,medium,15.9,53.6,30.5
DE936,DE,Osterholz,2023,113598.0,48.81,51.19,14.52,8.91,21.66,30.04,21.23,,,,,,,27400.0,81.9,medium,15.9,53.6,30.5
DE937,DE,Rotenburg (Wümme),2023,165904.0,50.07,49.93,13.91,10.18,23.8,29.2,19.56,,,,,,,42900.0,128.2,high,15.9,53.6,30.5
DE938,DE,Heidekreis,2023,141321.0,49.58,50.42,13.89,9.84,23.37,29.08,20.02,,,,,,,42400.0,126.7,high,15.9,53.6,30.5
DE939,DE,Stade,2023,207700.0,49.63,50.37,14.74,9.81,24.23,28.51,19.3,,,,,,,38600.0,115.3,medium,15.9,53.6,30.5
DE93A,DE,Uelzen,2023,91638.0,49.0,51.0,12.85,9.24,21.9,29.59,22.08,,,,,,,37800.0,113.0,medium,15.9,53.6,30.5
DE93B,DE,Verden,2023,138626.0,49.13,50.87,15.19,9.55,23.42,28.25,20.06,,,,,,,38700.0,115.6,medium,15.9,53.6,30.5
DE941,DE,"Delmenhorst, Kreisfreie Stadt",2023,81406.0,49.27,50.73,14.86,10.46,24.8,27.49,18.83,,,,,,,28500.0,85.2,medium,20.3,50.7,29.0
DE942,DE,"Emden, Kreisfreie Stadt",2023,49202.0,49.49,50.51,14.05,10.59,25.49,27.61,18.93,,,,,,,82700.0,247.1,very_high,20.3,50.7,29.0
DE943,DE,"Oldenburg (Oldenburg), Kreisfreie Stadt",2023,176614.0,48.34,51.66,12.74,11.63,29.38,26.05,17.18,,,,,,,56700.0,169.4,high,20.3,50.7,29.0
DE944,DE,"Osnabrück, Kreisfreie Stadt",2023,166057.0,48.64,51.36,12.45,13.5,29.67,25.0,16.1,,,,,,,61800.0,184.7,very_high,20.3,50.7,29.0
DE945,DE,"Wilhelmshaven, Kreisfreie Stadt",2023,75745.0,50.01,49.99,12.49,10.0,25.07,26.5,21.55,,,,,,,48800.0,145.8,high,20.3,50.7,29.0
DE946,DE,Ammerland,2023,127751.0,48.94,51.06,14.27,9.54,22.72,28.86,20.82,,,,,,,41500.0,124.0,medium,20.3,50.7,29.0
DE947,DE,Aurich,2023,188816.0,49.17,50.83,13.26,9.6,22.24,29.76,21.85,,,,,,,34900.0,104.3,medium,20.3,50.7,29.0
DE948,DE,Cloppenburg,2023,177025.0,50.84,49.16,16.7,11.57,26.17,27.28,15.76,,,,,,,47100.0,140.7,high,20.3,50.7,29.0
DE949,DE,Emsland,2023,334539.0,50.77,49.23,15.15,10.52,25.25,28.27,17.94,,,,,,,54300.0,162.3,high,20.3,50.7,29.0
DE94A,DE,Friesland (DE),2023,100411.0,48.6,51.4,13.14,8.54,21.87,29.32,22.77,,,,,,,33300.0,99.5,medium,20.3,50.7,29.0
DE94B,DE,Grafschaft Bentheim,2023,144543.0,49.99,50.01,15.08,10.03,24.34,28.74,18.42,,,,,,,41700.0,124.6,medium,20.3,50.7,29.0
DE94C,DE,Leer,2023,169103.0,49.28,50.72,14.61,9.85,23.84,28.65,19.95,,,,,,,34800.0,104.0,medium,20.3,50.7,29.0
DE94D,DE,"Oldenburg, Landkreis",2023,132008.0,49.44,50.56,14.17,9.7,22.99,30.12,19.51,,,,,,,35100.0,104.9,medium,20.3,50.7,29.0
DE94E,DE,"Osnabrück, Landkreis",2023,354821.0,49.39,50.61,14.96,9.84,23.33,29.04,19.15,,,,,,,40100.0,119.8,medium,20.3,50.7,29.0
DE94F,DE,Vechta,2023,146539.0,50.28,49.72,16.11,11.58,26.25,27.76,15.68,,,,,,,59000.0,176.3,very_high,20.3,50.7,29.0
DE94G,DE,Wesermarsch,2023,88936.0,49.97,50.03,13.49,9.62,22.53,29.59,21.05,,,,,,,43100.0,128.8,high,20.3,50.7,29.0
DE94H,DE,Wittmund,2023,55969.0,48.94,51.06,13.06,9.38,21.34,29.28,23.17,,,,,,,35400.0,105.8,medium,20.3,50.7,29.0
DEA11,DE,"Düsseldorf, Kreisfreie Stadt",2023,618685.0,48.34,51.66,13.15,9.73,31.35,26.79,15.76,,,,,,,104100.0,311.1,very_high,22.3,47.9,29.8
DEA12,DE,"Duisburg, Kreisfreie Stadt",2023,502270.0,49.63,50.37,15.07,10.76,26.62,27.14,16.99,,,,,,,40300.0,120.4,medium,22.3,47.9,29.8
DEA13,DE,"Essen, Kreisfreie Stadt",2023,574682.0,48.66,51.34,14.24,10.06,27.35,26.39,18.27,,,,,,,54600.0,163.2,high,22.3,47.9,29.8
DEA14,DE,"Krefeld, Kreisfreie Stadt",2023,231406.0,49.16,50.84,13.85,10.17,25.33,28.38,18.55,,,,,,,48100.0,143.7,high,22.3,47.9,29.8
DEA15,DE,"Mönchengladbach, Kreisfreie Stadt",2023,267213.0,49.73,50.27,14.24,10.31,26.44,27.33,18.36,,,,,,,41000.0,122.5,medium,22.3,47.9,29.8
DEA16,DE,"Mülheim an der Ruhr, Kreisfreie Stadt",2023,173050.0,48.54,51.46,14.17,9.27,24.61,27.99,19.78,,,,,,,46400.0,138.6,high,22.3,47.9,29.8
DEA17,DE,"Oberhausen, Kreisfreie Stadt",2023,213646.0,48.62,51.38,14.26,9.43,25.48,27.99,19.27,,,,,,,35000.0,104.6,medium,22.3,47.9,29.8
DEA18,DE,"Remscheid, Kreisfreie Stadt",2023,113828.0,49.87,50.13,14.11,10.03,25.0,28.57,18.57,,,,,,,43000.0,128.5,high,22.3,47.9,29.8
DEA19,DE,"Solingen, Kreisfreie Stadt",2023,165626.0,48.97,51.03,14.04,9.85,24.97,28.82,18.39,,,,,,,33500.0,100.1,medium,22.3,47.9,29.8
DEA1A,DE,"Wuppertal, Kreisfreie Stadt",2023,358193.0,49.35,50.65,14.54,10.95,26.52,26.88,17.55,,,,,,,40600.0,121.3,medium,22.3,47.9,29.8
DEA1B,DE,Kleve,2023,322018.0,49.96,50.04,13.8,10.09,25.55,28.54,18.79,,,,,,,37600.0,112.4,medium,22.3,47.9,29.8
DEA1C,DE,Mettmann,2023,490910.0,48.49,51.51,14.0,9.23,23.2,29.02,20.25,,,,,,,55600.0,166.1,high,22.3,47.9,29.8
DEA1D,DE,Rhein-Kreis Neuss,2023,457077.0,48.84,51.16,14.48,9.35,23.85,29.31,19.33,,,,,,,47000.0,140.4,high,22.3,47.9,29.8
DEA1E,DE,Viersen,2023,297857.0,48.98,51.02,13.53,9.13,23.49,29.97,20.23,,,,,,,35300.0,105.5,medium,22.3,47.9,29.8
DEA1F,DE,Wesel,2023,457918.0,48.7,51.3,13.69,8.9,23.37,29.02,21.18,,,,,,,35100.0,104.9,medium,22.3,47.9,29.8
DEA22,DE,"Bonn, Kreisfreie Stadt",2023,323336.0,48.17,51.83,13.58,12.46,29.17,25.67,15.85,,,,,,,88500.0,264.5,very_high,17.9,45.2,36.9
DEA23,DE,"Köln, Kreisfreie Stadt",2023,1024621.0,48.61,51.39,13.24,10.56,31.26,26.89,15.17,,,,,,,78500.0,234.6,very_high,17.9,45.2,36.9
DEA24,DE,"Leverkusen, Kreisfreie Stadt",2023,168581.0,49.21,50.79,14.25,10.12,25.71,28.3,17.63,,,,,,,55000.0,164.3,high,17.9,45.2,36.9
DEA26,DE,Düren,2023,279285.0,49.8,50.2,14.41,9.75,25.14,28.13,19.25,,,,,,,35300.0,105.5,medium,17.9,45.2,36.9
DEA27,DE,Rhein-Erft-Kreis,2023,477988.0,49.12,50.88,14.67,9.74,24.8,28.64,18.73,,,,,,,42500.0,127.0,high,17.9,45.2,36.9
DEA28,DE,Euskirchen,2023,202609.0,49.71,50.29,14.09,9.61,23.71,29.28,19.99,,,,,,,33800.0,101.0,medium,17.9,45.2,36.9
DEA29,DE,Heinsberg,2023,263681.0,49.56,50.44,14.23,9.52,24.44,29.03,19.49,,,,,,,32000.0,95.6,medium,17.9,45.2,36.9
DEA2A,DE,Oberbergischer Kreis,2023,274057.0,49.27,50.73,14.92,9.81,23.81,28.67,19.21,,,,,,,42800.0,127.9,high,17.9,45.2,36.9
DEA2B,DE,Rheinisch-Bergischer Kreis,2023,284273.0,48.62,51.38,14.0,9.19,22.56,29.98,20.16,,,,,,,32300.0,96.5,medium,17.9,45.2,36.9
DEA2C,DE,Rhein-Sieg-Kreis,2023,605441.0,49.16,50.84,14.31,9.85,23.64,29.06,19.54,,,,,,,34000.0,101.6,medium,17.9,45.2,36.9
DEA2D,DE,Städteregion Aachen,2023,582410.0,50.59,49.41,12.86,12.53,27.59,25.77,17.88,,,,,,,44900.0,134.2,high,17.9,45.2,36.9
DEA31,DE,"Bottrop, Kreisfreie Stadt",2023,118535.0,48.61,51.39,13.81,9.11,24.27,28.48,20.57,,,,,,,29100.0,87.0,medium,17.7,53.4,28.8
DEA32,DE,"Gelsenkirchen, Kreisfreie Stadt",2023,267930.0,49.47,50.53,16.08,10.98,25.71,26.82,17.21,,,,,,,38600.0,115.3,medium,17.7,53.4,28.8
DEA33,DE,"Münster, Kreisfreie Stadt",2023,308258.0,47.84,52.16,12.55,14.72,29.95,24.1,15.46,,,,,,,71200.0,212.8,very_high,17.7,53.4,28.8
DEA34,DE,Borken,2023,380796.0,50.07,49.93,15.37,10.24,24.88,28.9,17.53,,,,,,,47200.0,141.0,high,17.7,53.4,28.8
DEA35,DE,Coesfeld,2023,227859.0,49.41,50.59,14.67,9.53,23.42,29.13,19.78,,,,,,,36600.0,109.4,medium,17.7,53.4,28.8
DEA36,DE,Recklinghausen,2023,621305.0,48.84,51.16,14.13,9.42,23.78,28.64,20.36,,,,,,,30600.0,91.4,medium,17.7,53.4,28.8
DEA37,DE,Steinfurt,2023,451712.0,49.85,50.15,14.87,10.31,24.34,29.03,18.12,,,,,,,41100.0,122.8,medium,17.7,53.4,28.8
DEA38,DE,Warendorf,2023,282639.0,49.51,50.49,14.66,10.08,23.51,28.99,19.14,,,,,,,39600.0,118.3,medium,17.7,53.4,28.8
DEA41,DE,"Bielefeld, Kreisfreie Stadt",2023,331605.0,48.56,51.44,14.28,11.66,27.57,26.15,16.69,,,,,,,54500.0,162.9,high,18.1,50.4,31.5
DEA42,DE,Gütersloh,2023,363982.0,49.89,50.11,14.86,10.4,24.53,29.03,17.71,,,,,,,59200.0,176.9,very_high,18.1,50.4,31.5
DEA43,DE,Herford,2023,254404.0,49.24,50.76,14.26,9.94,23.63,28.86,19.24,,,,,,,39900.0,119.2,medium,18.1,50.4,31.5
DEA44,DE,Höxter,2023,139252.0,49.97,50.03,13.71,9.75,22.72,28.95,20.92,,,,,,,33800.0,101.0,medium,18.1,50.4,31.5
DEA45,DE,Lippe,2023,347149.0,49.16,50.84,14.94,10.2,23.21,27.77,19.81,,,,,,,37000.0,110.6,medium,18.1,50.4,31.5
DEA46,DE,Minden-Lübbecke,2023,320557.0,49.61,50.39,14.73,10.14,23.76,28.22,19.22,,,,,,,46300.0,138.4,high,18.1,50.4,31.5
DEA47,DE,Paderborn,2023,315912.0,50.08,49.92,14.69,11.4,26.38,26.99,17.47,,,,,,,44900.0,134.2,high,18.1,50.4,31.5
DEA51,DE,"Bochum, Kreisfreie Stadt",2023,358676.0,49.22,50.78,12.9,10.55,27.88,26.28,18.68,,,,,,,44800.0,133.9,high,21.1,52.9,26.0
DEA52,DE,"Dortmund, Kreisfreie Stadt",2023,603462.0,49.36,50.64,14.34,10.83,27.67,26.66,17.15,,,,,,,49300.0,147.3,high,21.1,52.9,26.0
DEA53,DE,"Hagen, Kreisfreie Stadt",2023,190384.0,49.23,50.77,15.18,10.73,25.18,27.36,18.01,,,,,,,39500.0,118.0,medium,21.1,52.9,26.0
DEA54,DE,"Hamm, Kreisfreie Stadt",2023,179968.0,49.53,50.47,14.36,11.08,25.32,27.47,18.4,,,,,,,36800.0,110.0,medium,21.1,52.9,26.0
DEA55,DE,"Herne, Kreisfreie Stadt",2023,155851.0,49.02,50.98,14.45,10.46,25.22,27.78,18.43,,,,,,,33500.0,100.1,medium,21.1,52.9,26.0
DEA56,DE,Ennepe-Ruhr-Kreis,2023,314167.0,48.4,51.6,13.4,8.96,23.64,29.0,20.96,,,,,,,36000.0,107.6,medium,21.1,52.9,26.0
DEA57,DE,Hochsauerlandkreis,2023,260843.0,49.93,50.07,13.46,9.69,23.53,29.43,20.03,,,,,,,44900.0,134.2,high,21.1,52.9,26.0
DEA58,DE,Märkischer Kreis,2023,408046.0,49.33,50.67,13.95,9.71,23.65,29.3,19.59,,,,,,,42000.0,125.5,high,21.1,52.9,26.0
DEA59,DE,Olpe,2023,132346.0,50.19,49.81,14.17,9.85,24.32,29.72,18.69,,,,,,,55800.0,166.7,high,21.1,52.9,26.0
DEA5A,DE,Siegen-Wittgenstein,2023,274074.0,49.82,50.18,14.2,10.04,25.32,27.66,19.25,,,,,,,46000.0,137.5,high,21.1,52.9,26.0
DEA5B,DE,Soest,2023,300297.0,49.72,50.28,13.88,9.77,23.94,29.28,19.51,,,,,,,44800.0,133.9,high,21.1,52.9,26.0
DEA5C,DE,Unna,2023,393784.0,48.83,51.17,13.7,9.32,23.66,28.98,20.58,,,,,,,37000.0,110.6,medium,21.1,52.9,26.0
DEB11,DE,"Koblenz, Kreisfreie Stadt",2023,113378.0,49.52,50.48,12.59,10.91,29.69,24.75,18.08,,,,,,,90400.0,270.1,very_high,17.0,52.7,30.2
DEB12,DE,Ahrweiler,2023,129353.0,49.36,50.64,13.39,8.64,23.49,28.54,21.6,,,,,,,33700.0,100.7,medium,17.0,52.7,30.2
DEB13,DE,Altenkirchen (Westerwald),2023,132125.0,49.62,50.38,14.63,9.34,23.85,28.61,20.03,,,,,,,32700.0,97.7,medium,17.0,52.7,30.2
DEB14,DE,Bad Kreuznach,2023,164748.0,49.07,50.93,13.9,9.23,23.47,28.71,21.03,,,,,,,36400.0,108.8,medium,17.0,52.7,30.2
DEB15,DE,Birkenfeld,2023,82611.0,49.36,50.64,13.34,9.59,23.29,28.12,21.63,,,,,,,35100.0,104.9,medium,17.0,52.7,30.2
DEB17,DE,Mayen-Koblenz,2023,217228.0,49.44,50.56,14.12,9.42,24.4,28.51,20.04,,,,,,,38500.0,115.0,medium,17.0,52.7,30.2
DEB18,DE,Neuwied,2023,189061.0,49.45,50.55,14.67,9.67,23.81,28.22,19.9,,,,,,,40500.0,121.0,medium,17.0,52.7,30.2
DEB1A,DE,Rhein-Lahn-Kreis,2023,125588.0,49.6,50.4,13.83,9.09,23.4,29.03,21.0,,,,,,,32600.0,97.4,medium,17.0,52.7,30.2
DEB1B,DE,Westerwaldkreis,2023,207803.0,49.63,50.37,14.3,9.32,24.13,29.47,19.38,,,,,,,43500.0,130.0,high,17.0,52.7,30.2
DEB1C,DE,Cochem-Zell,2023,61608.0,50.02,49.98,12.82,9.3,22.1,29.85,21.97,,,,,,,40300.0,120.4,medium,17.0,52.7,30.2
DEB1D,DE,Rhein-Hunsrück-Kreis,2023,106705.0,49.75,50.25,13.93,9.21,23.42,29.15,20.76,,,,,,,44100.0,131.8,high,17.0,52.7,30.2
DEB21,DE,"Trier, Kreisfreie Stadt",2023,104342.0,49.03,50.97,12.53,12.41,30.58,24.89,16.25,,,,,,,57000.0,170.3,high,17.7,53.0,29.4
DEB22,DE,Bernkastel-Wittlich,2023,113187.0,49.98,50.02,13.58,9.24,23.22,29.4,20.74,,,,,,,40000.0,119.5,medium,17.7,53.0,29.4
DEB23,DE,Eifelkreis Bitburg-Prüm,2023,99788.0,50.3,49.7,14.56,9.44,24.77,29.14,18.88,,,,,,,36900.0,110.3,medium,17.7,53.0,29.4
DEB24,DE,Vulkaneifel,2023,59313.0,50.11,49.89,13.02,8.57,22.84,29.19,22.5,,,,,,,41700.0,124.6,medium,17.7,53.0,29.4
DEB25,DE,Trier-Saarburg,2023,148953.0,49.64,50.36,14.25,9.38,24.13,29.62,19.19,,,,,,,24800.0,74.1,low,17.7,53.0,29.4
DEB31,DE,"Frankenthal (Pfalz), Kreisfreie Stadt",2023,48140.0,49.67,50.33,14.64,9.61,25.12,26.86,19.47,,,,,,,45800.0,136.9,high,18.4,45.0,36.6
DEB32,DE,"Kaiserslautern, Kreisfreie Stadt",2023,100426.0,50.44,49.56,12.63,11.25,29.43,25.17,18.21,,,,,,,60200.0,179.9,very_high,18.4,45.0,36.6
DEB33,DE,"Landau in der Pfalz, Kreisfreie Stadt",2023,48209.0,48.24,51.76,13.19,11.93,28.12,25.96,17.68,,,,,,,54700.0,163.5,high,18.4,45.0,36.6
DEB34,DE,"Ludwigshafen am Rhein, Kreisfreie Stadt",2023,177222.0,50.7,49.3,15.6,11.05,27.9,26.48,15.76,,,,,,,80500.0,240.5,very_high,18.4,45.0,36.6
DEB35,DE,"Mainz, Kreisfreie Stadt",2023,224684.0,48.73,51.27,12.42,12.95,33.06,23.55,15.02,,,,,,,88400.0,264.2,very_high,18.4,45.0,36.6
DEB36,DE,"Neustadt an der Weinstraße, Kreisfreie Stadt",2023,52945.0,48.61,51.39,13.91,8.99,23.61,27.62,21.41,,,,,,,38500.0,115.0,medium,18.4,45.0,36.6
DEB37,DE,"Pirmasens, Kreisfreie Stadt",2023,39761.0,49.43,50.57,13.31,9.95,24.14,27.09,21.23,,,,,,,47400.0,141.6,high,18.4,45.0,36.6
DEB38,DE,"Speyer, Kreisfreie Stadt",2023,49564.0,48.62,51.38,13.07,9.42,24.26,28.47,20.8,,,,,,,66300.0,198.1,very_high,18.4,45.0,36.6
DEB39,DE,"Worms, Kreisfreie Stadt",2023,86753.0,50.17,49.83,14.75,10.88,26.32,27.14,17.8,,,,,,,44200.0,132.1,high,18.4,45.0,36.6
DEB3A,DE,"Zweibrücken, Kreisfreie Stadt",2023,33323.0,49.59,50.41,13.56,9.8,24.67,27.08,20.83,,,,,,,65200.0,194.8,very_high,18.4,45.0,36.6
DEB3B,DE,Alzey-Worms,2023,131238.0,49.62,50.38,14.99,9.32,23.8,29.15,19.75,,,,,,,32000.0,95.6,medium,18.4,45.0,36.6
DEB3C,DE,Bad Dürkheim,2023,134329.0,49.11,50.89,13.36,8.35,22.06,30.15,22.24,,,,,,,27000.0,80.7,medium,18.4,45.0,36.6
DEB3D,DE,Donnersbergkreis,2023,74783.0,49.51,50.49,13.92,9.23,22.65,29.75,21.05,,,,,,,33200.0,99.2,medium,18.4,45.0,36.6
DEB3E,DE,Germersheim,2023,131383.0,49.84,50.16,14.65,9.61,24.87,28.9,18.86,,,,,,,44000.0,131.5,high,18.4,45.0,36.6
DEB3F,DE,"Kaiserslautern, Landkreis",2023,106343.0,49.14,50.86,15.39,9.27,23.18,28.28,20.42,,,,,,,27300.0,81.6,medium,18.4,45.0,36.6
DEB3G,DE,Kusel,2023,69334.0,49.86,50.14,13.42,8.88,22.27,29.14,22.55,,,,,,,22700.0,67.8,low,18.4,45.0,36.6
DEB3H,DE,Südliche Weinstraße,2023,113031.0,49.2,50.8,13.68,8.59,22.64,29.96,21.51,,,,,,,32400.0,96.8,medium,18.4,45.0,36.6
DEB3I,DE,Rhein-Pfalz-Kreis,2023,155882.0,49.24,50.76,14.96,8.72,23.01,29.04,20.38,,,,,,,23700.0,70.8,low,18.4,45.0,36.6
DEB3J,DE,Mainz-Bingen,2023,206454.0,49.24,50.76,14.66,9.34,22.92,30.07,19.79,,,,,,,49900.0,149.1,high,18.4,45.0,36.6
DEB3K,DE,Südwestpfalz,2023,89974.0,49.19,50.81,12.74,7.92,21.59,30.11,23.24,,,,,,,20800.0,62.2,low,18.4,45.0,36.6
DEC01,DE,Regionalverband Saarbrücken,2023,333149.0,49.31,50.69,13.09,10.06,26.37,26.45,20.28,,,,,,,51600.0,154.2,high,18.6,54.2,27.2
DEC02,DE,Merzig-Wadern,2023,108779.0,49.77,50.23,12.64,9.21,23.73,29.59,21.04,,,,,,,31000.0,92.6,medium,18.6,54.2,27.2
DEC03,DE,Neunkirchen,2023,133179.0,49.3,50.7,12.96,9.02,23.77,28.54,21.76,,,,,,,29700.0,88.7,medium,18.6,54.2,27.2
DEC04,DE,Saarlouis,2023,205129.0,49.21,50.79,12.83,8.93,23.85,28.49,21.84,,,,,,,38300.0,114.4,medium,18.6,54.2,27.2
DEC05,DE,Saarpfalz-Kreis,2023,144092.0,48.8,51.2,12.44,8.97,23.2,28.5,22.52,,,,,,,47400.0,141.6,high,18.6,54.2,27.2
DEC06,DE,St. Wendel,2023,87813.0,49.33,50.67,12.2,8.28,22.45,29.73,23.33,,,,,,,35600.0,106.4,medium,18.6,54.2,27.2
DED21,DE,"Dresden, Kreisfreie Stadt",2023,564904.0,49.61,50.39,13.85,11.67,28.78,23.78,17.67,,,,,,,51300.0,153.3,high,6.1,56.5,37.4
DED2C,DE,Bautzen,2023,292608.0,49.3,50.7,13.47,8.14,19.55,29.28,24.6,,,,,,,34600.0,103.4,medium,6.1,56.5,37.4
DED2D,DE,Görlitz,2023,243958.0,49.04,50.96,12.43,8.27,18.8,28.65,26.47,,,,,,,37100.0,110.9,medium,6.1,56.5,37.4
DED2E,DE,Meißen,2023,239221.0,49.09,50.91,13.14,8.45,19.7,29.34,24.22,,,,,,,34100.0,101.9,medium,6.1,56.5,37.4
DED2F,DE,Sächsische Schweiz-Osterzgebirge,2023,243996.0,49.34,50.66,13.64,8.66,19.96,28.87,23.88,,,,,,,28500.0,85.2,medium,6.1,56.5,37.4
DED41,DE,"Chemnitz, Kreisfreie Stadt",2023,245618.0,49.09,50.91,13.21,10.05,24.63,24.44,22.87,,,,,,,44200.0,132.1,high,5.8,67.2,27.0
DED42,DE,Erzgebirgskreis,2023,318394.0,48.92,51.08,12.47,8.44,18.92,28.24,27.06,,,,,,,29600.0,88.4,medium,5.8,67.2,27.0
DED43,DE,Mittelsachsen,2023,296431.0,49.59,50.41,12.86,8.58,20.12,28.52,24.92,,,,,,,33700.0,100.7,medium,5.8,67.2,27.0
DED44,DE,Vogtlandkreis,2023,219100.0,48.83,51.17,11.92,8.15,19.4,28.83,26.54,,,,,,,31700.0,94.7,medium,5.8,67.2,27.0
DED45,DE,Zwickau,2023,306793.0,49.03,50.97,12.37,8.52,20.31,28.39,25.49,,,,,,,39300.0,117.4,medium,5.8,67.2,27.0
DED51,DE,"Leipzig, Kreisfreie Stadt",2023,611850.0,49.29,50.71,13.47,11.87,32.63,22.44,15.89,,,,,,,48200.0,144.0,high,9.0,52.9,38.1
DED52,DE,Leipzig,2023,260127.0,49.18,50.82,13.53,8.29,20.39,29.74,23.54,,,,,,,32600.0,97.4,medium,9.0,52.9,38.1
DED53,DE,Nordsachsen,2023,199422.0,49.53,50.47,13.33,8.39,21.2,29.42,23.27,,,,,,,37300.0,111.5,medium,9.0,52.9,38.1
DEE01,DE,"Dessau-Roßlau, Kreisfreie Stadt",2023,75402.0,47.82,52.18,11.71,7.83,20.19,27.52,26.87,,,,,,,38700.0,115.6,medium,8.4,65.8,25.8
DEE02,DE,"Halle (Saale), Kreisfreie Stadt",2023,226767.0,48.33,51.67,13.09,12.48,26.11,23.81,20.32,,,,,,,40300.0,120.4,medium,8.4,65.8,25.8
DEE03,DE,"Magdeburg, Kreisfreie Stadt",2023,244329.0,49.61,50.39,12.5,11.37,27.42,24.33,20.17,,,,,,,42700.0,127.6,high,8.4,65.8,25.8
DEE04,DE,Altmarkkreis Salzwedel,2023,79980.0,49.65,50.35,12.72,8.07,20.55,30.87,23.6,,,,,,,32000.0,95.6,medium,8.4,65.8,25.8
DEE05,DE,Anhalt-Bitterfeld,2023,153035.0,49.0,51.0,11.74,8.14,20.35,29.86,25.38,,,,,,,38700.0,115.6,medium,8.4,65.8,25.8
DEE06,DE,Jerichower Land,2023,88509.0,49.49,50.51,12.69,7.8,20.36,30.48,24.32,,,,,,,32500.0,97.1,medium,8.4,65.8,25.8
DEE07,DE,Börde,2023,167924.0,49.77,50.23,13.03,8.12,21.51,30.51,23.11,,,,,,,36500.0,109.1,medium,8.4,65.8,25.8
DEE08,DE,Burgenlandkreis,2023,173684.0,49.0,51.0,12.2,8.08,20.55,29.1,25.29,,,,,,,34200.0,102.2,medium,8.4,65.8,25.8
DEE09,DE,Harz,2023,205484.0,48.74,51.26,11.25,8.18,20.13,29.76,26.0,,,,,,,30800.0,92.0,medium,8.4,65.8,25.8
DEE0A,DE,Mansfeld-Südharz,2023,129029.0,49.34,50.66,11.16,7.74,18.86,30.04,27.33,,,,,,,28600.0,85.5,medium,8.4,65.8,25.8
DEE0B,DE,Saalekreis,2023,182451.0,49.46,50.54,12.87,8.36,21.18,29.93,23.81,,,,,,,43800.0,130.9,high,8.4,65.8,25.8
DEE0C,DE,Salzlandkreis,2023,180771.0,48.84,51.16,11.81,8.18,20.27,29.89,25.24,,,,,,,34400.0,102.8,medium,8.4,65.8,25.8
DEE0D,DE,Stendal,2023,106538.0,49.21,50.79,12.5,8.38,20.14,30.33,24.45,,,,,,,37000.0,110.6,medium,8.4,65.8,25.8
DEE0E,DE,Wittenberg,2023,121694.0,49.17,50.83,11.9,7.58,19.61,29.96,26.13,,,,,,,31200.0,93.2,medium,8.4,65.8,25.8
DEF01,DE,"Flensburg, Kreisfreie Stadt",2023,96326.0,49.47,50.53,12.81,12.91,29.03,25.05,16.93,,,,,,,51400.0,153.6,high,17.0,51.2,31.8
DEF02,DE,"Kiel, Kreisfreie Stadt",2023,252668.0,48.89,51.11,12.28,12.72,30.97,24.56,16.26,,,,,,,58400.0,174.5,high,17.0,51.2,31.8
DEF03,DE,"Lübeck, Kreisfreie Stadt",2023,216889.0,48.09,51.91,12.3,10.45,26.32,27.35,19.41,,,,,,,57900.0,173.0,high,17.0,51.2,31.8
DEF04,DE,"Neumünster, Kreisfreie Stadt",2023,79809.0,49.8,50.2,12.99,10.84,25.26,27.82,19.27,,,,,,,56400.0,168.5,high,17.0,51.2,31.8
DEF05,DE,Dithmarschen,2023,133460.0,49.33,50.67,12.88,9.55,21.95,29.33,22.39,,,,,,,45700.0,136.6,high,17.0,51.2,31.8
DEF06,DE,Herzogtum Lauenburg,2023,206235.0,48.88,51.12,14.67,9.37,23.23,29.4,19.34,,,,,,,28400.0,84.9,medium,17.0,51.2,31.8
DEF07,DE,Nordfriesland,2023,170029.0,48.79,51.21,12.93,9.33,22.56,29.54,21.81,,,,,,,46100.0,137.8,high,17.0,51.2,31.8
DEF08,DE,Ostholstein,2023,201472.0,48.06,51.94,11.58,8.37,20.43,30.67,24.5,,,,,,,35300.0,105.5,medium,17.0,51.2,31.8
DEF09,DE,Pinneberg,2023,325223.0,49.09,50.91,14.1,9.68,23.85,29.6,18.97,,,,,,,34900.0,104.3,medium,17.0,51.2,31.8
DEF0A,DE,Plön,2023,130609.0,48.14,51.86,13.27,8.57,20.44,30.14,23.17,,,,,,,26200.0,78.3,medium,17.0,51.2,31.8
DEF0B,DE,Rendsburg-Eckernförde,2023,278058.0,49.12,50.88,13.77,9.38,22.12,29.91,21.02,,,,,,,37600.0,112.4,medium,17.0,51.2,31.8
DEF0C,DE,Schleswig-Flensburg,2023,205472.0,49.26,50.74,14.17,9.18,21.97,29.4,21.47,,,,,,,36200.0,108.2,medium,17.0,51.2,31.8
DEF0D,DE,Segeberg,2023,283562.0,49.28,50.72,14.16,9.49,24.26,29.46,19.03,,,,,,,39700.0,118.6,medium,17.0,51.2,31.8
DEF0E,DE,Steinburg,2023,132731.0,49.55,50.45,13.44,9.34,23.06,30.2,20.13,,,,,,,36200.0,108.2,medium,17.0,51.2,31.8
DEF0F,DE,Stormarn,2023,246974.0,48.76,51.24,14.5,9.42,22.06,30.02,19.75,,,,,,,42500.0,127.0,high,17.0,51.2,31.8
DEG01,DE,"Erfurt, Kreisfreie Stadt",2023,218793.0,48.83,51.17,12.86,11.24,26.68,25.77,19.8,,,,,,,49500.0,147.9,high,7.7,63.2,29.1
DEG02,DE,"Gera, Kreisfreie Stadt",2023,95608.0,49.05,50.95,12.7,9.5,21.81,26.46,24.69,,,,,,,36500.0,109.1,medium,7.7,63.2,29.1
DEG03,DE,"Jena, Kreisfreie Stadt",2023,109725.0,49.03,50.97,12.71,12.75,29.26,22.44,18.74,,,,,,,58200.0,173.9,high,7.7,63.2,29.1
DEG04,DE,"Suhl, Kreisfreie Stadt",2023,37009.0,49.55,50.45,10.76,8.63,19.58,28.58,28.53,,,,,,,,,,7.7,63.2,29.1
DEG05,DE,"Weimar, Kreisfreie Stadt",2023,65954.0,47.87,52.13,13.03,11.73,24.86,25.67,20.44,,,,,,,37200.0,111.2,medium,7.7,63.2,29.1
DEG06,DE,Eichsfeld,2023,103694.0,50.1,49.9,14.24,8.66,21.51,28.72,23.09,,,,,,,32000.0,95.6,medium,7.7,63.2,29.1
DEG07,DE,Nordhausen,2023,80762.0,49.34,50.66,12.42,8.91,21.17,28.52,24.39,,,,,,,32300.0,96.5,medium,7.7,63.2,29.1
DEG09,DE,Unstrut-Hainich-Kreis,2023,94613.0,49.6,50.4,13.35,8.76,20.99,28.9,23.92,,,,,,,32300.0,96.5,medium,7.7,63.2,29.1
DEG0A,DE,Kyffhäuserkreis,2023,71738.0,49.71,50.29,11.96,8.17,19.97,29.58,26.11,,,,,,,28700.0,85.8,medium,7.7,63.2,29.1
DEG0B,DE,Schmalkalden-Meiningen,2023,123939.0,50.01,49.99,12.57,8.1,21.23,30.22,24.28,,,,,,,,,,7.7,63.2,29.1
DEG0C,DE,Gotha,2023,135838.0,49.53,50.47,12.66,8.78,22.04,29.29,23.24,,,,,,,34300.0,102.5,medium,7.7,63.2,29.1
DEG0D,DE,Sömmerda,2023,67693.0,49.91,50.09,12.99,8.52,21.11,29.74,24.17,,,,,,,32900.0,98.3,medium,7.7,63.2,29.1
DEG0E,DE,Hildburghausen,2023,59987.0,50.11,49.89,12.34,7.97,20.97,30.59,24.26,,,,,,,27700.0,82.8,medium,7.7,63.2,29.1
DEG0F,DE,Ilm-Kreis,2023,106776.0,50.38,49.62,13.0,8.65,23.52,28.2,23.2,,,,,,,,,,7.7,63.2,29.1
DEG0G,DE,Weimarer Land,2023,82392.0,49.52,50.48,14.13,8.87,20.86,29.43,23.26,,,,,,,37800.0,113.0,medium,7.7,63.2,29.1
DEG0H,DE,Sonneberg,2023,56922.0,49.35,50.65,11.53,8.0,20.23,31.0,25.07,,,,,,,,,,7.7,63.2,29.1
DEG0I,DE,Saalfeld-Rudolstadt,2023,101494.0,49.19,50.81,12.19,7.5,19.6,30.4,25.93,,,,,,,,,,7.7,63.2,29.1
DEG0J,DE,Saale-Holzland-Kreis,2023,83342.0,49.61,50.39,12.72,8.52,20.84,29.27,24.58,,,,,,,31000.0,92.6,medium,7.7,63.2,29.1
DEG0K,DE,Saale-Orla-Kreis,2023,77341.0,49.61,50.39,12.34,8.21,19.65,30.18,25.21,,,,,,,36200.0,108.2,medium,7.7,63.2,29.1
DEG0L,DE,Greiz,2023,93707.0,49.43,50.57,11.85,7.66,18.26,29.87,27.25,,,,,,,28700.0,85.8,medium,7.7,63.2,29.1
DEG0M,DE,Altenburger Land,2023,87508.0,48.51,51.49,11.61,8.02,18.93,29.15,27.12,,,,,,,27800.0,83.1,medium,7.7,63.2,29.1
DEG0N,DE,"Eisenach, Kreisfreie Stadt",2023,42408.0,49.16,50.84,12.83,9.03,23.05,28.34,22.59,,,,,,,,,,7.7,63.2,29.1
DEG0P,DE,Wartburgkreis,2023,117131.0,50.01,49.99,12.95,7.63,21.05,30.96,23.83,,,,,,,,,,7.7,63.2,29.1
DK011,DK,Byen København,2024,831423.0,48.96,51.04,14.34,13.62,37.76,21.92,11.09,0.06,11.85,50.08,62.61,58.73,16.66,92200.0,321.0,very_high,12.4,30.5,57.1
DK012,DK,Københavns omegn,2024,582097.0,49.43,50.57,17.34,12.44,26.15,25.57,16.08,0.15,32.3,54.01,49.77,53.7,10.07,118900.0,413.9,very_high,12.4,30.5,57.1
DK013,DK,Nordsjælland,2024,478217.0,48.98,51.02,16.47,10.73,19.95,28.62,21.2,2.03,39.89,48.8,35.19,61.31,12.78,57700.0,200.9,very_high,12.4,30.5,57.1
DK014,DK,Bornholm,2024,39056.0,49.32,50.68,13.34,8.48,18.21,28.41,27.99,8.49,35.37,52.62,23.04,71.71,9.03,42900.0,149.4,high,12.4,30.5,57.1
DK021,DK,Østsjælland,2024,262820.0,49.31,50.69,16.85,11.68,22.45,28.1,18.53,2.2,29.26,59.57,31.49,68.35,9.14,43400.0,151.1,high,18.8,45.8,35.3
DK022,DK,Vest- og Sydsjælland,2024,592082.0,50.07,49.93,14.13,10.59,21.29,28.42,22.77,6.85,38.19,47.21,25.13,73.53,9.09,47800.0,166.4,high,18.8,45.8,35.3
DK031,DK,Fyn,2024,507349.0,49.64,50.36,14.81,12.32,23.87,26.06,20.17,6.31,36.12,51.17,29.52,68.03,8.85,46700.0,162.6,high,19.3,42.2,38.4
DK032,DK,Sydjylland,2024,733123.0,50.24,49.76,15.75,11.38,22.66,27.16,20.28,6.91,49.52,54.56,25.02,55.08,8.92,61700.0,214.8,very_high,19.3,42.2,38.4
DK041,DK,Vestjylland,2024,428776.0,50.47,49.53,15.81,11.8,21.97,26.98,20.63,9.51,52.03,48.28,22.66,59.52,8.0,57600.0,200.5,very_high,16.5,40.5,43.0
DK042,DK,Østjylland,2024,945023.0,49.64,50.36,16.14,13.52,26.8,24.39,16.99,3.61,34.21,54.76,38.04,60.13,9.24,55200.0,192.2,very_high,16.5,40.5,43.0
DK050,DK,Nordjylland,2024,592768.0,50.44,49.56,14.96,12.05,23.8,25.89,20.55,7.88,43.12,47.84,28.42,64.36,8.38,51500.0,179.3,very_high,20.1,44.5,35.4
EE001,EE,Põhja-Eesti,2024,647024.0,47.37,52.63,16.24,10.66,29.77,25.31,15.51,0.87,43.87,54.16,51.16,38.64,11.1,38800.0,135.1,high,11.2,47.0,41.8
EE004,EE,Lääne-Eesti,2024,148255.0,47.27,52.73,15.12,10.55,23.48,27.29,20.12,11.63,56.0,47.99,11.55,46.61,12.67,18700.0,65.1,low,11.2,47.0,41.8
EE008,EE,Lõuna-Eesti,2024,321690.0,47.91,52.09,16.02,11.09,25.77,25.8,18.06,11.93,55.11,39.25,23.22,56.75,12.37,22800.0,79.4,medium,11.2,47.0,41.8
EE009,EE,Kesk-Eesti,2024,122870.0,48.1,51.9,15.41,11.05,23.04,26.86,20.27,20.64,64.61,34.97,5.64,54.35,5.13,17800.0,62.0,low,11.2,47.0,41.8
EE00A,EE,Kirde-Eesti,2024,130156.0,46.04,53.96,12.13,10.26,20.25,28.69,24.67,2.24,63.94,48.03,8.13,50.09,9.43,17800.0,62.0,low,11.2,47.0,41.8
EL301,EL,Voreios Tomeas Athinon,2023,592494.0,46.79,53.21,13.16,9.65,21.97,31.04,20.1,0.37,26.08,61.96,56.5,41.87,13.22,36800.0,110.0,medium,10.6,44.9,44.6
EL302,EL,Dytikos Tomeas Athinon,2023,462105.0,48.32,51.68,12.74,10.37,24.45,31.61,17.54,0.54,31.51,82.09,24.39,50.31,11.13,15100.0,45.1,very_low,10.6,44.9,44.6
EL303,EL,Kentrikos Tomeas Athinon,2023,977993.0,47.98,52.02,10.57,9.83,27.16,29.78,18.84,0.34,16.68,65.02,51.89,51.56,14.5,42800.0,127.9,high,10.6,44.9,44.6
EL304,EL,Notios Tomeas Athinon,2023,516991.0,46.79,53.21,12.28,9.65,23.33,31.08,19.88,0.39,22.83,84.7,43.03,36.0,13.06,25800.0,77.1,medium,10.6,44.9,44.6
EL305,EL,Anatoliki Attiki,2023,536875.0,49.66,50.34,14.58,12.25,22.46,30.23,17.78,5.97,35.02,82.71,33.21,32.55,10.54,22600.0,67.5,low,10.6,44.9,44.6
EL306,EL,Dytiki Attiki,2023,164369.0,50.24,49.76,16.59,11.8,25.48,28.37,15.49,4.86,51.94,84.25,18.66,35.78,4.48,28100.0,84.0,medium,10.6,44.9,44.6
EL307,EL,"Peiraias, Nisoi",2023,513445.0,48.91,51.09,12.34,10.12,24.6,30.54,19.09,1.74,21.3,92.81,27.66,47.25,9.25,24700.0,73.8,low,10.6,44.9,44.6
EL411,EL,"Lesvos, Limnos",2023,112520.0,54.22,45.78,14.29,14.74,24.15,24.82,17.85,30.62,17.49,74.99,21.56,49.41,5.96,13000.0,38.8,very_low,26.2,47.2,26.5
EL412,EL,"Ikaria, Samos",2023,43010.0,54.02,45.98,11.03,13.91,22.55,26.24,21.61,19.6,22.58,82.53,16.29,53.19,5.86,12900.0,38.5,very_low,26.2,47.2,26.5
EL413,EL,Chios,2023,52397.0,51.08,48.92,12.65,12.0,23.7,27.14,20.27,11.81,21.47,72.9,21.71,63.95,8.3,13500.0,40.3,very_low,26.2,47.2,26.5
EL421,EL,"Kalymnos, Karpathos, Kasos, Kos, Rodos",2023,211087.0,51.67,48.33,14.51,12.25,25.75,27.61,17.33,8.58,18.3,110.85,17.77,38.83,5.68,18600.0,55.6,low,30.8,47.0,22.2
EL422,EL,"Andros, Thira, Kea, Milos, Mykonos, Naxos, Paros,  Syros, Tinos",2023,115949.0,49.41,50.59,15.69,8.65,22.9,30.02,19.31,16.6,28.77,109.62,17.26,21.81,5.95,26900.0,80.4,medium,30.8,47.0,22.2
EL431,EL,Irakleio,2023,301598.0,48.92,51.08,15.28,10.99,24.12,28.8,17.42,26.87,24.03,89.94,23.0,28.04,8.13,17500.0,52.3,low,23.6,47.9,28.5
EL432,EL,Lasithi,2023,77131.0,50.07,49.93,13.17,8.87,23.47,28.09,20.33,47.56,17.87,79.8,16.73,31.09,6.93,21100.0,63.0,low,23.6,47.9,28.5
EL433,EL,Rethymni,2023,85716.0,49.04,50.96,15.99,13.71,24.14,27.5,15.44,34.84,21.85,89.93,11.12,35.46,6.76,17900.0,53.5,low,23.6,47.9,28.5
EL434,EL,Chania,2023,156676.0,50.11,49.89,15.02,10.01,24.49,29.38,17.77,29.84,22.89,84.93,14.87,40.95,6.51,19000.0,56.8,low,23.6,47.9,28.5
EL511,EL,Evros,2023,136419.0,52.79,47.21,12.02,14.66,22.64,25.8,20.36,34.58,19.67,46.71,13.57,79.17,6.28,14400.0,43.0,very_low,32.2,44.1,23.7
EL512,EL,Xanthi,2023,107954.0,50.06,49.94,14.59,13.23,24.5,28.1,16.92,50.03,26.02,53.02,22.34,42.33,6.22,11700.0,35.0,very_low,32.2,44.1,23.7
EL513,EL,Rodopi,2023,106838.0,49.09,50.91,10.93,16.01,21.95,27.56,19.89,82.4,17.65,40.98,13.23,42.44,3.31,11800.0,35.3,very_low,32.2,44.1,23.7
EL514,EL,Drama,2023,89067.0,49.91,50.09,12.82,10.59,22.17,28.33,20.72,35.63,35.29,64.54,15.23,40.74,8.57,13200.0,39.4,very_low,32.2,44.1,23.7
EL515,EL,"Thasos, Kavala",2023,124917.0,48.45,51.55,12.62,8.94,21.29,30.77,21.58,24.3,29.65,76.37,19.27,44.47,5.98,17100.0,51.1,low,32.2,44.1,23.7
EL521,EL,Imathia,2023,129663.0,49.63,50.37,13.03,10.77,21.32,29.25,21.38,53.46,26.13,62.97,14.88,38.08,4.45,15000.0,44.8,very_low,17.0,45.9,37.1
EL522,EL,Thessaloniki,2023,1081843.0,47.59,52.41,12.68,11.63,23.61,30.21,18.46,6.05,28.75,80.08,32.54,41.89,10.68,18100.0,54.1,low,17.0,45.9,37.1
EL523,EL,Kilkis,2023,69858.0,50.27,49.73,12.43,10.43,21.5,29.09,20.93,30.59,44.44,53.37,12.13,51.92,7.55,14800.0,44.2,very_low,17.0,45.9,37.1
EL524,EL,Pella,2023,120515.0,49.04,50.96,12.79,8.74,21.44,30.99,21.59,73.76,26.94,50.66,11.19,32.66,4.78,17400.0,52.0,low,17.0,45.9,37.1
EL525,EL,Pieria,2023,115101.0,48.81,51.19,13.09,9.61,21.05,30.58,21.41,39.67,27.76,75.37,15.11,36.66,5.45,14300.0,42.7,very_low,17.0,45.9,37.1
EL526,EL,Serres,2023,154728.0,50.35,49.65,11.53,10.65,20.83,28.12,23.53,63.36,24.49,57.14,13.17,35.95,5.87,13200.0,39.4,very_low,17.0,45.9,37.1
EL527,EL,Chalkidiki,2023,100692.0,49.92,50.08,13.0,9.27,22.14,30.75,21.1,40.77,22.59,89.51,14.95,25.82,6.3,17900.0,53.5,low,17.0,45.9,37.1
EL531,EL,"Grevena, Kozani",2023,156828.0,49.99,50.01,11.58,10.13,20.49,30.74,21.92,35.43,48.64,49.12,14.55,45.23,7.07,15300.0,45.7,very_low,19.0,52.7,28.3
EL532,EL,Kastoria,2023,43827.0,49.68,50.32,10.82,8.79,19.89,32.01,23.63,30.28,44.14,68.87,14.55,35.23,6.93,13100.0,39.1,very_low,19.0,52.7,28.3
EL533,EL,Florina,2023,42920.0,48.74,51.26,11.94,11.57,21.28,30.15,20.59,32.49,34.02,49.52,14.02,62.75,7.3,18500.0,55.3,low,19.0,52.7,28.3
EL541,EL,"Arta, Preveza",2023,115007.0,49.55,50.45,11.62,8.54,19.37,28.91,25.79,50.29,27.62,61.36,12.42,42.3,6.01,13100.0,39.1,very_low,17.5,44.1,38.4
EL542,EL,Thesprotia,2023,40170.0,49.8,50.2,11.92,8.01,20.3,28.86,25.65,40.55,18.14,86.02,12.22,38.42,4.59,14200.0,42.4,very_low,17.5,44.1,38.4
EL543,EL,Ioannina,2023,168884.0,49.92,50.08,12.49,13.51,21.91,26.71,20.69,19.05,30.45,62.83,22.08,59.82,5.75,14200.0,42.4,very_low,17.5,44.1,38.4
EL611,EL,"Karditsa, Trikala",2023,222314.0,49.62,50.38,11.74,9.07,20.27,29.41,24.04,54.66,24.37,59.68,15.52,36.98,8.77,13300.0,39.7,very_low,18.0,47.7,34.3
EL612,EL,Larisa,2023,266074.0,49.79,50.21,13.6,10.96,22.11,29.3,19.91,37.5,28.05,55.86,19.56,52.81,6.23,18600.0,55.6,low,18.0,47.7,34.3
EL613,EL,"Magnisia, Sporades",2023,187652.0,48.6,51.4,12.63,11.0,21.85,29.65,21.0,21.31,36.45,66.42,14.04,54.38,7.45,16400.0,49.0,very_low,18.0,47.7,34.3
EL621,EL,Zakynthos,2023,40121.0,49.11,50.89,15.33,9.0,23.75,30.52,18.27,38.3,19.13,85.53,22.46,26.99,7.49,24100.0,72.0,low,21.0,59.4,19.6
EL622,EL,Kerkyra,2023,97697.0,48.94,51.06,12.96,8.57,22.1,30.74,22.13,14.1,15.82,118.46,17.44,26.32,7.91,18600.0,55.6,low,21.0,59.4,19.6
EL623,EL,"Ithaki, Kefallinia",2023,38451.0,49.56,50.44,13.03,9.22,21.63,29.73,21.21,20.43,23.14,83.39,22.03,46.28,4.86,18800.0,56.2,low,21.0,59.4,19.6
EL624,EL,Lefkada,2023,22152.0,50.21,49.79,13.8,8.47,22.14,29.41,21.75,13.76,24.08,89.01,20.2,40.95,11.76,17000.0,50.8,low,21.0,59.4,19.6
EL631,EL,Aitoloakarnania,2023,183720.0,49.89,50.11,13.14,9.12,20.68,29.96,22.16,56.44,20.75,67.38,10.48,36.46,8.48,14100.0,42.1,very_low,23.1,51.3,25.6
EL632,EL,Achaia,2023,299689.0,49.12,50.88,13.21,13.59,22.14,28.64,18.88,19.2,28.49,76.36,21.54,45.45,8.96,16600.0,49.6,very_low,23.1,51.3,25.6
EL633,EL,Ileia,2023,152545.0,53.64,46.36,11.88,9.42,24.74,28.04,21.51,59.96,20.65,58.54,12.93,39.32,8.64,14000.0,41.8,very_low,23.1,51.3,25.6
EL641,EL,Voiotia,2023,108187.0,51.71,48.29,13.69,10.41,23.03,29.66,19.38,37.76,68.94,49.19,12.27,26.67,5.19,26500.0,79.2,medium,28.2,50.7,21.1
EL642,EL,Evvoia,2023,211850.0,50.55,49.45,13.26,10.14,22.79,29.15,20.6,16.94,47.28,81.2,15.08,28.24,11.22,17100.0,51.1,low,28.2,50.7,21.1
EL643,EL,Evrytania,2023,17532.0,50.54,49.46,9.14,7.07,18.27,28.3,28.13,37.76,18.76,68.41,13.64,46.27,14.8,12900.0,38.5,very_low,28.2,50.7,21.1
EL644,EL,Fthiotida,2023,132394.0,49.41,50.59,11.43,8.96,20.18,30.85,23.26,49.74,32.48,57.03,15.92,40.56,4.26,15900.0,47.5,very_low,28.2,50.7,21.1
EL645,EL,Fokida,2023,37205.0,50.21,49.79,9.63,7.68,20.44,29.32,26.38,36.15,21.69,76.81,11.8,42.02,11.53,13900.0,41.5,very_low,28.2,50.7,21.1
EL651,EL,"Argolida, Arkadia",2023,166075.0,50.13,49.87,12.08,8.73,20.95,30.62,22.5,42.11,27.67,66.47,15.91,39.52,8.3,19500.0,58.3,low,22.7,51.2,26.1
EL652,EL,Korinthia,2023,136714.0,49.96,50.04,13.14,9.66,21.56,29.85,21.76,42.11,31.67,60.04,19.56,33.71,12.92,17700.0,52.9,low,22.7,51.2,26.1
EL653,EL,"Lakonia, Messinia",2023,226376.0,50.57,49.43,11.73,9.17,21.55,29.53,22.65,67.21,17.94,61.72,12.71,31.96,8.46,16700.0,49.9,very_low,22.7,51.2,26.1
ES111,ES,A Coruña,2023,1135623.0,47.96,52.04,10.94,9.04,21.96,31.78,21.65,,,,,,,29700.0,88.7,medium,34.4,23.4,42.2
ES112,ES,Lugo,2023,326022.0,48.53,51.47,9.88,7.86,21.0,31.01,23.74,,,,,,,29000.0,86.7,medium,34.4,23.4,42.2
ES113,ES,Ourense,2023,305278.0,48.04,51.96,9.27,8.03,20.18,30.26,25.33,,,,,,,29300.0,87.6,medium,34.4,23.4,42.2
ES114,ES,Pontevedra,2023,947818.0,48.25,51.75,11.13,9.68,22.28,32.2,20.62,,,,,,,27100.0,81.0,medium,34.4,23.4,42.2
ES120,ES,Asturias,2023,1015128.0,47.73,52.27,9.8,8.57,20.43,32.83,23.64,,,,,,,28100.0,84.0,medium,28.5,27.2,44.3
ES130,ES,Cantabria,2023,593623.0,48.42,51.58,11.37,10.11,21.83,32.17,20.63,,,,,,,28400.0,84.9,medium,26.4,24.8,48.8
ES211,ES,Araba/Álava,2023,341961.0,49.25,50.75,13.24,10.18,22.62,31.11,19.24,,,,,,,41700.0,124.6,medium,20.8,23.0,56.2
ES212,ES,Gipuzkoa,2023,733149.0,48.88,51.12,12.49,10.86,21.99,30.63,20.2,,,,,,,39000.0,116.5,medium,20.8,23.0,56.2
ES213,ES,Bizkaia,2023,1167233.0,48.4,51.6,11.6,10.1,22.21,31.42,20.53,,,,,,,38300.0,114.4,medium,20.8,23.0,56.2
ES220,ES,Navarra,2023,683854.0,49.55,50.45,13.92,11.5,23.56,30.03,17.62,,,,,,,37000.0,110.6,medium,26.9,23.0,50.1
ES230,ES,La Rioja,2023,326803.0,49.32,50.68,13.03,10.68,22.92,30.88,18.78,,,,,,,32400.0,96.8,medium,36.6,21.7,41.6
ES241,ES,Huesca,2023,230087.0,50.92,49.08,12.69,10.25,23.35,30.47,18.88,,,,,,,35900.0,107.3,medium,34.5,24.3,41.3
ES242,ES,Teruel,2023,136091.0,50.96,49.04,12.46,9.99,22.83,30.06,19.7,,,,,,,32000.0,95.6,medium,34.5,24.3,41.3
ES243,ES,Zaragoza,2023,998443.0,49.1,50.9,12.83,10.72,23.64,30.64,18.49,,,,,,,34900.0,104.3,medium,34.5,24.3,41.3
ES300,ES,Madrid,2023,7113886.0,47.9,52.1,13.27,11.29,26.66,29.91,15.9,,,,,,,42600.0,127.3,high,25.8,23.3,50.9
ES411,ES,Ávila,2023,160738.0,50.25,49.75,11.28,9.44,20.73,31.37,21.72,,,,,,,23300.0,69.6,low,34.4,23.6,42.0
ES412,ES,Burgos,2023,362663.0,50.04,49.96,11.67,9.89,21.65,31.18,20.92,,,,,,,31500.0,94.1,medium,34.4,23.6,42.0
ES413,ES,León,2023,448030.0,48.68,51.32,9.76,8.53,20.43,31.88,23.37,,,,,,,27200.0,81.3,medium,34.4,23.6,42.0
ES414,ES,Palencia,2023,158702.0,49.65,50.35,10.69,8.78,21.02,31.31,23.16,,,,,,,32000.0,95.6,medium,34.4,23.6,42.0
ES415,ES,Salamanca,2023,328446.0,48.45,51.55,10.37,9.52,20.97,30.77,22.41,,,,,,,29300.0,87.6,medium,34.4,23.6,42.0
ES416,ES,Segovia,2023,158251.0,50.18,49.82,12.02,10.19,22.54,31.46,19.08,,,,,,,28300.0,84.6,medium,34.4,23.6,42.0
ES417,ES,Soria,2023,90183.0,50.83,49.17,11.61,9.82,21.89,30.64,20.24,,,,,,,31500.0,94.1,medium,34.4,23.6,42.0
ES418,ES,Valladolid,2023,528644.0,48.69,51.31,11.78,9.92,21.29,31.86,21.06,,,,,,,31400.0,93.8,medium,34.4,23.6,42.0
ES419,ES,Zamora,2023,165564.0,49.51,50.49,8.83,8.01,19.37,31.11,25.48,,,,,,,26200.0,78.3,medium,34.4,23.6,42.0
ES421,ES,Albacete,2023,390751.0,50.19,49.81,12.88,10.94,24.18,31.15,17.4,,,,,,,26500.0,79.2,medium,45.1,21.3,33.6
ES422,ES,Ciudad Real,2023,494848.0,49.62,50.38,12.82,10.73,24.07,30.56,18.2,,,,,,,25300.0,75.6,medium,45.1,21.3,33.6
ES423,ES,Cuenca,2023,199859.0,50.52,49.48,11.8,10.24,23.8,30.57,18.94,,,,,,,29500.0,88.2,medium,45.1,21.3,33.6
ES424,ES,Guadalajara,2023,285839.0,50.83,49.17,14.31,11.69,25.62,31.41,14.09,,,,,,,24800.0,74.1,low,45.1,21.3,33.6
ES425,ES,Toledo,2023,755081.0,50.27,49.73,14.77,11.52,24.8,30.14,15.64,,,,,,,23200.0,69.3,low,45.1,21.3,33.6
ES431,ES,Badajoz,2023,665155.0,49.34,50.66,12.88,10.71,23.92,30.97,18.12,,,,,,,22400.0,66.9,low,45.9,19.0,35.1
ES432,ES,Cáceres,2023,388190.0,49.53,50.47,11.2,9.76,22.15,31.53,20.61,,,,,,,26400.0,78.9,medium,45.9,19.0,35.1
ES511,ES,Barcelona,2023,5959941.0,48.94,51.06,13.05,11.4,26.37,29.48,16.64,,,,,,,35900.0,107.3,medium,31.8,22.3,45.9
ES512,ES,Girona,2023,830429.0,50.14,49.86,14.2,11.7,25.26,29.65,16.47,,,,,,,35800.0,107.0,medium,31.8,22.3,45.9
ES513,ES,Lleida,2023,458226.0,51.38,48.62,13.63,11.37,24.59,30.3,16.77,,,,,,,33600.0,100.4,medium,31.8,22.3,45.9
ES514,ES,Tarragona,2023,875530.0,50.07,49.93,13.9,11.47,24.35,30.14,17.28,,,,,,,34500.0,103.1,medium,31.8,22.3,45.9
ES521,ES,Alicante/Alacant,2023,2033566.0,49.45,50.55,13.26,10.93,24.41,30.44,18.28,,,,,,,23500.0,70.2,low,39.3,22.5,38.2
ES522,ES,Castellón/Castelló,2023,627620.0,49.73,50.27,13.43,11.07,24.12,31.05,17.38,,,,,,,29000.0,86.7,medium,39.3,22.5,38.2
ES523,ES,Valencia/València,2023,2763996.0,48.94,51.06,13.03,11.28,25.04,30.66,17.17,,,,,,,28100.0,84.0,medium,39.3,22.5,38.2
ES531,ES,Eivissa y Formentera,2023,175955.0,50.97,49.03,12.76,9.75,33.62,30.19,12.09,,,,,,,32800.0,98.0,medium,38.9,26.5,34.6
ES532,ES,Mallorca,2023,971068.0,49.61,50.39,13.53,11.25,28.06,29.91,14.94,,,,,,,35100.0,104.9,medium,38.9,26.5,34.6
ES533,ES,Menorca,2023,102821.0,49.83,50.17,12.18,11.32,26.89,31.23,15.97,,,,,,,25500.0,76.2,medium,38.9,26.5,34.6
ES611,ES,Almería,2023,770554.0,51.05,48.95,15.59,11.59,27.34,29.16,14.37,,,,,,,24100.0,72.0,low,42.0,21.7,36.2
ES612,ES,Cádiz,2023,1261420.0,49.2,50.8,13.4,11.71,24.18,31.47,16.97,,,,,,,21300.0,63.6,low,42.0,21.7,36.2
ES613,ES,Córdoba,2023,773163.0,48.88,51.12,13.0,11.05,23.74,30.62,18.19,,,,,,,22200.0,66.3,low,42.0,21.7,36.2
ES614,ES,Granada,2023,945797.0,49.16,50.84,13.39,11.36,25.07,30.24,17.12,,,,,,,22200.0,66.3,low,42.0,21.7,36.2
ES615,ES,Huelva,2023,538789.0,49.63,50.37,13.54,11.36,25.52,31.11,16.07,,,,,,,24600.0,73.5,low,42.0,21.7,36.2
ES616,ES,Jaén,2023,618143.0,49.5,50.5,12.6,11.08,24.02,30.8,18.05,,,,,,,21100.0,63.0,low,42.0,21.7,36.2
ES617,ES,Málaga,2023,1791183.0,48.83,51.17,13.68,11.17,25.55,30.64,16.67,,,,,,,23400.0,69.9,low,42.0,21.7,36.2
ES618,ES,Sevilla,2023,1977664.0,48.76,51.24,14.08,11.96,24.71,30.87,16.03,,,,,,,24900.0,74.4,low,42.0,21.7,36.2
ES620,ES,Murcia,2023,1586989.0,50.09,49.91,15.34,12.32,25.69,29.63,14.67,,,,,,,25500.0,76.2,medium,45.8,21.3,33.0
ES630,ES,Ceuta,2023,83567.0,50.43,49.57,16.95,14.5,26.89,27.97,12.19,,,,,,,22400.0,66.9,low,44.6,19.5,35.9
ES640,ES,Melilla,2023,87067.0,50.27,49.73,19.57,14.5,27.31,25.94,11.36,,,,,,,20500.0,61.3,low,47.6,20.7,31.8
ES703,ES,El Hierro,2023,11993.0,50.51,49.49,10.51,9.74,25.56,31.24,18.96,,,,,,,19800.0,59.2,low,37.7,26.9,35.4
ES704,ES,Fuerteventura,2023,129080.0,51.14,48.86,13.11,11.63,29.75,32.48,12.03,,,,,,,24400.0,72.9,low,37.7,26.9,35.4
ES705,ES,Gran Canaria,2023,875589.0,49.31,50.69,10.7,11.09,25.97,33.62,16.34,,,,,,,24000.0,71.7,low,37.7,26.9,35.4
ES706,ES,La Gomera,2023,22560.0,50.8,49.2,8.84,9.98,23.01,34.02,20.44,,,,,,,19800.0,59.2,low,37.7,26.9,35.4
ES707,ES,La Palma,2023,86297.0,49.44,50.56,10.18,10.18,24.75,32.98,18.45,,,,,,,21900.0,65.4,low,37.7,26.9,35.4
ES708,ES,Lanzarote,2023,166878.0,50.3,49.7,12.84,11.82,28.82,32.25,12.97,,,,,,,26500.0,79.2,medium,37.7,26.9,35.4
ES709,ES,Tenerife,2023,966469.0,48.93,51.07,11.23,10.79,26.64,32.71,16.29,,,,,,,24500.0,73.2,low,37.7,26.9,35.4
FI193,FI,Keski-Suomi,2023,274556.0,49.83,50.17,14.83,12.02,24.52,24.07,21.55,,,,,,,,,,10.3,48.3,41.4
FI194,FI,Etelä-Pohjanmaa,2023,186368.0,49.95,50.05,15.85,10.64,22.1,24.64,23.17,,,,,,,,,,10.3,48.3,41.4
FI195,FI,Pohjanmaa,2023,180729.0,50.73,49.27,16.57,12.0,24.33,23.25,20.46,,,,,,,,,,10.3,48.3,41.4
FI196,FI,Satakunta,2024,211261.0,49.66,50.34,13.39,10.02,22.37,25.32,24.93,7.75,58.35,34.57,24.93,65.25,9.17,46200.0,160.8,high,10.3,48.3,41.4
FI197,FI,Pirkanmaa,2023,530552.0,49.29,50.71,14.87,11.85,27.23,23.75,19.46,,,,,,,,,,10.3,48.3,41.4
FI1B1,FI,Helsinki-Uusimaa,2024,1782300.0,49.11,50.89,15.43,11.14,30.27,24.77,16.22,0.99,30.6,41.75,60.82,53.35,12.48,61300.0,213.4,very_high,11.8,39.1,49.1
FI1C1,FI,Varsinais-Suomi,2024,494819.0,49.14,50.86,13.82,11.47,26.01,24.45,21.0,6.68,47.34,38.24,35.65,62.5,9.59,46300.0,161.2,high,12.2,49.4,38.5
FI1C2,FI,Kanta-Häme,2024,169455.0,49.5,50.5,13.62,10.27,22.19,26.38,23.99,7.33,45.74,38.17,30.85,67.9,10.03,41300.0,143.8,high,12.2,49.4,38.5
FI1C3,FI,Päijät-Häme,2023,198024.0,48.88,51.12,13.73,9.97,22.42,25.95,24.6,,,,,,,,,,12.2,49.4,38.5
FI1C4,FI,Kymenlaakso,2023,165992.0,49.57,50.43,12.63,9.19,21.08,27.27,26.07,,,,,,,,,,12.2,49.4,38.5
FI1C5,FI,Etelä-Karjala,2024,125083.0,50.12,49.88,12.12,10.93,21.84,25.7,25.37,7.2,49.76,37.27,28.4,67.41,10.0,40200.0,140.0,high,12.2,49.4,38.5
FI1D1,FI,Etelä-Savo,2023,138052.0,49.53,50.47,11.88,8.94,19.13,26.85,28.95,,,,,,,,,,9.7,52.4,37.9
FI1D2,FI,Pohjois-Savo,2023,243149.0,49.44,50.56,13.99,10.77,23.48,25.08,23.4,,,,,,,,,,9.7,52.4,37.9
FI1D3,FI,Pohjois-Karjala,2023,159479.0,49.79,50.21,13.29,11.15,22.84,24.57,24.79,,,,,,,,,,9.7,52.4,37.9
FI1D5,FI,Keski-Pohjanmaa,2024,67723.0,50.04,49.96,17.45,11.48,22.9,23.19,21.79,12.46,49.89,39.52,20.9,66.87,10.4,43900.0,152.8,high,9.7,52.4,37.9
FI1D7,FI,Lappi,2024,176151.0,50.07,49.93,13.85,10.25,23.6,24.55,24.26,7.39,39.78,41.22,27.49,72.64,11.5,46800.0,162.9,high,9.7,52.4,37.9
FI1D8,FI,Kainuu,2024,69639.0,50.75,49.25,12.72,9.71,21.14,25.17,27.38,12.09,36.49,29.45,26.46,85.27,10.18,39200.0,136.5,high,9.7,52.4,37.9
FI1D9,FI,Pohjois-Pohjanmaa,2024,418331.0,50.54,49.46,17.06,13.21,25.16,23.04,18.84,8.96,45.71,34.47,34.85,66.23,9.79,43700.0,152.1,high,9.7,52.4,37.9
FI200,FI,Åland,2022,30654.0,49.53,50.47,15.83,9.37,24.0,26.28,21.45,8.7,32.14,68.57,26.69,54.38,9.63,53400.0,185.9,very_high,16.5,47.4,36.1
FR101,FR,Paris,2024,2065560.0,46.99,53.01,11.73,13.9,31.86,23.72,15.64,0.04,9.12,42.39,84.97,42.94,20.54,133700.0,465.5,very_high,15.9,27.6,56.5
FR102,FR,Seine-et-Marne,2024,1490900.0,48.78,51.22,19.56,12.91,26.36,24.98,13.95,1.71,34.12,57.58,38.07,51.98,16.54,37000.0,128.8,high,15.9,27.6,56.5
FR103,FR,Yvelines,2024,1504565.0,48.72,51.28,18.97,12.4,25.41,25.62,14.66,0.7,38.21,42.84,50.72,53.87,13.65,46900.0,163.3,high,15.9,27.6,56.5
FR104,FR,Essonne,2024,1356114.0,49.17,50.83,19.49,13.28,26.39,24.62,13.55,0.51,31.47,46.93,57.52,54.59,8.98,47300.0,164.7,high,15.9,27.6,56.5
FR105,FR,Hauts-de-Seine,2024,1668275.0,47.85,52.15,16.62,12.73,29.21,24.94,13.57,0.03,22.45,33.46,101.83,30.95,11.27,119700.0,416.7,very_high,15.9,27.6,56.5
FR106,FR,Seine-Saint-Denis,2024,1731789.0,49.85,50.15,19.8,14.2,28.95,23.49,11.71,0.03,29.15,57.49,49.86,53.66,9.82,48200.0,167.8,high,15.9,27.6,56.5
FR107,FR,Val-de-Marne,2024,1434875.0,48.27,51.73,17.31,13.55,28.26,24.31,13.79,0.1,25.98,52.59,51.6,58.69,11.05,48900.0,170.2,high,15.9,27.6,56.5
FR108,FR,Val-d’Oise,2024,1297210.0,48.71,51.29,20.21,13.38,26.83,24.2,13.22,0.52,30.73,57.55,43.73,57.64,9.82,37700.0,131.3,high,15.9,27.6,56.5
FRB01,FR,Cher,2024,296293.0,49.0,51.0,15.01,10.24,21.13,26.06,23.08,10.22,42.82,39.47,30.13,67.49,9.87,32600.0,113.5,medium,13.5,47.8,38.7
FRB02,FR,Eure-et-Loir,2024,433124.0,48.93,51.07,17.97,10.7,22.75,26.21,18.9,5.86,45.02,44.11,35.91,58.95,10.15,31600.0,110.0,medium,13.5,47.8,38.7
FRB03,FR,Indre,2024,213862.0,48.19,51.81,13.89,9.37,19.35,27.06,25.16,11.51,45.08,40.05,27.34,64.51,11.51,29200.0,101.7,medium,13.5,47.8,38.7
FRB04,FR,Indre-et-Loire,2024,622694.0,48.08,51.92,15.82,12.52,23.42,24.68,19.49,5.88,35.27,42.69,42.62,61.94,11.61,38800.0,135.1,high,13.5,47.8,38.7
FRB05,FR,Loir-et-Cher,2024,327403.0,48.66,51.34,15.66,9.91,21.08,26.46,22.29,8.9,42.79,39.88,38.5,56.9,13.04,33600.0,117.0,medium,13.5,47.8,38.7
FRB06,FR,Loiret,2024,694930.0,48.91,51.09,17.66,12.07,23.47,24.94,18.4,3.93,40.03,43.49,45.39,57.67,9.5,38900.0,135.4,high,13.5,47.8,38.7
FRC11,FR,Côte-d’Or,2024,541658.0,48.58,51.42,15.02,13.33,24.1,24.68,19.19,8.11,33.72,45.52,39.42,63.11,10.12,43000.0,149.7,high,19.3,44.7,36.0
FRC12,FR,Nièvre,2024,200188.0,48.38,51.62,13.59,9.39,19.22,26.44,26.08,11.34,34.55,42.91,26.45,72.6,12.15,29600.0,103.1,medium,19.3,44.7,36.0
FRC13,FR,Saône-et-Loire,2024,548844.0,48.96,51.04,15.24,9.67,20.75,26.42,23.34,9.44,43.63,44.55,32.54,60.49,9.35,33700.0,117.3,medium,19.3,44.7,36.0
FRC14,FR,Yonne,2024,330630.0,48.98,51.02,15.86,9.75,21.1,26.69,22.36,10.92,40.0,44.98,30.2,63.29,10.6,31800.0,110.7,medium,19.3,44.7,36.0
FRC21,FR,Doubs,2024,546727.0,49.02,50.98,16.92,12.87,24.24,24.57,17.95,5.41,44.63,38.05,34.9,66.01,11.0,33700.0,117.3,medium,16.2,47.0,36.8
FRC22,FR,Jura,2024,256902.0,49.16,50.84,15.78,9.82,21.95,26.73,21.58,9.23,51.15,41.52,29.29,59.38,9.43,32800.0,114.2,medium,16.2,47.0,36.8
FRC23,FR,Haute-Saône,2024,231818.0,49.43,50.57,15.78,9.93,21.33,27.31,22.04,9.63,50.44,36.25,27.38,66.92,9.38,26100.0,90.9,medium,16.2,47.0,36.8
FRC24,FR,Territoire de Belfort,2024,140111.0,49.68,50.32,16.67,12.36,23.8,25.41,18.38,1.11,36.67,36.67,40.0,77.41,8.15,32900.0,114.5,medium,16.2,47.0,36.8
FRD11,FR,Calvados,2024,715481.0,48.16,51.84,15.57,12.56,22.83,24.94,20.39,6.16,34.56,46.17,38.03,61.37,13.72,36700.0,127.8,high,16.1,44.3,39.6
FRD12,FR,Manche,2024,497928.0,48.93,51.07,15.17,9.68,21.37,26.35,22.75,12.56,51.87,36.63,29.72,58.1,11.12,34600.0,120.5,medium,16.1,44.3,39.6
FRD13,FR,Orne,2024,272627.0,49.02,50.98,15.13,10.16,20.02,26.28,23.45,15.3,46.82,35.58,24.88,67.1,10.32,29400.0,102.4,medium,16.1,44.3,39.6
FRD21,FR,Eure,2024,603417.0,48.9,51.1,18.04,10.86,23.11,26.32,18.63,5.6,49.52,41.12,34.07,58.88,10.81,30300.0,105.5,medium,15.6,47.5,36.9
FRD22,FR,Seine-Maritime,2024,1261529.0,48.07,51.93,16.96,12.44,24.06,24.35,18.66,3.59,39.38,44.93,38.86,62.88,10.36,38400.0,133.7,high,15.6,47.5,36.9
FRE11,FR,Nord,2024,2613781.0,48.42,51.58,17.6,13.75,25.4,24.15,16.28,2.4,32.19,43.27,48.06,64.7,9.38,35800.0,124.6,medium,17.4,44.6,38.0
FRE12,FR,Pas-de-Calais,2024,1451976.0,48.56,51.44,17.64,11.95,23.65,25.44,18.31,4.89,37.92,46.38,32.5,68.64,9.67,29300.0,102.0,medium,17.4,44.6,38.0
FRE21,FR,Aisne,2024,518583.0,49.01,50.99,17.58,11.19,22.91,25.63,19.4,9.01,38.31,41.73,28.96,72.06,9.92,28800.0,100.3,medium,20.7,45.4,33.9
FRE22,FR,Oise,2024,827928.0,49.17,50.83,18.91,11.82,24.37,25.92,16.39,4.0,40.3,47.83,37.61,59.08,11.18,31600.0,110.0,medium,20.7,45.4,33.9
FRE23,FR,Somme,2024,562179.0,48.67,51.33,16.13,12.82,23.52,25.15,19.17,8.23,37.32,41.09,34.08,68.94,10.34,34600.0,120.5,medium,20.7,45.4,33.9
FRF11,FR,Bas-Rhin,2024,1170953.0,48.76,51.24,15.57,12.58,25.57,25.71,17.53,2.79,39.61,46.77,44.08,56.01,10.73,41300.0,143.8,high,12.8,42.5,44.7
FRF12,FR,Haut-Rhin,2024,770773.0,49.32,50.68,16.01,10.83,23.81,27.03,18.99,3.82,44.28,47.1,34.15,59.24,11.41,34700.0,120.8,medium,12.8,42.5,44.7
FRF21,FR,Ardennes,2024,262992.0,49.04,50.96,16.45,10.66,22.09,26.5,20.71,9.52,47.62,36.8,25.11,71.43,9.52,31900.0,111.1,medium,20.7,43.8,35.4
FRF22,FR,Aube,2024,308734.0,48.98,51.02,16.8,11.89,22.88,24.95,19.74,12.26,39.15,43.23,33.36,62.81,9.19,34100.0,118.7,medium,20.7,43.8,35.4
FRF23,FR,Marne,2024,558750.0,48.3,51.7,16.1,13.04,24.2,24.66,18.66,14.2,34.04,42.67,35.61,64.08,9.41,44600.0,155.3,high,20.7,43.8,35.4
FRF24,FR,Haute-Marne,2024,165884.0,49.33,50.67,14.93,10.24,21.22,26.15,23.1,10.22,43.5,38.83,24.82,72.7,9.93,31500.0,109.7,medium,20.7,43.8,35.4
FRF31,FR,Meurthe-et-Moselle,2024,730103.0,48.71,51.29,15.73,13.51,24.84,24.6,18.0,3.1,30.88,43.36,36.36,75.25,11.04,33800.0,117.7,medium,18.1,48.0,33.9
FRF32,FR,Meuse,2024,178205.0,49.82,50.18,15.5,10.44,21.76,26.48,21.88,13.27,41.07,34.76,24.33,77.41,9.16,26700.0,93.0,medium,18.1,48.0,33.9
FRF33,FR,Moselle,2024,1050255.0,49.07,50.93,15.85,10.92,24.91,26.29,18.8,2.79,37.85,46.26,36.45,66.95,9.7,30400.0,105.8,medium,18.1,48.0,33.9
FRF34,FR,Vosges,2024,353506.0,48.94,51.06,14.7,10.19,21.2,26.98,22.83,7.0,48.54,41.83,28.12,65.67,8.85,31200.0,108.6,medium,18.1,48.0,33.9
FRG01,FR,Loire-Atlantique,2024,1510599.0,48.88,51.12,17.19,12.41,25.96,24.5,16.78,3.49,35.91,42.05,56.89,51.08,10.59,42500.0,148.0,high,13.3,46.2,40.5
FRG02,FR,Maine-et-Loire,2024,840296.0,48.75,51.25,17.03,13.46,23.11,24.44,18.03,10.1,43.27,38.5,37.67,59.14,11.31,34300.0,119.4,medium,13.3,46.2,40.5
FRG03,FR,Mayenne,2024,304181.0,49.55,50.45,17.0,11.42,21.88,25.68,19.76,13.87,50.64,36.93,37.23,52.75,8.59,37800.0,131.6,high,13.3,46.2,40.5
FRG04,FR,Sarthe,2024,565403.0,48.84,51.16,16.75,11.72,21.9,25.58,19.96,7.01,43.94,40.83,37.46,59.95,10.81,31500.0,109.7,medium,13.3,46.2,40.5
FRG05,FR,Vendée,2024,724880.0,49.13,50.87,15.39,10.22,20.92,26.2,23.22,7.59,54.68,43.87,33.84,48.75,11.28,35600.0,123.9,medium,13.3,46.2,40.5
FRH01,FR,Côtes-d’Armor,2024,615540.0,48.5,51.5,15.19,9.87,20.05,26.64,23.91,12.75,40.39,40.64,34.06,60.55,11.6,31700.0,110.4,medium,11.9,48.0,40.1
FRH02,FR,Finistère,2024,941086.0,48.74,51.26,14.81,11.03,22.03,26.43,21.63,8.34,36.82,41.01,35.44,67.96,10.43,34700.0,120.8,medium,11.9,48.0,40.1
FRH03,FR,Ille-et-Vilaine,2024,1138869.0,48.96,51.04,17.08,13.73,25.44,24.41,16.1,5.64,33.64,41.82,50.84,57.49,10.58,42000.0,146.2,high,11.9,48.0,40.1
FRH04,FR,Morbihan,2024,793757.0,48.62,51.38,14.85,10.05,20.78,26.62,23.52,7.04,42.98,42.66,35.0,61.64,10.68,34700.0,120.8,medium,11.9,48.0,40.1
FRI11,FR,Dordogne,2024,420008.0,48.33,51.67,13.27,8.59,19.08,27.7,26.46,9.97,39.02,44.32,27.9,65.53,13.26,28600.0,99.6,medium,13.3,44.7,42.0
FRI12,FR,Gironde,2024,1720562.0,48.11,51.89,15.65,12.52,25.85,25.1,17.56,6.78,30.08,44.32,50.25,56.62,11.95,42700.0,148.7,high,13.3,44.7,42.0
FRI13,FR,Landes,2024,442133.0,48.58,51.42,14.76,9.01,21.4,27.67,23.15,7.88,38.71,46.24,30.35,64.59,12.24,30900.0,107.6,medium,13.3,44.7,42.0
FRI14,FR,Lot-et-Garonne,2024,334995.0,48.51,51.49,15.22,9.57,20.82,26.19,23.39,11.74,35.81,46.81,31.95,62.7,11.0,32300.0,112.5,medium,13.3,44.7,42.0
FRI15,FR,Pyrénées-Atlantiques,2024,717461.0,48.14,51.86,14.42,10.21,22.63,26.68,21.56,6.27,36.16,43.34,39.91,62.23,12.1,37600.0,130.9,high,13.3,44.7,42.0
FRI21,FR,Corrèze,2024,241274.0,49.07,50.93,13.72,9.46,20.8,26.61,24.3,9.1,39.23,42.06,29.32,69.77,10.52,33100.0,115.2,medium,14.6,44.5,40.9
FRI22,FR,Creuse,2024,115156.0,49.19,50.81,13.02,8.58,18.45,27.62,26.98,21.28,30.26,34.99,21.75,80.85,10.87,25900.0,90.2,medium,14.6,44.5,40.9
FRI23,FR,Haute-Vienne,2024,372794.0,48.08,51.92,14.29,11.86,21.53,25.55,22.23,6.23,35.12,42.28,32.47,72.76,11.13,33300.0,115.9,medium,14.6,44.5,40.9
FRI31,FR,Charente,2024,352677.0,48.8,51.2,14.35,10.02,21.24,26.65,23.08,13.72,43.98,41.56,28.65,59.72,12.37,36900.0,128.5,high,15.9,45.6,38.5
FRI32,FR,Charente-Maritime,2024,681647.0,48.1,51.9,13.6,9.59,20.08,26.26,25.89,12.66,33.75,43.82,34.79,61.51,13.47,32500.0,113.1,medium,15.9,45.6,38.5
FRI33,FR,Deux-Sèvres,2024,374840.0,49.31,50.69,15.72,10.39,21.57,26.82,21.2,10.32,40.8,37.69,46.39,54.6,10.2,34800.0,121.2,medium,15.9,45.6,38.5
FRI34,FR,Vienne,2024,437292.0,48.43,51.57,15.36,13.43,22.34,24.84,19.86,6.49,35.51,38.92,35.62,70.81,12.64,37300.0,129.9,high,15.9,45.6,38.5
FRJ11,FR,Aude,2024,381336.0,48.16,51.84,14.6,9.69,20.23,26.94,24.28,11.21,27.51,49.05,28.38,71.18,12.66,27300.0,95.0,medium,17.1,41.3,41.6
FRJ12,FR,Gard,2024,781438.0,48.46,51.54,16.04,10.71,21.7,26.32,21.52,6.98,34.12,44.52,33.76,68.02,12.61,31100.0,108.3,medium,17.1,41.3,41.6
FRJ13,FR,Hérault,2024,1253088.0,47.65,52.35,15.25,12.72,24.05,24.59,19.74,4.29,25.16,45.61,47.52,65.13,12.29,37100.0,129.2,high,17.1,41.3,41.6
FRJ14,FR,Lozère,2024,76409.0,50.08,49.92,13.75,10.43,20.09,27.52,23.62,20.75,32.7,33.96,18.24,83.65,10.69,30900.0,107.6,medium,17.1,41.3,41.6
FRJ15,FR,Pyrénées-Orientales,2024,505299.0,47.53,52.47,15.06,10.06,20.47,26.26,23.75,5.68,27.2,51.12,34.41,68.16,13.44,30500.0,106.2,medium,17.1,41.3,41.6
FRJ21,FR,Ariège,2024,156586.0,48.93,51.07,14.08,9.46,20.95,26.97,23.94,9.26,40.48,38.08,24.01,74.79,13.38,27500.0,95.7,medium,11.9,40.3,47.8
FRJ22,FR,Aveyron,2024,278691.0,49.45,50.55,14.28,9.09,20.65,27.13,23.82,17.72,40.83,40.66,28.5,62.73,9.56,31000.0,107.9,medium,11.9,40.3,47.8
FRJ23,FR,Haute-Garonne,2024,1503240.0,48.91,51.09,16.11,14.16,27.86,24.17,14.78,1.45,33.91,39.12,59.36,55.61,10.55,49200.0,171.3,high,11.9,40.3,47.8
FRJ24,FR,Gers,2024,192442.0,48.87,51.13,14.14,8.81,19.28,28.05,24.57,19.57,32.61,38.86,30.71,66.03,12.23,26300.0,91.6,medium,11.9,40.3,47.8
FRJ25,FR,Lot,2024,177068.0,48.74,51.26,12.95,8.15,18.94,27.32,27.31,11.94,43.38,37.26,29.69,65.5,12.23,34200.0,119.1,medium,11.9,40.3,47.8
FRJ26,FR,Hautes-Pyrénées,2024,232066.0,48.65,51.35,13.75,9.99,20.71,26.75,23.84,7.0,35.63,41.99,28.0,74.87,12.51,31000.0,107.9,medium,11.9,40.3,47.8
FRJ27,FR,Tarn,2024,400746.0,48.34,51.66,15.06,10.21,20.77,26.67,22.44,8.97,37.93,39.86,31.72,68.69,12.83,28500.0,99.2,medium,11.9,40.3,47.8
FRJ28,FR,Tarn-et-Garonne,2024,267166.0,48.95,51.05,17.02,10.52,21.84,26.71,20.2,10.16,33.67,46.02,31.27,67.53,11.35,28300.0,98.5,medium,11.9,40.3,47.8
FRK11,FR,Allier,2024,331209.0,48.38,51.62,14.31,9.49,20.26,26.45,24.28,8.27,42.31,40.75,29.82,67.29,11.55,31000.0,107.9,medium,15.4,48.7,35.9
FRK12,FR,Cantal,2024,143843.0,49.21,50.79,13.04,9.09,19.24,27.81,25.71,20.44,35.43,41.23,22.83,70.87,9.2,29300.0,102.0,medium,15.4,48.7,35.9
FRK13,FR,Haute-Loire,2024,229071.0,49.52,50.48,15.5,9.72,21.03,27.17,22.57,11.71,50.52,35.36,26.64,66.59,9.18,29400.0,102.4,medium,15.4,48.7,35.9
FRK14,FR,Puy-de-Dôme,2024,664318.0,48.65,51.35,15.13,12.37,23.42,25.3,19.98,5.63,40.49,41.66,38.85,63.21,10.16,39000.0,135.8,high,15.4,48.7,35.9
FRK21,FR,Ain,2024,692166.0,49.44,50.56,18.87,10.65,25.15,25.87,16.72,4.89,51.5,44.84,33.21,54.78,10.79,31600.0,110.0,medium,13.4,39.6,47.0
FRK22,FR,Ardèche,2024,336759.0,48.94,51.06,15.49,9.2,20.87,27.32,23.02,7.6,49.22,36.27,26.77,67.7,12.44,28700.0,99.9,medium,13.4,39.6,47.0
FRK23,FR,Drôme,2024,527156.0,48.64,51.36,16.75,10.33,22.77,25.93,20.47,6.68,47.73,44.97,36.8,53.4,10.43,40600.0,141.3,high,13.4,39.6,47.0
FRK24,FR,Isère,2024,1310648.0,49.29,50.71,17.42,12.4,24.63,25.35,17.17,2.33,43.24,42.28,46.6,56.11,9.44,41200.0,143.4,high,13.4,39.6,47.0
FRK25,FR,Loire,2024,776329.0,48.67,51.33,17.0,12.12,22.51,24.65,19.6,4.03,45.82,40.54,35.92,64.11,9.57,33300.0,115.9,medium,13.4,39.6,47.0
FRK26,FR,Rhône,2024,1929521.0,48.32,51.68,16.97,14.41,27.19,23.22,14.98,1.34,31.07,43.49,63.96,50.03,10.12,57600.0,200.5,very_high,13.4,39.6,47.0
FRK27,FR,Savoie,2024,452844.0,49.32,50.68,15.8,11.12,24.11,26.2,19.27,2.92,34.09,63.91,36.17,51.88,11.03,47300.0,164.7,high,13.4,39.6,47.0
FRK28,FR,Haute-Savoie,2024,876224.0,49.17,50.83,17.9,10.34,27.71,25.79,15.62,2.72,40.59,55.61,36.79,53.17,11.11,39000.0,135.8,high,13.4,39.6,47.0
FRL01,FR,Alpes-de-Haute-Provence,2024,169563.0,48.6,51.4,15.03,8.87,20.7,27.15,23.99,10.13,31.55,41.97,40.52,64.25,11.58,32100.0,111.8,medium,18.5,39.2,42.3
FRL02,FR,Hautes-Alpes,2024,145091.0,48.93,51.07,14.68,8.84,21.9,26.86,23.15,7.31,25.57,56.32,26.18,72.15,12.48,35700.0,124.3,medium,18.5,39.2,42.3
FRL03,FR,Alpes-Maritimes,2024,1145510.0,47.44,52.56,14.68,10.58,22.92,26.15,20.88,0.81,25.79,51.93,49.2,57.13,15.13,46200.0,160.8,high,18.5,39.2,42.3
FRL04,FR,Bouches-du-Rhône,2024,2108963.0,47.95,52.05,16.14,11.9,24.71,25.02,18.49,2.13,28.34,46.48,51.46,60.1,11.49,46200.0,160.8,high,18.5,39.2,42.3
FRL05,FR,Var,2024,1139050.0,48.14,51.86,14.63,9.52,21.81,25.9,23.61,3.69,29.22,47.38,34.82,71.23,13.65,33900.0,118.0,medium,18.5,39.2,42.3
FRL06,FR,Vaucluse,2024,576948.0,48.17,51.83,16.22,10.49,22.23,26.24,20.95,8.45,32.35,51.83,36.94,57.63,12.8,37300.0,129.9,high,18.5,39.2,42.3
FRM01,FR,Corse-du-Sud,2024,172854.0,48.24,51.76,15.6,8.28,24.0,26.48,21.87,4.48,33.89,51.54,29.41,70.59,10.08,41800.0,145.5,high,24.9,44.8,30.3
FRM02,FR,Haute-Corse,2024,189399.0,48.63,51.37,13.54,10.66,22.93,26.96,22.14,12.99,33.02,50.07,26.52,65.49,11.91,33600.0,117.0,medium,24.9,44.8,30.3
FRY10,FR,Guadeloupe,2024,413791.0,45.82,54.18,16.01,10.89,19.69,29.64,20.75,7.69,26.66,44.03,34.62,73.08,13.93,29100.0,101.3,medium,32.0,39.0,29.0
FRY20,FR,Martinique,2024,359419.0,45.71,54.29,14.85,9.75,19.62,30.02,22.19,9.77,22.44,42.38,34.85,75.12,15.45,29900.0,104.1,medium,25.7,45.2,29.1
FRY30,FR,Guyane,2024,297455.0,48.31,51.69,30.37,16.47,26.31,19.15,7.05,5.0,25.0,31.25,31.25,96.0,11.5,17700.0,61.6,low,48.0,30.8,21.3
FRY40,FR,La Réunion,2024,904180.0,47.59,52.41,20.65,12.68,23.85,27.09,13.99,6.67,25.85,43.1,32.92,76.08,15.38,27500.0,95.7,medium,36.4,39.4,24.2
FRY50,FR,Mayotte,2024,329208.0,47.66,52.34,43.76,16.44,25.72,11.41,2.45,4.97,28.77,46.18,14.21,90.23,15.63,13100.0,45.6,very_low,,,
HR021,HR,Bjelovarsko-bilogorska županija,2024,98266.0,49.12,50.88,14.13,10.36,22.81,27.8,22.43,26.63,62.07,39.04,19.91,45.95,6.4,15000.0,52.2,low,16.6,65.5,17.9
HR022,HR,Virovitičko-podravska županija,2024,67221.0,48.78,51.22,13.71,10.68,23.11,28.78,21.64,35.84,60.2,37.76,14.44,45.06,6.74,12100.0,42.1,very_low,16.6,65.5,17.9
HR023,HR,Požeško-slavonska županija,2024,60594.0,48.82,51.18,13.98,11.19,22.3,27.96,22.18,19.76,63.48,40.76,14.16,54.43,7.29,12000.0,41.8,very_low,16.6,65.5,17.9
HR024,HR,Brodsko-posavska županija,2024,125978.0,49.69,50.31,13.7,11.3,22.96,27.85,21.74,12.15,78.06,40.56,19.24,42.88,7.15,14100.0,49.1,very_low,16.6,65.5,17.9
HR025,HR,Osječko-baranjska županija,2024,249734.0,48.47,51.53,13.49,10.37,24.23,28.33,21.45,22.81,52.7,42.24,24.57,47.78,9.89,16600.0,57.8,low,16.6,65.5,17.9
HR026,HR,Vukovarsko-srijemska županija,2024,136797.0,48.83,51.17,13.65,11.3,22.37,28.1,22.22,27.74,53.74,41.27,17.31,52.09,7.84,13500.0,47.0,very_low,16.6,65.5,17.9
HR027,HR,Karlovačka županija,2024,109561.0,49.1,50.9,12.49,9.7,23.28,28.86,22.69,10.43,68.0,46.17,19.81,46.21,9.38,16300.0,56.7,low,16.6,65.5,17.9
HR028,HR,Sisačko-moslavačka županija,2024,134008.0,49.46,50.54,12.73,10.05,22.64,28.64,23.4,12.24,64.61,44.74,21.18,49.36,7.88,16800.0,58.5,low,16.6,65.5,17.9
HR031,HR,Primorsko-goranska županija,2024,265990.0,48.37,51.63,11.92,8.94,24.41,28.13,23.68,4.81,46.24,65.11,30.98,41.69,11.17,25200.0,87.7,medium,6.1,62.9,31.0
HR032,HR,Ličko-senjska županija,2024,43200.0,49.95,50.05,12.97,9.6,23.31,28.3,22.46,24.2,43.87,58.11,14.71,45.54,13.67,18800.0,65.5,low,6.1,62.9,31.0
HR033,HR,Zadarska županija,2024,165766.0,49.52,50.48,14.12,10.38,24.78,26.29,21.88,12.64,41.62,67.03,25.82,42.63,10.29,18100.0,63.0,low,6.1,62.9,31.0
HR034,HR,Šibensko-kninska županija,2024,95898.0,49.61,50.39,12.57,9.42,22.39,27.04,25.04,6.19,48.01,62.46,21.69,45.06,16.65,17200.0,59.9,low,6.1,62.9,31.0
HR035,HR,Splitsko-dalmatinska županija,2024,430526.0,48.83,51.17,14.25,10.87,25.5,26.63,20.24,4.24,41.72,69.06,28.4,44.22,12.34,18100.0,63.0,low,6.1,62.9,31.0
HR036,HR,Istarska županija,2024,204709.0,49.15,50.85,12.4,9.19,25.28,28.34,21.96,7.69,51.35,69.55,29.77,31.16,10.47,24900.0,86.7,medium,6.1,62.9,31.0
HR037,HR,Dubrovačko-neretvanska županija,2024,116393.0,49.33,50.67,14.73,10.07,25.28,26.32,20.68,6.14,31.8,81.76,26.36,42.13,11.84,22000.0,76.6,medium,6.1,62.9,31.0
HR050,HR,Grad Zagreb,2024,777359.0,47.67,52.33,14.58,9.77,28.66,26.25,18.35,1.34,38.02,50.77,51.59,46.25,12.04,37500.0,130.6,high,2.8,45.9,51.3
HR061,HR,Međimurska županija,2024,105003.0,49.57,50.43,15.66,11.02,24.85,26.55,19.77,9.39,97.35,33.65,18.67,34.35,6.57,18000.0,62.7,low,14.0,62.5,23.5
HR062,HR,Varaždinska županija,2024,158860.0,49.64,50.36,13.06,10.8,25.87,28.52,19.59,5.5,90.16,40.97,20.33,37.24,5.79,18800.0,65.5,low,14.0,62.5,23.5
HR063,HR,Koprivničko-križevačka županija,2024,99203.0,49.34,50.66,14.22,10.72,23.81,28.27,20.89,21.79,79.15,38.29,17.32,37.34,6.13,18200.0,63.4,low,14.0,62.5,23.5
HR064,HR,Krapinsko-zagorska županija,2024,119320.0,49.35,50.65,13.34,10.34,25.36,29.06,19.69,2.92,85.6,44.46,18.25,42.69,6.05,14200.0,49.4,very_low,14.0,62.5,23.5
HR065,HR,Zagrebačka županija,2024,309964.0,49.54,50.46,14.27,10.7,26.12,27.15,19.61,5.17,60.46,57.47,30.33,38.44,8.14,19500.0,67.9,low,14.0,62.5,23.5
HU110,HU,Budapest,2024,1685209.0,47.06,52.94,12.26,10.57,28.67,27.7,18.44,0.43,28.37,50.37,67.15,42.85,10.83,47600.0,165.7,high,3.3,37.6,59.1
HU120,HU,Pest,2024,1336134.0,48.72,51.28,16.45,10.72,25.46,29.37,16.39,4.44,65.62,64.14,33.28,23.26,9.26,18100.0,63.0,low,8.0,57.9,34.1
HU211,HU,Fejér,2024,418562.0,48.97,51.03,14.67,9.97,25.35,29.44,18.72,7.96,82.87,40.18,28.42,31.92,8.66,18900.0,65.8,low,12.1,64.3,23.6
HU212,HU,Komárom-Esztergom,2024,299262.0,48.78,51.22,14.42,10.22,26.06,29.33,18.14,6.88,98.19,39.2,20.51,28.07,7.18,20600.0,71.7,low,12.1,64.3,23.6
HU213,HU,Veszprém,2024,333345.0,48.57,51.43,13.55,10.05,23.68,29.97,20.62,10.05,70.38,47.56,23.99,38.09,9.95,16300.0,56.7,low,12.1,64.3,23.6
HU221,HU,Győr-Moson-Sopron,2024,471648.0,48.79,51.21,14.73,10.39,26.36,29.04,17.7,7.26,83.24,44.1,24.8,30.67,9.94,21800.0,75.9,medium,10.0,65.4,24.6
HU222,HU,Vas,2024,245598.0,48.56,51.44,13.41,9.54,24.48,30.5,20.1,8.79,85.77,39.59,19.71,35.12,11.05,17200.0,59.9,low,10.0,65.4,24.6
HU223,HU,Zala,2024,257371.0,48.2,51.8,12.22,9.08,22.2,31.42,22.8,11.22,64.85,52.25,21.55,40.71,9.42,14600.0,50.8,low,10.0,65.4,24.6
HU231,HU,Baranya,2024,351158.0,47.72,52.28,13.04,11.22,23.73,29.04,20.65,12.65,58.73,38.44,25.02,55.42,9.76,14400.0,50.1,low,16.8,61.1,22.1
HU232,HU,Somogy,2024,290245.0,48.16,51.84,13.32,9.66,22.66,30.2,22.08,16.57,62.07,45.76,18.24,47.25,10.1,12900.0,44.9,very_low,16.8,61.1,22.1
HU233,HU,Tolna,2024,204567.0,48.57,51.43,13.97,9.57,23.43,29.65,21.2,12.9,78.91,36.19,25.21,38.95,7.87,15400.0,53.6,low,16.8,61.1,22.1
HU311,HU,Borsod-Abaúj-Zemplén,2024,610927.0,48.45,51.55,16.36,11.01,24.86,27.69,18.25,7.11,70.23,36.68,29.77,47.88,8.33,13500.0,47.0,very_low,20.1,58.9,21.0
HU312,HU,Heves,2024,282490.0,48.14,51.86,14.42,10.64,24.21,28.6,20.01,6.43,92.89,39.53,14.29,38.57,8.28,15300.0,53.3,low,20.1,58.9,21.0
HU313,HU,Nógrád,2024,178815.0,48.69,51.31,14.47,10.39,23.44,29.33,20.33,8.25,71.85,37.89,17.21,56.84,8.0,9800.0,34.1,very_low,20.1,58.9,21.0
HU321,HU,Hajdú-Bihar,2024,520129.0,48.83,51.17,15.08,11.94,25.6,27.64,17.84,13.54,61.03,42.91,25.1,48.0,9.43,16000.0,55.7,low,17.9,60.2,21.9
HU322,HU,Jász-Nagykun-Szolnok,2024,349726.0,48.73,51.27,14.95,10.52,24.21,28.51,19.63,13.07,81.61,38.7,16.17,41.79,8.68,13700.0,47.7,very_low,17.9,60.2,21.9
HU323,HU,Szabolcs-Szatmár-Bereg,2024,520551.0,48.67,51.33,16.38,11.52,25.3,28.15,17.18,14.41,69.65,38.42,14.92,53.53,9.06,12500.0,43.5,very_low,17.9,60.2,21.9
HU331,HU,Bács-Kiskun,2024,488547.0,48.52,51.48,14.58,10.18,24.12,29.14,19.86,13.61,78.7,44.81,17.17,37.74,7.96,15800.0,55.0,low,13.1,63.5,23.5
HU332,HU,Békés,2024,307112.0,48.3,51.7,13.2,9.82,22.82,30.01,21.79,21.81,62.04,38.71,15.66,51.69,10.14,12300.0,42.8,very_low,13.1,63.5,23.5
HU333,HU,Csongrád,2024,388106.0,48.04,51.96,13.26,10.96,25.09,28.44,20.03,11.75,56.42,41.82,28.15,52.6,9.27,15600.0,54.3,low,13.1,63.5,23.5
IE041,IE,Border,2024,441940.0,49.87,50.13,20.01,12.72,23.45,26.29,15.69,18.62,43.2,47.39,23.38,58.87,8.56,32600.0,113.5,medium,12.7,33.3,54.0
IE042,IE,West,2024,516985.0,50.18,49.82,17.94,12.8,26.1,25.71,15.44,11.73,46.87,41.71,36.49,54.7,8.5,59900.0,208.5,very_high,12.7,33.3,54.0
IE051,IE,Mid-West,2024,540371.0,49.25,50.75,17.86,13.31,25.79,25.86,15.35,12.0,45.21,45.63,32.36,57.07,7.74,65100.0,226.6,very_high,11.4,35.3,53.3
IE052,IE,South-East,2024,485195.0,49.07,50.93,18.56,13.55,24.62,26.41,15.04,14.05,42.83,46.97,31.71,55.44,8.99,45300.0,157.7,high,11.4,35.3,53.3
IE053,IE,South-West,2024,780376.0,49.29,50.71,17.7,12.72,26.37,26.36,14.97,10.69,42.48,46.33,37.75,54.12,8.64,163000.0,567.5,very_high,11.4,35.3,53.3
IE061,IE,Dublin,2024,1556255.0,49.22,50.78,17.95,11.43,32.48,24.29,12.13,0.6,23.92,44.1,66.91,55.13,9.35,182300.0,634.7,very_high,9.3,31.1,59.6
IE062,IE,Mid-East,2024,787287.0,49.64,50.36,19.98,13.87,24.98,26.85,12.92,7.65,44.86,48.71,38.46,50.37,9.95,54100.0,188.3,very_high,9.3,31.1,59.6
IE063,IE,Midland,2024,331869.0,49.73,50.27,18.89,13.7,25.54,26.4,13.89,12.31,39.95,49.3,30.97,59.12,8.34,40200.0,140.0,high,9.3,31.1,59.6
IS001,IS,Höfuðborgarsvæði,2024,249054.0,50.84,49.16,17.84,12.95,30.34,23.48,13.66,,,,,,,,,,17.5,36.2,46.3
IS002,IS,Landsbyggð,2024,140390.0,52.09,47.91,17.99,13.01,29.16,23.14,15.02,,,,,,,,,,17.5,36.2,46.3
ITC11,IT,Torino,2023,2204276.0,48.68,51.32,11.21,9.59,21.87,30.7,21.92,1.99,48.41,46.62,47.15,37.1,18.73,39000.0,116.5,medium,32.5,46.3,21.2
ITC12,IT,Vercelli,2023,165910.0,49.01,50.99,10.71,9.11,20.81,31.1,23.09,6.17,63.44,44.35,29.66,39.06,17.33,34000.0,101.6,medium,32.5,46.3,21.2
ITC13,IT,Biella,2023,168328.0,48.51,51.49,9.66,9.0,19.13,31.87,24.74,2.6,64.94,43.87,36.36,36.36,15.87,33400.0,99.8,medium,32.5,46.3,21.2
ITC14,IT,Verbano-Cusio-Ossola,2023,153283.0,48.78,51.22,9.91,9.14,19.81,32.39,23.71,2.4,48.29,61.3,27.05,41.1,19.86,29000.0,86.7,medium,32.5,46.3,21.2
ITC15,IT,Novara,2023,364140.0,48.99,51.01,11.76,9.76,21.86,31.34,20.9,2.41,63.2,48.6,35.53,34.52,15.74,36200.0,108.2,medium,32.5,46.3,21.2
ITC16,IT,Cuneo,2023,581526.0,49.81,50.19,12.33,9.9,22.38,29.99,21.06,15.65,61.99,44.02,32.36,32.5,13.48,40400.0,120.7,medium,32.5,46.3,21.2
ITC17,IT,Asti,2023,207203.0,49.24,50.76,11.05,9.52,20.58,31.16,22.77,14.63,56.12,46.52,30.46,34.77,17.51,30300.0,90.5,medium,32.5,46.3,21.2
ITC18,IT,Alessandria,2023,407202.0,49.0,51.0,10.3,8.92,20.32,31.69,23.56,6.55,59.03,51.9,29.11,36.0,17.42,35500.0,106.1,medium,32.5,46.3,21.2
ITC20,IT,Valle d’Aosta/Vallée d’Aoste,2023,122532.0,49.1,50.9,11.37,10.07,20.85,31.88,21.57,6.05,36.31,59.87,30.57,50.0,17.2,47200.0,141.0,high,36.7,41.9,21.4
ITC31,IT,Imperia,2023,209348.0,48.75,51.25,10.6,8.95,20.64,31.09,23.52,11.67,32.17,69.0,26.72,40.47,19.97,29200.0,87.3,medium,28.5,47.7,23.8
ITC32,IT,Savona,2023,267064.0,48.44,51.56,9.82,9.1,18.89,31.95,24.32,5.42,41.41,65.28,29.11,38.16,20.61,35000.0,104.6,medium,28.5,47.7,23.8
ITC33,IT,Genova,2023,818812.0,48.22,51.78,10.32,9.11,20.34,30.92,23.58,0.86,35.66,63.6,38.56,38.86,22.45,42400.0,126.7,high,28.5,47.7,23.8
ITC34,IT,La Spezia,2023,214919.0,48.94,51.06,10.57,8.93,20.79,31.7,22.8,2.7,39.92,58.21,31.39,49.9,17.88,38800.0,115.9,medium,28.5,47.7,23.8
ITC41,IT,Varese,2023,882592.0,48.9,51.1,12.07,9.91,21.78,31.19,20.72,0.72,61.12,49.36,36.05,34.89,17.86,36000.0,107.6,medium,30.6,45.5,23.9
ITC42,IT,Como,2023,598191.0,49.31,50.69,11.92,9.87,22.2,31.54,20.36,1.47,58.06,50.96,38.71,33.24,17.56,34900.0,104.3,medium,30.6,45.5,23.9
ITC43,IT,Lecco,2023,333747.0,49.55,50.45,11.83,10.18,21.31,31.01,21.43,1.4,77.98,43.48,33.52,30.15,13.46,38600.0,115.3,medium,30.6,45.5,23.9
ITC44,IT,Sondrio,2023,179100.0,49.44,50.56,11.92,9.74,21.56,30.98,21.52,5.68,52.45,56.07,29.72,38.5,17.57,36700.0,109.7,medium,30.6,45.5,23.9
ITC46,IT,Bergamo,2023,1114780.0,49.84,50.16,12.67,10.78,22.57,31.09,19.44,2.63,75.04,46.16,32.95,29.31,13.91,42000.0,125.5,high,30.6,45.5,23.9
ITC47,IT,Brescia,2023,1265884.0,49.71,50.29,12.57,10.51,22.75,30.99,19.46,4.41,71.03,46.36,34.31,31.38,12.52,42900.0,128.2,high,30.6,45.5,23.9
ITC48,IT,Pavia,2023,541949.0,49.3,50.7,11.45,9.44,22.03,31.7,20.91,5.52,49.5,47.59,35.34,43.98,18.07,30500.0,91.1,medium,30.6,45.5,23.9
ITC49,IT,Lodi,2023,230250.0,49.86,50.14,12.68,10.14,22.83,31.32,19.49,5.6,54.5,51.82,36.74,36.01,15.33,32700.0,97.7,medium,30.6,45.5,23.9
ITC4A,IT,Cremona,2023,353923.0,49.71,50.29,11.79,9.7,22.02,30.93,21.21,8.15,63.04,42.66,35.19,37.5,13.45,39300.0,117.4,medium,30.6,45.5,23.9
ITC4B,IT,Mantova,2023,407744.0,49.64,50.36,12.08,9.72,22.07,31.41,20.45,11.01,66.92,43.82,33.57,30.01,14.68,39200.0,117.1,medium,30.6,45.5,23.9
ITC4C,IT,Milano,2023,3246455.0,48.88,51.12,12.13,9.96,24.21,30.51,18.98,0.63,34.1,51.26,65.92,27.41,20.68,71200.0,212.8,very_high,30.6,45.5,23.9
ITC4D,IT,Monza e della Brianza,2023,879303.0,49.12,50.88,12.46,10.09,22.25,31.34,19.84,0.44,60.37,51.05,40.3,30.99,16.85,39000.0,116.5,medium,30.6,45.5,23.9
ITF11,IT,L’Aquila,2023,286706.0,49.86,50.14,11.09,9.04,22.16,30.77,22.56,9.47,46.68,47.89,32.56,48.58,14.81,31700.0,94.7,medium,28.5,47.6,23.8
ITF12,IT,Teramo,2023,300049.0,49.19,50.81,11.51,9.57,22.44,31.18,21.05,7.76,64.84,46.73,30.9,32.88,16.89,30900.0,92.3,medium,28.5,47.6,23.8
ITF13,IT,Pescara,2023,311876.0,48.45,51.55,11.84,9.85,21.77,31.28,20.86,5.8,39.53,53.96,38.9,42.35,19.45,30100.0,89.9,medium,28.5,47.6,23.8
ITF14,IT,Chieti,2023,370487.0,49.01,50.99,11.19,9.43,21.76,30.82,22.29,12.46,55.19,49.02,32.17,36.08,15.07,31700.0,94.7,medium,28.5,47.6,23.8
ITF21,IT,Isernia,2023,78755.0,49.96,50.04,10.45,8.93,22.35,30.2,23.1,8.84,45.58,48.98,29.93,51.02,15.65,27100.0,81.0,medium,31.1,45.9,23.1
ITF22,IT,Campobasso,2023,209059.0,49.53,50.47,10.41,9.54,22.2,30.84,22.24,17.0,43.75,47.25,30.25,47.0,14.75,27200.0,81.3,medium,31.1,45.9,23.1
ITF31,IT,Caserta,2023,908451.0,49.12,50.88,13.77,11.53,24.9,30.04,17.32,9.81,44.26,57.48,27.28,46.28,14.89,21500.0,64.2,low,41.5,39.8,18.7
ITF32,IT,Benevento,2023,259809.0,49.16,50.84,11.38,10.1,22.86,30.54,20.78,19.85,43.84,45.8,26.61,46.89,17.01,21600.0,64.5,low,41.5,39.8,18.7
ITF33,IT,Napoli,2023,2963633.0,48.62,51.38,13.82,11.83,24.17,29.7,18.08,2.29,38.25,63.24,36.15,42.62,17.44,24500.0,73.2,low,41.5,39.8,18.7
ITF34,IT,Avellino,2023,395072.0,49.31,50.69,11.24,10.09,23.27,30.97,20.45,11.84,51.02,47.76,29.12,43.4,16.87,22900.0,68.4,low,41.5,39.8,18.7
ITF35,IT,Salerno,2023,1055372.0,49.16,50.84,12.47,10.41,23.61,30.26,19.74,13.53,41.25,61.35,28.73,38.88,16.26,24400.0,72.9,low,41.5,39.8,18.7
ITF43,IT,Taranto,2023,550436.0,48.72,51.28,11.59,10.33,21.8,30.64,21.83,17.2,41.35,48.52,27.64,53.33,11.98,22300.0,66.6,low,43.1,39.0,18.0
ITF44,IT,Brindisi,2023,375567.0,48.51,51.49,11.31,9.97,22.26,30.79,21.78,21.34,38.62,56.65,24.34,45.38,13.67,22100.0,66.0,low,43.1,39.0,18.0
ITF45,IT,Lecce,2023,764491.0,48.24,51.76,11.15,9.91,21.6,30.8,22.17,12.79,42.5,55.57,30.36,40.07,18.71,21900.0,65.4,low,43.1,39.0,18.0
ITF46,IT,Foggia,2023,590263.0,49.54,50.46,12.31,11.05,23.14,29.72,20.09,28.38,34.74,56.07,21.14,47.85,11.84,22100.0,66.0,low,43.1,39.0,18.0
ITF47,IT,Bari,2023,1219545.0,48.81,51.19,12.04,10.17,22.82,30.77,20.59,11.71,40.05,56.35,36.05,39.12,16.72,27700.0,82.8,medium,43.1,39.0,18.0
ITF48,IT,Barletta-Andria-Trani,2023,377093.0,49.42,50.58,12.5,11.27,23.1,30.94,19.18,20.73,43.99,57.28,24.84,38.77,14.4,19800.0,59.2,low,43.1,39.0,18.0
ITF51,IT,Potenza,2023,340909.0,49.47,50.53,10.57,9.77,22.15,31.18,21.73,15.73,50.79,44.64,31.61,44.04,13.18,29500.0,88.2,medium,34.0,45.7,20.2
ITF52,IT,Matera,2023,189095.0,49.64,50.36,11.28,10.39,22.89,30.07,21.24,30.65,44.09,47.58,28.49,36.56,12.63,24500.0,73.2,low,34.0,45.7,20.2
ITF61,IT,Cosenza,2023,669535.0,49.17,50.83,11.9,9.82,23.19,30.25,21.0,24.2,28.15,53.73,31.37,46.0,16.56,19500.0,58.3,low,38.5,41.4,20.1
ITF62,IT,Crotone,2023,161898.0,49.58,50.42,13.58,11.31,23.42,28.79,19.71,30.28,32.15,53.46,22.43,47.48,14.21,20600.0,61.6,low,38.5,41.4,20.1
ITF63,IT,Catanzaro,2023,339741.0,49.01,50.99,12.18,9.88,22.94,29.88,21.28,20.35,29.02,51.74,29.5,50.79,18.61,24100.0,72.0,low,38.5,41.4,20.1
ITF64,IT,Vibo Valentia,2023,150516.0,49.62,50.38,12.22,10.67,23.51,29.15,20.56,29.37,29.76,55.56,23.81,47.62,13.89,20100.0,60.1,low,38.5,41.4,20.1
ITF65,IT,Reggio di Calabria,2023,512956.0,48.76,51.24,13.01,10.52,23.11,29.31,20.33,29.45,25.4,54.04,24.13,51.85,15.13,22000.0,65.7,low,38.5,41.4,20.1
ITG11,IT,Trapani,2023,411393.0,49.38,50.62,12.09,10.59,22.41,29.9,21.18,21.55,30.8,55.99,22.15,53.26,16.24,20000.0,59.8,low,43.9,38.3,17.8
ITG12,IT,Palermo,2023,1198738.0,48.41,51.59,13.44,10.71,22.93,29.64,19.97,7.22,26.16,52.36,33.43,58.32,22.52,23900.0,71.4,low,43.9,38.3,17.8
ITG13,IT,Messina,2023,596147.0,48.44,51.56,11.47,9.84,22.49,30.56,21.79,11.47,31.2,55.88,26.72,55.0,19.73,22500.0,67.2,low,43.9,38.3,17.8
ITG14,IT,Agrigento,2023,408401.0,48.83,51.17,12.32,10.93,22.53,29.72,20.65,26.86,29.98,52.42,19.66,55.04,16.05,19000.0,56.8,low,43.9,38.3,17.8
ITG15,IT,Caltanissetta,2023,245421.0,48.49,51.51,12.35,11.24,22.68,29.81,20.42,20.73,35.53,46.84,27.99,54.37,14.54,20400.0,61.0,low,43.9,38.3,17.8
ITG16,IT,Enna,2023,152544.0,48.55,51.45,11.36,10.69,22.48,29.65,21.67,19.64,32.14,43.75,22.77,64.73,16.96,19300.0,57.7,low,43.9,38.3,17.8
ITG17,IT,Catania,2023,1070169.0,48.67,51.33,13.72,10.76,23.67,29.42,19.31,11.3,32.95,57.03,31.23,48.78,18.72,22800.0,68.1,low,43.9,38.3,17.8
ITG18,IT,Ragusa,2023,321300.0,50.21,49.79,13.55,10.86,24.9,28.88,18.55,39.93,33.11,51.08,21.46,39.27,15.14,22300.0,66.6,low,43.9,38.3,17.8
ITG19,IT,Siracusa,2023,383277.0,49.44,50.56,12.49,10.37,23.03,30.41,20.57,18.74,38.61,50.24,24.39,53.96,14.05,23600.0,70.5,low,43.9,38.3,17.8
ITG2D,IT,Sassari,2023,471957.0,49.31,50.69,10.12,9.05,21.52,33.23,22.19,9.32,30.94,58.71,30.74,45.9,24.39,27100.0,81.0,medium,43.2,37.8,19.0
ITG2E,IT,Nuoro,2023,195331.0,49.41,50.59,10.26,9.43,20.73,31.49,23.44,22.63,31.47,49.93,23.15,50.2,22.63,24200.0,72.3,low,43.2,37.8,19.0
ITG2F,IT,Cagliari,2023,417532.0,48.35,51.65,9.7,8.82,21.52,33.89,22.25,2.91,27.28,51.07,41.46,48.74,28.54,34400.0,102.8,medium,43.2,37.8,19.0
ITG2G,IT,Oristano,2023,148005.0,49.3,50.7,9.01,8.27,20.47,32.1,25.09,23.03,27.06,52.29,21.94,47.53,28.15,21900.0,65.4,low,43.2,37.8,19.0
ITG2H,IT,Sud Sardegna,2023,329556.0,49.7,50.3,9.17,8.37,20.29,32.55,25.12,19.74,34.44,53.17,18.53,47.33,26.79,19500.0,58.3,low,43.2,37.8,19.0
ITH10,IT,Bolzano-Bozen,2023,539679.0,49.67,50.33,14.94,10.97,23.58,29.51,17.53,13.23,40.83,65.09,26.91,41.08,12.85,61500.0,183.8,very_high,30.5,50.4,19.1
ITH20,IT,Trento,2023,546573.0,49.46,50.54,12.88,10.51,22.62,29.9,20.11,9.34,42.7,53.58,34.31,47.37,12.7,46800.0,139.8,high,22.8,53.5,23.7
ITH31,IT,Verona,2023,928622.0,49.36,50.64,12.5,10.05,22.96,30.91,19.56,8.43,50.56,58.04,35.25,32.42,15.31,41500.0,124.0,medium,30.3,47.9,21.7
ITH32,IT,Vicenza,2023,854163.0,49.63,50.37,12.12,10.46,22.06,31.46,19.96,3.62,81.39,43.57,30.91,28.13,12.37,42600.0,127.3,high,30.3,47.9,21.7
ITH33,IT,Belluno,2023,197708.0,49.07,50.93,10.35,9.36,20.27,31.47,23.88,4.0,70.81,48.26,29.08,36.67,11.17,39600.0,118.3,medium,30.3,47.9,21.7
ITH34,IT,Treviso,2023,879255.0,49.5,50.5,12.2,10.52,21.49,31.48,20.31,7.39,72.47,43.11,35.72,27.86,13.46,40700.0,121.6,medium,30.3,47.9,21.7
ITH35,IT,Venezia,2023,834306.0,48.88,51.12,11.03,9.63,20.63,32.22,22.07,3.73,45.93,65.32,35.25,34.27,15.5,38700.0,115.6,medium,30.3,47.9,21.7
ITH36,IT,Padova,2023,932284.0,49.2,50.8,11.62,9.82,22.08,31.85,20.58,4.74,58.66,49.82,37.87,33.0,15.92,42000.0,125.5,high,30.3,47.9,21.7
ITH37,IT,Rovigo,2023,227134.0,49.29,50.71,10.04,8.53,20.13,32.66,24.12,13.79,59.35,46.39,29.05,35.32,16.09,31700.0,94.7,medium,30.3,47.9,21.7
ITH41,IT,Pordenone,2023,310742.0,49.42,50.58,11.89,9.97,21.55,31.11,21.17,7.63,69.96,39.72,29.68,38.59,14.42,36600.0,109.4,medium,25.1,50.8,24.1
ITH42,IT,Udine,2023,516323.0,48.76,51.24,10.48,9.2,20.19,31.92,23.46,6.73,52.08,49.34,34.47,40.03,17.36,37700.0,112.7,medium,25.1,50.8,24.1
ITH43,IT,Gorizia,2023,138427.0,49.66,50.34,11.09,9.4,20.49,31.86,22.09,5.37,61.74,46.64,27.85,41.28,17.11,34300.0,102.5,medium,25.1,50.8,24.1
ITH44,IT,Trieste,2023,227792.0,48.34,51.66,10.3,8.95,21.09,30.75,23.38,0.92,32.97,47.88,46.22,51.75,20.26,41400.0,123.7,medium,25.1,50.8,24.1
ITH51,IT,Piacenza,2023,286452.0,49.49,50.51,11.95,9.49,22.33,30.77,20.83,7.13,51.2,58.18,32.29,34.62,16.58,40300.0,120.4,medium,28.4,46.7,24.9
ITH52,IT,Parma,2023,455713.0,49.4,50.6,12.36,9.65,23.71,30.69,19.34,5.0,63.79,44.64,38.63,30.75,17.2,47400.0,141.6,high,28.4,46.7,24.9
ITH53,IT,Reggio nell’Emilia,2023,530740.0,49.64,50.36,12.6,10.46,22.83,31.18,19.05,4.89,72.54,42.36,36.85,29.4,13.96,44100.0,131.8,high,28.4,46.7,24.9
ITH54,IT,Modena,2023,708340.0,49.52,50.48,12.37,10.03,22.91,30.76,19.78,4.25,70.68,43.62,36.89,29.54,15.02,48600.0,145.2,high,28.4,46.7,24.9
ITH55,IT,Bologna,2023,1020193.0,48.65,51.35,11.57,9.42,23.4,30.66,20.24,2.69,49.1,48.74,45.53,37.45,16.49,50100.0,149.7,high,28.4,46.7,24.9
ITH56,IT,Ferrara,2023,339612.0,48.69,51.31,10.11,8.65,19.86,32.25,24.02,14.78,47.31,47.46,30.15,41.79,18.51,30200.0,90.2,medium,28.4,46.7,24.9
ITH57,IT,Ravenna,2023,387205.0,49.17,50.83,11.28,9.68,20.78,31.94,21.21,11.55,49.86,54.19,31.76,34.09,18.55,38200.0,114.1,medium,28.4,46.7,24.9
ITH58,IT,Forlì-Cesena,2023,393367.0,49.12,50.88,11.79,9.82,21.59,31.28,20.91,11.24,55.8,54.03,31.13,33.52,14.26,39800.0,118.9,medium,28.4,46.7,24.9
ITH59,IT,Rimini,2023,340376.0,48.6,51.4,11.53,9.94,21.59,32.12,20.53,3.66,40.39,72.97,32.7,32.95,17.33,36500.0,109.1,medium,28.4,46.7,24.9
ITI11,IT,Massa-Carrara,2023,186783.0,48.8,51.2,9.85,8.86,20.16,31.97,24.06,3.01,48.09,57.1,30.6,42.35,18.85,31300.0,93.5,medium,32.4,44.3,23.3
ITI12,IT,Lucca,2023,381390.0,48.65,51.35,10.62,9.32,20.48,32.37,22.54,3.33,57.28,55.02,33.04,32.44,18.89,36400.0,108.8,medium,32.4,44.3,23.3
ITI13,IT,Pistoia,2023,289925.0,48.67,51.33,11.24,9.51,21.07,31.49,21.86,8.61,52.2,52.2,31.87,35.83,19.29,31400.0,93.8,medium,32.4,44.3,23.3
ITI14,IT,Firenze,2023,988068.0,48.35,51.65,11.24,9.76,21.75,30.92,21.27,3.28,47.14,50.41,41.82,36.36,20.99,46700.0,139.5,high,32.4,44.3,23.3
ITI15,IT,Prato,2023,259657.0,49.3,50.7,11.76,10.55,22.96,31.57,19.09,0.75,84.98,45.5,28.68,25.98,14.11,35900.0,107.3,medium,32.4,44.3,23.3
ITI16,IT,Livorno,2023,325749.0,48.53,51.47,10.45,9.19,19.79,32.21,23.4,4.91,34.97,67.49,32.66,40.75,19.22,32900.0,98.3,medium,32.4,44.3,23.3
ITI17,IT,Pisa,2023,418439.0,49.03,50.97,11.63,9.52,22.08,31.18,21.16,3.84,50.91,48.21,38.34,41.14,17.56,38100.0,113.8,medium,32.4,44.3,23.3
ITI18,IT,Arezzo,2023,333240.0,49.18,50.82,11.11,9.45,21.59,30.97,22.16,10.17,69.49,43.42,29.47,30.77,16.69,36700.0,109.7,medium,32.4,44.3,23.3
ITI19,IT,Siena,2023,259460.0,48.72,51.28,11.22,9.52,21.43,30.64,21.99,15.86,42.8,48.65,38.18,37.11,17.4,37300.0,111.5,medium,32.4,44.3,23.3
ITI1A,IT,Grosseto,2023,215005.0,48.78,51.22,10.03,8.95,19.9,31.8,24.19,21.32,29.26,59.77,29.68,38.87,21.11,30400.0,90.8,medium,32.4,44.3,23.3
ITI21,IT,Perugia,2023,636188.0,48.63,51.37,11.35,9.72,21.49,30.62,21.82,9.05,49.74,51.81,31.71,37.03,20.66,32200.0,96.2,medium,24.1,50.3,25.6
ITI22,IT,Terni,2023,215285.0,48.41,51.59,10.26,9.22,20.12,31.29,23.82,7.04,44.27,53.58,32.92,39.5,22.7,29200.0,87.3,medium,24.1,50.3,25.6
ITI31,IT,Pesaro e Urbino,2023,349558.0,49.27,50.73,11.44,10.01,21.32,31.51,21.16,5.01,68.17,46.55,30.42,33.11,16.74,33800.0,101.0,medium,29.7,46.0,24.2
ITI32,IT,Ancona,2023,461503.0,49.01,50.99,11.26,9.86,21.47,30.92,21.5,4.39,55.94,46.25,34.28,42.6,16.54,35100.0,104.9,medium,29.7,46.0,24.2
ITI33,IT,Macerata,2023,302030.0,48.98,51.02,11.58,9.61,21.68,30.24,21.78,8.1,63.78,48.3,31.39,33.24,15.2,32400.0,96.8,medium,29.7,46.0,24.2
ITI34,IT,Ascoli Piceno,2023,200497.0,48.79,51.21,10.89,9.29,21.63,30.77,22.39,7.56,51.84,52.28,32.93,36.48,18.91,32700.0,97.7,medium,29.7,46.0,24.2
ITI35,IT,Fermo,2023,166957.0,49.14,50.86,11.09,9.47,21.54,30.63,22.15,6.79,74.12,45.26,26.03,33.38,14.43,29300.0,87.6,medium,29.7,46.0,24.2
ITI41,IT,Viterbo,2023,307405.0,49.36,50.64,10.8,9.22,21.81,31.87,22.28,16.7,35.37,51.53,28.01,43.09,25.31,26300.0,78.6,medium,24.9,46.8,28.3
ITI42,IT,Rieti,2023,149766.0,50.01,49.99,10.25,9.14,21.7,31.41,22.97,11.03,34.6,47.15,31.18,51.33,24.71,25400.0,75.9,medium,24.9,46.8,28.3
ITI43,IT,Roma,2023,4222648.0,48.19,51.81,12.06,9.84,22.52,32.25,19.41,1.61,21.67,49.64,54.51,44.04,28.53,47600.0,142.2,high,24.9,46.8,28.3
ITI44,IT,Latina,2023,566698.0,49.66,50.34,12.32,9.96,23.18,31.26,19.8,22.21,41.5,54.3,28.24,37.29,16.45,27500.0,82.2,medium,24.9,46.8,28.3
ITI45,IT,Frosinone,2023,462661.0,49.25,50.75,11.56,9.35,22.62,30.5,21.98,5.54,57.51,51.38,28.76,39.36,17.44,27100.0,81.0,medium,24.9,46.8,28.3
LI000,LI,Liechtenstein,2025,40886.0,49.48,50.52,14.19,10.23,25.26,29.65,18.52,,,,,,,,,,,,
LT011,LT,Vilniaus apskritis,2024,876727.0,47.64,52.36,15.72,9.58,30.49,26.37,15.62,4.18,39.54,46.47,55.03,45.11,9.68,41500.0,144.5,high,3.4,34.9,61.8
LT021,LT,Alytaus apskritis,2024,132919.0,46.82,53.18,11.61,9.37,23.2,30.98,21.37,15.52,65.6,43.14,17.47,49.6,8.63,15000.0,52.2,low,6.6,52.4,41.0
LT022,LT,Kauno apskritis,2024,587511.0,47.1,52.9,14.39,9.67,27.74,27.11,18.33,6.38,53.09,49.31,33.44,49.05,8.72,27000.0,94.0,medium,6.6,52.4,41.0
LT023,LT,Klaipėdos apskritis,2024,343862.0,47.94,52.06,15.08,9.58,27.43,27.65,17.7,8.31,58.98,52.94,24.63,46.49,8.65,23700.0,82.5,medium,6.6,52.4,41.0
LT024,LT,Marijampolės apskritis,2024,133360.0,47.91,52.09,12.93,10.48,24.38,30.09,19.22,29.56,59.09,49.74,14.3,40.95,6.37,15600.0,54.3,low,6.6,52.4,41.0
LT025,LT,Panevėžio apskritis,2024,207017.0,46.08,53.92,11.99,9.7,22.51,31.21,21.05,8.31,59.69,51.7,14.42,55.29,10.56,18500.0,64.4,low,6.6,52.4,41.0
LT026,LT,Šiaulių apskritis,2024,266736.0,48.66,51.34,12.82,9.49,25.76,29.65,19.34,19.66,58.42,50.6,18.5,45.61,7.23,19300.0,67.2,low,6.6,52.4,41.0
LT027,LT,Tauragės apskritis,2024,89946.0,48.16,51.84,12.73,10.2,24.3,30.27,19.53,18.8,50.51,58.02,11.29,49.16,12.22,16000.0,55.7,low,6.6,52.4,41.0
LT028,LT,Telšių apskritis,2024,129884.0,47.42,52.58,13.67,10.47,24.03,29.93,19.21,9.81,72.32,44.91,26.03,42.2,4.67,18800.0,65.5,low,6.6,52.4,41.0
LT029,LT,Utenos apskritis,2024,122702.0,47.45,52.55,10.71,8.85,22.7,31.68,22.56,24.52,71.78,37.35,14.64,37.08,14.64,15000.0,52.2,low,6.6,52.4,41.0
LU000,LU,Luxembourg,2024,681973.0,50.27,49.73,15.67,10.98,31.31,26.81,13.22,1.67,33.91,42.43,67.79,46.02,8.18,127000.0,442.1,very_high,17.6,27.7,54.7
LV003,LV,Kurzeme,2023,232312.0,46.74,53.26,15.81,10.36,23.85,27.96,19.36,,,,,,,,,,9.1,50.8,40.1
LV005,LV,Latgale,2023,239362.0,46.89,53.11,12.69,9.75,22.57,30.57,21.34,31.5,39.64,42.69,16.18,60.35,9.65,11500.0,34.4,very_low,9.1,50.8,40.1
LV006,LV,Rīga,2023,609489.0,44.52,55.48,15.16,9.43,27.76,26.21,18.63,,,,,,,,,,9.1,50.8,40.1
LV007,LV,Pierīga,2023,390676.0,47.54,52.46,18.75,9.55,26.85,26.72,16.0,,,,,,,,,,9.1,50.8,40.1
LV008,LV,Vidzeme,2023,180431.0,47.25,52.75,15.65,9.77,24.19,28.48,19.02,,,,,,,,,,9.1,50.8,40.1
LV009,LV,Zemgale,2023,221931.0,47.71,52.29,15.44,10.39,25.06,27.52,18.88,38.3,53.12,41.46,14.02,43.87,9.22,13600.0,40.6,very_low,9.1,50.8,40.1
ME000,ME,Crna Gora,2020,623327.0,49.2,50.8,18.03,11.26,27.39,26.1,15.71,,,,,,,12300.0,42.8,very_low,12.4,62.0,25.6
MK001,MK,Vardarski,2023,136145.0,50.24,49.76,14.97,10.74,25.53,28.41,19.15,41.76,61.2,48.06,13.67,29.69,5.64,7000.0,24.4,very_low,25.8,49.5,24.7
MK002,MK,Istočen,2023,146395.0,49.77,50.23,13.19,10.18,24.34,29.04,21.79,31.97,79.97,40.06,10.47,32.97,4.57,7700.0,26.8,very_low,25.8,49.5,24.7
MK003,MK,Jugozapaden,2023,175743.0,49.81,50.19,15.23,11.47,27.03,27.46,17.66,16.05,69.14,50.29,15.08,41.23,8.25,7300.0,25.4,very_low,25.8,49.5,24.7
MK004,MK,Jugoistočen,2023,145850.0,50.06,49.94,15.14,10.75,24.78,28.45,19.63,94.37,38.66,35.18,8.49,17.14,6.19,9800.0,34.1,very_low,25.8,49.5,24.7
MK005,MK,Pelagoniski,2023,206400.0,49.78,50.22,14.21,10.88,25.65,27.85,19.82,66.33,58.88,31.9,14.6,24.17,4.14,8400.0,29.2,very_low,25.8,49.5,24.7
MK006,MK,Pološki,2023,252077.0,49.37,50.63,17.59,12.54,28.29,26.95,13.81,18.26,73.06,46.43,13.68,41.45,7.16,4700.0,16.4,very_low,25.8,49.5,24.7
MK007,MK,Severoistočen,2023,151869.0,50.09,49.91,16.32,12.42,26.16,27.43,16.59,13.12,64.61,50.87,16.58,47.6,7.33,4600.0,16.0,very_low,25.8,49.5,24.7
MK008,MK,Skopski,2023,608133.0,48.94,51.06,18.35,11.65,26.38,26.1,16.13,4.53,50.72,52.92,42.76,40.72,8.35,11900.0,41.4,very_low,25.8,49.5,24.7
MT001,MT,Malta,2024,532997.0,53.15,46.85,12.11,9.41,37.28,23.1,16.13,2.07,28.67,54.26,60.86,40.58,13.57,41800.0,145.5,high,30.0,33.7,36.3
MT002,MT,Gozo and Comino/Għawdex u Kemmuna,2024,41253.0,52.53,47.47,12.32,9.09,30.56,25.23,20.36,8.92,36.41,53.6,40.21,51.64,9.22,24300.0,84.6,medium,30.0,33.7,36.3
NL111,NL,Oost-Groningen,2023,137736.0,50.01,49.99,13.99,10.82,20.62,29.19,22.53,,,,,,,,,,16.9,38.5,44.6
NL112,NL,Delfzijl en omgeving,2023,44795.0,50.25,49.75,13.58,10.7,21.15,27.9,23.63,7.18,42.05,59.49,30.77,54.36,6.15,55200.0,192.2,very_high,16.9,38.5,44.6
NL113,NL,Overig Groningen,2023,412945.0,49.87,50.13,13.43,17.06,26.47,24.38,16.64,,,,,,,,,,16.9,38.5,44.6
NL124,NL,Noord-Friesland,2023,326583.0,50.2,49.8,15.19,12.96,23.31,26.74,19.47,,,,,,,,,,19.0,44.5,36.5
NL125,NL,Zuidwest-Friesland,2023,142875.0,50.41,49.59,15.28,11.49,20.59,28.6,21.39,,,,,,,,,,19.0,44.5,36.5
NL126,NL,Zuidoost-Friesland,2023,191480.0,50.09,49.91,14.82,11.14,22.15,27.75,21.23,5.77,35.0,47.88,41.54,62.12,7.69,51000.0,177.6,very_high,19.0,44.5,36.5
NL131,NL,Noord-Drenthe,2023,197110.0,49.65,50.35,14.55,10.73,20.99,28.19,22.62,5.26,22.08,44.58,42.48,76.97,8.62,44600.0,155.3,high,20.6,44.3,35.1
NL132,NL,Zuidoost-Drenthe,2023,171587.0,50.13,49.87,13.61,11.07,21.44,28.45,22.69,6.76,36.41,47.59,39.53,60.6,9.1,40800.0,142.0,high,20.6,44.3,35.1
NL133,NL,Zuidwest-Drenthe,2023,137832.0,49.84,50.16,14.48,11.73,22.14,27.18,21.61,5.51,29.13,43.57,54.07,61.15,6.56,49700.0,173.0,high,20.6,44.3,35.1
NL211,NL,Noord-Overijssel,2023,390259.0,50.14,49.86,16.81,12.67,25.14,25.75,17.46,5.63,34.88,48.7,41.28,62.35,7.16,57800.0,201.2,very_high,19.1,40.6,40.4
NL212,NL,Zuidwest-Overijssel,2023,161927.0,49.9,50.1,14.9,11.78,24.49,27.45,18.91,5.9,30.22,45.1,52.18,57.38,9.21,50000.0,174.1,high,19.1,40.6,40.4
NL213,NL,Twente,2023,643603.0,50.62,49.38,14.71,13.11,23.9,26.52,19.26,3.69,36.95,50.23,44.84,57.43,6.87,52900.0,184.2,very_high,19.1,40.6,40.4
NL221,NL,Veluwe,2023,726891.0,49.76,50.24,16.42,12.59,23.9,25.79,18.81,3.81,32.47,48.07,46.85,60.54,8.26,56400.0,196.4,very_high,18.4,38.3,43.3
NL224,NL,Zuidwest-Gelderland,2023,257163.0,50.16,49.84,16.12,11.79,23.56,27.93,18.59,11.21,34.94,56.65,48.45,41.55,7.19,53000.0,184.5,very_high,18.4,38.3,43.3
NL225,NL,Achterhoek,2023,407957.0,49.98,50.02,13.49,11.12,20.64,28.68,23.2,6.84,40.19,51.57,37.69,56.39,7.33,45000.0,156.7,high,18.4,38.3,43.3
NL226,NL,Arnhem/Nijmegen,2023,769347.0,49.32,50.68,13.97,12.96,25.55,26.46,18.77,2.23,24.83,44.48,49.27,69.75,9.44,54900.0,191.1,very_high,18.4,38.3,43.3
NL230,NL,Flevoland,2023,456395.0,50.07,49.93,17.79,12.58,27.82,25.89,14.64,6.1,27.93,56.15,49.26,51.72,8.85,48200.0,167.8,high,21.5,42.0,36.5
NL310,NL,Utrecht,2018,1387643.0,49.21,50.79,16.68,12.6,27.03,25.87,15.81,,,,,,,,,,15.3,33.5,51.2
NL321,NL,Kop van Noord-Holland,2023,388726.0,50.05,49.95,14.72,11.37,23.17,27.24,21.14,13.94,33.24,51.26,35.5,58.45,7.61,43000.0,149.7,high,18.0,31.2,50.8
NL323,NL,IJmond,2023,202491.0,49.68,50.32,14.97,10.88,23.87,27.68,19.78,2.43,48.12,52.32,37.75,50.55,8.83,43100.0,150.1,high,18.0,31.2,50.8
NL324,NL,Agglomeratie Haarlem,2023,234638.0,48.72,51.28,16.58,10.21,25.94,26.98,17.67,,,,,,,,,,18.0,31.2,50.8
NL325,NL,Zaanstreek,2023,179249.0,49.71,50.29,15.86,11.42,26.46,26.97,17.03,1.28,40.05,57.77,41.34,50.32,9.24,41500.0,144.5,high,18.0,31.2,50.8
NL327,NL,Het Gooi en Vechtstreek,2023,245683.0,48.78,51.22,16.69,10.33,23.2,27.47,19.3,0.43,16.03,45.53,71.77,54.47,11.77,59400.0,206.8,very_high,18.0,31.2,50.8
NL328,NL,Alkmaar en omgeving,2023,257706.0,49.44,50.56,14.85,11.14,23.7,27.22,20.54,3.5,26.57,51.71,46.46,62.53,9.23,45500.0,158.4,high,18.0,31.2,50.8
NL329,NL,Groot-Amsterdam,2023,1456187.0,49.36,50.64,14.51,12.84,32.05,25.0,13.97,,,,,,,,,,18.0,31.2,50.8
NL332,NL,Agglomeratie ’s-Gravenhage,2018,910352.0,49.36,50.64,16.42,12.17,28.04,26.15,15.24,,,,,,,,,,21.5,39.6,38.9
NL333,NL,Delft en Westland,2018,240445.0,51.14,48.86,14.67,15.33,26.77,24.77,16.36,,,,,,,,,,21.5,39.6,38.9
NL337,NL,Agglomeratie Leiden en Bollenstreek,2018,440312.0,49.15,50.85,15.03,13.16,25.41,26.41,17.72,,,,,,,,,,21.5,39.6,38.9
NL33A,NL,Zuidoost-Zuid-Holland,2018,379752.0,49.51,50.49,16.84,11.92,24.76,26.41,17.69,,,,,,,,,,21.5,39.6,38.9
NL33B,NL,Oost-Zuid-Holland,2018,345570.0,49.66,50.34,16.45,11.62,24.65,26.84,18.23,,,,,,,,,,21.5,39.6,38.9
NL33C,NL,Groot-Rijnmond,2018,1488475.0,49.28,50.72,15.97,12.31,27.23,25.86,16.5,,,,,,,,,,21.5,39.6,38.9
NL341,NL,Zeeuwsch-Vlaanderen,2023,106125.0,49.92,50.08,13.17,9.22,21.89,28.44,23.77,7.59,44.78,57.69,33.4,50.09,6.45,55500.0,193.2,very_high,24.1,45.6,30.4
NL342,NL,Overig Zeeland,2023,286844.0,49.75,50.25,15.18,11.1,22.48,26.79,21.46,8.12,33.45,55.2,36.89,58.64,7.71,51600.0,179.6,very_high,24.1,45.6,30.4
NL411,NL,West-Noord-Brabant,2023,653955.0,49.74,50.26,14.37,11.45,24.41,27.32,19.97,4.94,31.93,54.2,48.77,52.88,7.3,59600.0,207.5,very_high,20.4,36.5,43.1
NL412,NL,Midden-Noord-Brabant,2023,503798.0,49.94,50.06,14.81,13.08,25.14,26.72,18.09,,,,,,,,,,20.4,36.5,43.1
NL413,NL,Noordoost-Noord-Brabant,2023,672514.0,50.11,49.89,14.95,11.5,24.01,28.15,19.07,,,,,,,,,,20.4,36.5,43.1
NL414,NL,Zuidoost-Noord-Brabant,2023,816291.0,50.95,49.05,14.48,11.89,26.54,26.03,18.49,3.07,43.94,43.14,53.85,49.27,6.73,77600.0,270.2,very_high,20.4,36.5,43.1
NL421,NL,Noord-Limburg,2023,291387.0,50.41,49.59,13.36,10.86,23.39,27.93,21.66,11.05,31.07,57.65,46.95,46.14,7.13,57000.0,198.4,very_high,23.5,39.3,37.2
NL422,NL,Midden-Limburg,2023,243792.0,50.19,49.81,13.06,9.91,23.07,27.95,22.99,6.36,36.84,54.44,39.12,55.26,7.99,51300.0,178.6,very_high,23.5,39.3,37.2
NL423,NL,Zuid-Limburg,2023,600149.0,49.3,50.7,12.07,11.95,22.73,26.86,23.18,1.16,27.1,47.87,48.0,66.97,8.9,48700.0,169.5,high,23.5,39.3,37.2
NO020,NO,Innlandet,2021,377556.0,50.11,49.89,14.4,11.33,23.19,27.09,21.18,5.0,20.0,19.44,10.0,41.67,3.89,48100.0,166.3,high,20.6,37.9,41.4
NO060,NO,Trøndelag,2021,486815.0,50.69,49.31,15.95,12.86,27.27,24.61,17.08,3.67,18.78,19.59,15.51,39.18,3.67,55300.0,191.2,very_high,14.3,36.1,49.5
NO071,NO,Nordland,2021,243582.0,50.7,49.3,15.07,11.38,24.9,26.02,19.85,,,,,,,53800.0,186.0,very_high,19.8,38.3,41.9
NO074,NO,Troms og Finnmark,2023,242452.0,50.88,49.12,15.35,12.4,26.23,26.3,17.57,,,,,,,,,,19.8,38.3,41.9
NO081,NO,Oslo,2021,724290.0,49.83,50.17,15.2,11.52,36.98,22.92,11.8,,,,,,,101700.0,351.6,very_high,15.2,29.2,55.6
NO082,NO,Viken,2023,1292241.0,50.3,49.7,17.34,11.63,25.63,27.15,16.2,,,,,,,,,,15.2,29.2,55.6
NO091,NO,Vestfold og Telemark,2023,429101.0,50.04,49.96,15.89,11.36,24.07,27.28,18.95,,,,,,,,,,18.5,40.1,41.5
NO092,NO,Agder,2021,322188.0,50.27,49.73,16.77,12.89,25.54,25.51,17.08,,,,,,,49700.0,171.8,high,18.5,40.1,41.5
NO0A1,NO,Rogaland,2021,504496.0,50.74,49.26,18.19,12.59,27.52,25.16,14.69,2.64,30.19,18.87,14.34,31.32,3.4,65300.0,225.8,very_high,15.3,35.7,49.0
NO0A2,NO,Vestland,2021,655210.0,50.64,49.36,16.52,12.7,26.96,24.8,16.61,2.69,21.86,20.36,14.07,37.72,3.59,57100.0,197.4,very_high,15.3,35.7,49.0
NO0A3,NO,Møre og Romsdal,2021,272413.0,50.81,49.19,16.15,12.29,24.65,25.37,18.94,3.65,26.28,20.44,10.22,35.77,2.92,53700.0,185.7,very_high,15.3,35.7,49.0
PL213,PL,Miasto Kraków,2023,798719.0,46.9,53.1,14.11,7.62,35.7,22.65,17.27,0.7,32.94,42.38,67.51,46.03,10.44,31800.0,95.0,medium,4.1,54.0,41.9
PL214,PL,Krakowski,2023,757831.0,49.21,50.79,17.31,10.88,28.12,25.98,15.86,21.91,70.34,49.95,16.12,33.14,8.54,14300.0,42.7,very_low,4.1,54.0,41.9
PL217,PL,Tarnowski,2023,421304.0,48.83,51.17,15.36,10.76,26.54,27.17,17.6,23.57,65.58,42.13,12.04,47.02,9.66,12100.0,36.2,very_low,4.1,54.0,41.9
PL218,PL,Nowosądecki,2023,510746.0,49.35,50.65,17.95,12.2,26.77,25.71,15.27,27.04,63.02,46.22,12.23,42.05,9.44,12700.0,37.9,very_low,4.1,54.0,41.9
PL219,PL,Nowotarski,2023,318460.0,48.77,51.23,16.62,11.59,27.32,25.96,16.22,24.09,53.8,57.59,11.39,40.92,12.21,11600.0,34.7,very_low,4.1,54.0,41.9
PL21A,PL,Oświęcimski,2023,512732.0,48.59,51.41,14.54,10.12,26.13,27.45,19.27,9.7,83.38,43.05,14.05,39.82,10.01,14800.0,44.2,very_low,4.1,54.0,41.9
PL224,PL,Częstochowski,2023,471593.0,48.0,52.0,12.91,9.46,25.23,28.41,21.48,11.92,65.87,55.24,20.05,39.45,7.48,17300.0,51.7,low,4.1,57.5,38.4
PL225,PL,Bielski,2023,638022.0,48.42,51.58,15.22,10.13,26.56,27.02,18.92,6.51,76.7,45.94,24.58,38.68,7.59,18700.0,55.9,low,4.1,57.5,38.4
PL227,PL,Rybnicki,2023,580514.0,48.59,51.41,14.7,10.0,26.63,27.76,18.86,4.79,83.46,43.19,18.45,42.48,7.63,18200.0,54.4,low,4.1,57.5,38.4
PL228,PL,Bytomski,2023,398258.0,48.2,51.8,13.98,9.34,26.92,28.14,19.36,5.77,60.27,53.42,21.48,49.26,9.8,14300.0,42.7,very_low,4.1,57.5,38.4
PL229,PL,Gliwicki,2023,422023.0,48.07,51.93,13.76,8.97,27.22,27.69,19.68,2.82,68.61,43.68,38.22,39.67,7.01,26100.0,78.0,medium,4.1,57.5,38.4
PL22A,PL,Katowicki,2023,672672.0,47.59,52.41,13.29,8.72,28.53,26.9,20.03,0.48,45.28,43.65,55.3,46.04,9.26,27900.0,83.4,medium,4.1,57.5,38.4
PL22B,PL,Sosnowiecki,2023,624177.0,47.67,52.33,12.37,8.8,25.44,28.17,22.81,5.4,71.49,54.05,22.45,39.58,7.04,17400.0,52.0,low,4.1,57.5,38.4
PL22C,PL,Tyski,2023,383407.0,48.63,51.37,15.86,10.02,27.54,26.84,17.92,5.29,92.01,42.77,22.23,30.92,6.78,24400.0,72.9,low,4.1,57.5,38.4
PL411,PL,Pilski,2023,380310.0,49.1,50.9,15.04,11.13,26.82,26.72,18.47,29.69,70.89,46.96,11.13,35.57,5.76,14600.0,43.6,very_low,4.6,60.3,35.0
PL414,PL,Koniński,2023,617476.0,48.85,51.15,15.05,10.75,26.74,27.1,18.43,37.1,70.15,38.07,12.8,35.97,5.91,15400.0,46.0,very_low,4.6,60.3,35.0
PL415,PL,Miasto Poznań,2023,532887.0,46.91,53.09,13.13,7.79,34.24,23.21,18.91,1.0,41.82,42.4,54.74,50.17,9.88,38700.0,115.6,medium,4.6,60.3,35.0
PL416,PL,Kaliski,2023,637755.0,48.76,51.24,15.32,10.62,27.0,26.74,18.35,32.72,80.91,38.89,11.51,30.44,5.53,17700.0,52.9,low,4.6,60.3,35.0
PL417,PL,Leszczyński,2023,541062.0,49.17,50.83,16.51,11.04,27.73,25.92,17.13,33.91,78.26,39.49,12.6,30.08,5.66,17300.0,51.7,low,4.6,60.3,35.0
PL418,PL,Poznański,2023,723864.0,48.9,51.1,17.98,10.74,29.42,25.76,14.79,13.33,77.82,64.44,16.94,21.77,5.7,21200.0,63.3,low,4.6,60.3,35.0
PL424,PL,Miasto Szczecin,2023,382393.0,47.59,52.41,12.84,8.21,29.59,25.87,20.74,0.83,43.99,53.44,39.02,55.26,7.46,22700.0,67.8,low,6.8,53.7,39.6
PL426,PL,Koszaliński,2023,330149.0,48.18,51.82,13.55,9.53,26.48,27.39,20.78,10.1,61.66,52.98,16.71,51.17,7.38,16100.0,48.1,very_low,6.8,53.7,39.6
PL427,PL,Szczecinecko-pyrzycki,2023,373579.0,49.07,50.93,13.51,10.52,25.57,27.4,20.96,20.56,69.02,41.12,11.6,50.81,6.9,12200.0,36.5,very_low,6.8,53.7,39.6
PL428,PL,Szczeciński,2023,485774.0,49.04,50.96,14.15,10.1,26.89,27.59,19.55,13.21,68.56,55.35,14.37,42.14,6.36,14700.0,43.9,very_low,6.8,53.7,39.6
PL431,PL,Gorzowski,2023,358621.0,48.65,51.35,14.26,10.15,27.2,27.24,19.29,7.47,63.59,52.63,18.9,48.19,9.22,15300.0,45.7,very_low,6.4,62.3,31.3
PL432,PL,Zielonogórski,2023,585173.0,48.57,51.43,14.21,10.03,27.2,26.85,19.64,6.88,64.9,50.09,19.66,49.57,8.9,16300.0,48.7,very_low,6.4,62.3,31.3
PL514,PL,Miasto Wrocław,2023,672400.0,47.38,52.62,13.65,7.09,36.65,22.05,17.78,0.61,34.72,40.61,69.89,45.32,8.84,30200.0,90.2,medium,4.9,52.3,42.8
PL515,PL,Jeleniogórski,2023,503919.0,48.24,51.76,12.56,9.54,25.83,27.98,21.76,15.17,70.12,43.98,17.12,45.41,8.2,15700.0,46.9,very_low,4.9,52.3,42.8
PL516,PL,Legnicko-głogowski,2023,415243.0,48.36,51.64,14.15,9.94,26.29,27.11,20.54,10.41,82.65,41.11,19.77,37.85,8.2,23200.0,69.3,low,4.9,52.3,42.8
PL517,PL,Wałbrzyski,2023,570996.0,47.83,52.17,12.1,9.01,25.57,27.96,22.69,13.1,71.89,41.48,19.6,45.24,8.7,14200.0,42.4,very_low,4.9,52.3,42.8
PL518,PL,Wrocławski,2023,635742.0,49.14,50.86,16.83,10.13,28.83,26.16,16.44,15.78,83.2,44.43,19.6,30.14,6.86,21400.0,63.9,low,4.9,52.3,42.8
PL523,PL,Nyski,2023,329909.0,48.55,51.45,13.22,9.68,26.06,27.88,20.71,25.16,67.05,42.37,14.45,42.86,8.12,12500.0,37.4,very_low,5.6,61.4,33.1
PL524,PL,Opolski,2023,554865.0,48.23,51.77,13.91,9.07,26.74,28.47,19.09,14.72,72.54,42.25,21.66,41.54,7.29,18200.0,54.4,low,5.6,61.4,33.1
PL613,PL,Bydgosko-toruński,2023,739881.0,47.58,52.42,14.2,9.42,28.25,26.45,19.36,6.06,54.63,46.0,36.35,47.36,9.59,19600.0,58.6,low,7.1,61.4,31.6
PL616,PL,Grudziądzki,2023,356076.0,48.87,51.13,14.98,10.84,26.69,26.96,18.45,37.06,67.15,37.19,11.43,38.11,9.07,14400.0,43.0,very_low,7.1,61.4,31.6
PL617,PL,Inowrocławski,2023,330095.0,48.79,51.21,14.26,10.51,26.3,27.58,19.37,31.74,58.27,45.01,14.61,39.79,10.58,13500.0,40.3,very_low,7.1,61.4,31.6
PL618,PL,Świecki,2023,171925.0,49.33,50.67,15.47,11.25,26.37,26.56,18.5,37.15,68.64,35.26,10.5,34.99,13.46,13900.0,41.5,very_low,7.1,61.4,31.6
PL619,PL,Włocławski,2023,322463.0,48.46,51.54,13.51,10.49,25.24,28.33,20.22,38.01,56.07,37.86,13.73,43.79,10.55,13300.0,39.7,very_low,7.1,61.4,31.6
PL621,PL,Elbląski,2023,472672.0,48.97,51.03,14.46,10.82,26.3,27.23,19.15,18.9,71.45,40.14,13.96,47.02,8.53,13500.0,40.3,very_low,9.3,59.5,31.2
PL622,PL,Olsztyński,2023,559272.0,48.31,51.69,14.17,10.1,26.87,27.55,19.19,14.7,51.51,43.3,24.35,56.7,9.44,15800.0,47.2,very_low,9.3,59.5,31.2
PL623,PL,Ełcki,2023,254071.0,49.21,50.79,14.54,10.81,26.44,27.39,18.67,25.25,60.92,39.68,13.03,52.3,8.82,11500.0,34.4,very_low,9.3,59.5,31.2
PL633,PL,Trójmiejski,2023,743681.0,47.3,52.7,13.67,8.17,31.42,24.33,19.55,0.7,39.25,44.44,61.18,45.35,9.07,30100.0,89.9,medium,5.4,51.8,42.8
PL634,PL,Gdański,2023,635034.0,49.48,50.52,18.98,11.47,29.39,25.01,13.82,16.41,65.57,49.83,19.28,37.63,11.28,13100.0,39.1,very_low,5.4,51.8,42.8
PL636,PL,Słupski,2023,309653.0,48.74,51.26,15.15,10.43,26.81,26.52,19.15,16.32,74.33,39.17,16.77,45.25,8.16,14800.0,44.2,very_low,5.4,51.8,42.8
PL637,PL,Chojnicki,2023,212687.0,49.32,50.68,16.78,11.71,26.61,26.01,17.11,27.11,67.2,41.23,12.53,45.1,6.83,12800.0,38.2,very_low,5.4,51.8,42.8
PL638,PL,Starogardzki,2023,396686.0,49.07,50.93,15.56,11.21,27.19,26.66,17.59,18.38,76.81,37.01,17.36,42.97,7.48,14400.0,43.0,very_low,5.4,51.8,42.8
PL711,PL,Miasto Łódź,2023,641392.0,45.79,54.21,12.11,7.78,28.4,25.75,23.0,0.71,43.18,48.23,50.81,49.49,7.58,25300.0,75.6,medium,6.1,59.1,34.8
PL712,PL,Łódzki,2023,384855.0,47.72,52.28,14.36,9.85,25.82,28.13,19.78,13.71,69.8,59.79,16.43,34.71,5.56,16100.0,48.1,very_low,6.1,59.1,34.8
PL713,PL,Piotrkowski,2023,538482.0,48.56,51.44,14.37,10.68,25.63,27.26,19.85,23.4,70.37,46.54,14.77,39.45,5.47,19400.0,58.0,low,6.1,59.1,34.8
PL714,PL,Sieradzki,2023,414009.0,48.92,51.08,14.3,10.46,25.79,27.57,19.61,37.24,66.55,40.34,11.49,39.08,5.29,14600.0,43.6,very_low,6.1,59.1,34.8
PL715,PL,Skierniewicki,2023,333878.0,48.45,51.55,14.2,10.09,25.66,27.33,20.34,43.01,55.25,44.26,14.06,38.14,5.29,14700.0,43.9,very_low,6.1,59.1,34.8
PL721,PL,Kielecki,2023,684787.0,48.17,51.83,13.37,9.73,25.71,27.21,21.23,12.93,66.15,46.66,18.36,47.6,8.31,15500.0,46.3,very_low,6.1,58.3,35.6
PL722,PL,Sandomiersko-jędrzejowski,2023,427894.0,49.14,50.86,13.11,10.39,25.08,27.47,21.3,50.59,54.12,37.75,9.2,39.25,9.09,14100.0,42.1,very_low,6.1,58.3,35.6
PL811,PL,Bialski,2023,270225.0,49.29,50.71,14.72,11.1,25.79,26.94,19.17,49.49,40.91,50.0,10.1,44.44,5.05,12700.0,37.9,very_low,6.2,57.6,36.2
PL812,PL,Chełmsko-zamojski,2023,543081.0,48.57,51.43,12.98,10.48,25.02,27.72,21.09,55.28,40.94,39.34,11.51,46.89,6.04,11000.0,32.9,very_low,6.2,57.6,36.2
PL814,PL,Lubelski,2023,680432.0,47.62,52.38,14.92,9.89,28.09,25.93,18.86,20.15,46.36,44.44,26.95,53.78,8.32,17700.0,52.9,low,6.2,57.6,36.2
PL815,PL,Puławski,2023,426894.0,48.69,51.31,14.26,10.93,25.04,26.83,20.3,55.36,48.76,41.86,10.82,35.57,7.63,11800.0,35.3,very_low,6.2,57.6,36.2
PL821,PL,Krośnieński,2023,430415.0,48.82,51.18,14.4,10.83,25.42,27.6,19.21,18.78,65.39,41.39,13.91,49.62,10.9,11900.0,35.6,very_low,4.6,62.3,33.1
PL822,PL,Przemyski,2023,346128.0,48.79,51.21,14.31,10.92,25.82,27.59,18.95,26.24,50.83,42.38,13.57,54.15,12.82,10300.0,30.8,very_low,4.6,62.3,33.1
PL823,PL,Rzeszowski,2023,620149.0,48.91,51.09,16.75,10.43,28.99,25.27,16.26,12.26,55.65,45.89,27.54,49.29,9.37,17400.0,52.0,low,4.6,62.3,33.1
PL824,PL,Tarnobrzeski,2023,550370.0,48.98,51.02,14.73,10.61,26.32,27.12,18.77,16.48,79.95,41.11,14.54,39.51,8.41,15300.0,45.7,very_low,4.6,62.3,33.1
PL841,PL,Białostocki,2023,487214.0,47.97,52.03,15.37,9.43,28.17,26.35,18.11,22.42,46.6,46.35,25.78,51.3,7.56,17100.0,51.1,low,7.6,55.2,37.2
PL842,PL,Łomżyński,2023,345601.0,49.33,50.67,14.32,10.31,25.42,27.22,19.77,65.17,50.33,30.88,10.09,37.2,6.32,14300.0,42.7,very_low,7.6,55.2,37.2
PL843,PL,Suwalski,2023,240808.0,49.22,50.78,14.71,10.78,26.11,27.56,18.27,59.18,47.52,39.69,11.14,36.21,6.27,13700.0,40.9,very_low,7.6,55.2,37.2
PL911,PL,Miasto Warszawa,2023,1875287.0,46.5,53.5,14.66,8.17,33.81,23.55,16.87,0.5,28.37,42.67,73.66,45.96,8.85,55100.0,164.6,high,2.0,33.4,64.7
PL912,PL,Warszawski wschodni,2023,695641.0,48.51,51.49,17.73,10.96,27.98,26.3,15.33,11.05,62.51,47.16,24.76,47.16,7.37,15200.0,45.4,very_low,2.0,33.4,64.7
PL913,PL,Warszawski zachodni,2023,728027.0,48.42,51.58,17.36,10.54,27.86,26.77,15.78,6.32,57.39,64.84,28.03,35.76,7.66,24300.0,72.6,low,2.0,33.4,64.7
PL921,PL,Radomski,2023,558575.0,48.73,51.27,14.78,10.8,26.15,26.57,19.44,31.07,57.44,38.97,15.62,50.55,6.34,15700.0,46.9,very_low,6.1,62.0,31.8
PL922,PL,Ciechanowski,2023,317859.0,49.14,50.86,15.14,10.93,26.58,26.88,18.35,45.0,56.09,37.19,13.28,42.81,5.62,15900.0,47.5,very_low,6.1,62.0,31.8
PL923,PL,Płocki,2023,301682.0,48.38,51.62,14.11,10.47,26.02,27.93,19.4,23.73,61.07,40.36,19.35,47.77,7.71,31500.0,94.1,medium,6.1,62.0,31.8
PL924,PL,Ostrołęcki,2023,357441.0,49.52,50.48,15.96,11.34,26.57,26.36,17.58,39.61,54.66,44.44,12.97,42.93,5.38,15600.0,46.6,very_low,6.1,62.0,31.8
PL925,PL,Siedlecki,2023,395631.0,49.28,50.72,16.63,11.0,26.71,25.45,17.96,38.68,57.36,42.22,12.18,44.23,5.32,16000.0,47.8,very_low,6.1,62.0,31.8
PL926,PL,Żyrardowski,2023,253967.0,48.63,51.37,15.49,10.49,26.86,26.61,18.49,40.17,52.52,52.7,16.7,32.7,5.22,17200.0,51.4,low,6.1,62.0,31.8
PT111,PT,Alto Minho,2023,234645.0,47.51,52.49,10.81,9.42,21.82,28.74,24.49,13.92,66.76,44.1,20.95,42.51,11.76,21200.0,73.8,low,43.6,27.4,29.1
PT112,PT,Cávado,2023,433039.0,48.33,51.67,12.65,10.82,24.98,30.2,18.43,8.19,76.02,41.02,26.44,36.42,11.92,23000.0,80.1,medium,43.6,27.4,29.1
PT119,PT,Ave,2023,423255.0,48.51,51.49,11.98,10.2,23.83,30.89,20.17,5.82,94.13,38.87,19.83,31.22,10.13,22100.0,76.9,medium,43.6,27.4,29.1
PT11A,PT,Área Metropolitana do Porto,2023,1818217.0,47.63,52.37,12.21,10.1,24.32,29.91,20.37,4.16,51.01,51.51,43.44,38.2,11.68,25900.0,90.2,medium,43.6,27.4,29.1
PT11B,PT,Alto Tâmega,2023,83445.0,47.91,52.09,8.74,8.24,18.21,28.15,30.5,41.5,38.77,39.02,13.08,56.58,11.1,18300.0,63.7,low,43.6,27.4,29.1
PT11C,PT,Tâmega e Sousa,2023,409078.0,48.51,51.49,11.91,11.17,24.22,31.34,18.64,7.98,100.03,35.67,13.05,33.33,9.94,17400.0,60.6,low,43.6,27.4,29.1
PT11D,PT,Douro,2023,183867.0,47.82,52.18,9.97,9.4,20.49,29.86,25.4,54.67,30.57,37.99,13.0,54.05,9.75,20500.0,71.4,low,43.6,27.4,29.1
PT11E,PT,Terras de Trás-os-Montes,2023,107296.0,48.12,51.88,9.35,8.33,20.06,27.58,28.48,60.56,25.33,35.9,11.88,57.77,8.54,19300.0,67.2,low,43.6,27.4,29.1
PT150,PT,Algarve,2023,492747.0,48.51,51.49,13.56,10.02,23.72,28.54,20.84,15.97,25.28,77.14,31.21,38.31,12.1,29300.0,102.0,medium,39.1,34.4,26.5
PT16B,PT,Oeste,2018,379085.0,48.33,51.67,13.19,10.47,23.34,28.77,20.75,,,,,,,,,,52.9,23.1,24.0
PT16D,PT,Região de Aveiro,2018,376760.0,48.09,51.91,12.71,10.07,23.8,29.48,20.48,,,,,,,,,,52.9,23.1,24.0
PT16E,PT,Região de Coimbra,2018,441446.0,47.37,52.63,11.43,9.38,21.64,29.41,23.58,,,,,,,,,,52.9,23.1,24.0
PT16F,PT,Região de Leiria,2018,292139.0,48.18,51.82,12.45,10.26,22.76,28.99,21.65,,,,,,,,,,52.9,23.1,24.0
PT16G,PT,Viseu Dão Lafões,2018,253638.0,47.47,52.53,11.46,9.98,21.19,28.45,24.33,,,,,,,,,,52.9,23.1,24.0
PT16H,PT,Beira Baixa,2018,81101.0,47.86,52.14,10.35,8.41,19.49,28.22,26.91,,,,,,,,,,52.9,23.1,24.0
PT16I,PT,Médio Tejo,2018,231874.0,47.6,52.4,11.44,9.92,20.47,29.02,23.72,,,,,,,,,,52.9,23.1,24.0
PT16J,PT,Beiras e Serra da Estrela,2018,208913.0,47.65,52.35,9.81,8.79,19.14,28.82,27.26,,,,,,,,,,52.9,23.1,24.0
PT170,PT,Área Metropolitana de Lisboa,2018,2921564.0,47.11,52.89,14.54,10.68,25.07,27.73,18.84,,,,,,,,,,38.1,28.8,33.1
PT181,PT,Alentejo Litoral,2018,99763.0,51.4,48.6,11.98,8.87,25.41,27.51,21.92,,,,,,,,,,52.8,27.1,20.1
PT184,PT,Baixo Alentejo,2018,115513.0,49.11,50.89,12.88,9.87,21.2,28.85,22.59,,,,,,,,,,52.8,27.1,20.1
PT185,PT,Lezíria do Tejo,2018,244259.0,48.06,51.94,12.92,10.5,22.26,28.81,21.45,,,,,,,,,,52.8,27.1,20.1
PT186,PT,Alto Alentejo,2018,104304.0,47.54,52.46,11.89,9.59,19.78,29.14,23.68,,,,,,,,,,52.8,27.1,20.1
PT187,PT,Alentejo Central,2018,153155.0,48.13,51.87,12.34,9.74,21.53,29.38,21.97,,,,,,,,,,52.8,27.1,20.1
PT200,PT,Região Autónoma dos Açores,2023,241718.0,48.85,51.15,13.97,11.57,26.93,29.64,15.93,24.6,28.75,48.4,19.05,61.82,17.38,23800.0,82.9,medium,57.8,24.6,17.6
PT300,PT,Região Autónoma da Madeira,2023,259440.0,47.5,52.5,11.94,11.05,23.67,32.01,18.76,19.68,27.16,59.79,25.85,55.14,12.39,29000.0,101.0,medium,51.7,25.9,22.4
RO111,RO,Bihor,2023,556894.0,48.93,51.07,16.09,11.57,25.72,27.75,17.22,39.35,69.58,53.14,9.57,22.61,5.76,14800.0,51.5,low,20.7,61.0,18.3
RO112,RO,Bistriţa-Năsăud,2023,297211.0,49.85,50.15,17.04,11.97,25.35,27.69,16.31,59.84,64.87,40.69,6.37,25.32,2.94,11700.0,40.7,very_low,20.7,61.0,18.3
RO113,RO,Cluj,2023,697374.0,48.42,51.58,15.05,10.0,29.16,26.13,17.52,21.37,61.97,55.34,26.84,29.25,5.22,27000.0,94.0,medium,20.7,61.0,18.3
RO114,RO,Maramureş,2023,450925.0,49.12,50.88,15.27,11.63,25.59,28.57,17.31,37.54,78.45,42.62,7.87,27.5,6.02,12900.0,44.9,very_low,20.7,61.0,18.3
RO115,RO,Satu Mare,2023,330466.0,48.71,51.29,15.99,11.85,25.38,28.91,16.52,53.64,65.72,41.93,7.54,26.73,4.46,12500.0,43.5,very_low,20.7,61.0,18.3
RO116,RO,Sălaj,2023,211140.0,49.21,50.79,16.53,11.26,23.18,28.61,18.51,58.76,61.8,39.84,6.91,28.21,4.49,13900.0,48.4,very_low,20.7,61.0,18.3
RO121,RO,Alba,2023,325260.0,49.45,50.55,14.19,10.74,23.69,29.39,19.72,40.09,80.62,40.94,7.11,26.94,4.3,16800.0,58.5,low,20.5,61.3,18.2
RO122,RO,Braşov,2023,560277.0,48.47,51.53,16.76,10.72,25.44,26.05,18.99,25.46,77.33,53.58,14.67,23.76,5.21,21400.0,74.5,low,20.5,61.3,18.2
RO123,RO,Covasna,2023,199606.0,49.32,50.68,16.38,11.79,24.66,27.78,17.63,44.7,71.22,46.36,6.8,27.11,3.82,12900.0,44.9,very_low,20.5,61.3,18.2
RO124,RO,Harghita,2023,291871.0,49.43,50.57,16.28,11.62,24.75,27.59,17.86,37.91,70.49,44.41,8.51,32.17,6.51,13400.0,46.7,very_low,20.5,61.3,18.2
RO125,RO,Mureş,2023,519574.0,49.13,50.87,16.15,11.9,23.96,27.92,18.0,26.99,71.05,53.75,10.03,32.88,5.32,14500.0,50.5,low,20.5,61.3,18.2
RO126,RO,Sibiu,2023,394963.0,48.62,51.38,16.5,11.2,25.98,26.6,17.85,20.82,89.4,48.06,12.04,23.39,6.3,19800.0,68.9,low,20.5,61.3,18.2
RO211,RO,Bacău,2023,591999.0,49.28,50.72,16.49,12.42,23.0,28.0,17.93,71.85,59.66,40.81,6.55,17.65,3.48,12500.0,43.5,very_low,24.4,62.3,13.3
RO212,RO,Botoşani,2023,388291.0,50.18,49.82,15.85,12.9,24.66,28.04,16.1,85.46,46.47,36.63,4.99,23.58,2.87,8800.0,30.6,very_low,24.4,62.3,13.3
RO213,RO,Iaşi,2023,780271.0,49.34,50.66,19.12,13.8,25.39,24.48,15.32,66.38,43.0,44.77,16.11,24.35,5.39,15500.0,54.0,low,24.4,62.3,13.3
RO214,RO,Neamţ,2023,445750.0,48.91,51.09,15.55,11.58,21.99,28.69,19.5,93.41,42.34,40.14,5.68,15.89,2.54,11500.0,40.0,very_low,24.4,62.3,13.3
RO215,RO,Suceava,2023,645930.0,49.51,50.49,19.14,12.67,23.9,26.42,15.66,74.71,41.76,50.36,5.94,20.1,7.14,9900.0,34.5,very_low,24.4,62.3,13.3
RO216,RO,Vaslui,2023,365977.0,50.6,49.4,17.44,13.63,21.33,27.82,17.49,114.74,34.09,25.87,3.83,19.54,1.94,8300.0,28.9,very_low,24.4,62.3,13.3
RO221,RO,Brăila,2023,271655.0,48.63,51.37,12.82,10.9,21.12,31.02,21.34,71.61,56.58,34.39,7.4,24.84,5.16,13300.0,46.3,very_low,28.3,57.3,14.5
RO222,RO,Buzău,2023,395517.0,48.95,51.05,13.89,11.09,21.91,29.69,20.63,63.1,62.88,37.28,7.32,26.77,2.67,12000.0,41.8,very_low,28.3,57.3,14.5
RO223,RO,Constanţa,2023,656082.0,48.41,51.59,15.8,11.2,24.52,28.23,18.44,34.33,54.87,62.62,13.3,29.05,5.85,19600.0,68.2,low,28.3,57.3,14.5
RO224,RO,Galaţi,2023,489056.0,48.93,51.07,15.1,11.4,22.54,29.44,19.38,28.53,71.83,48.06,14.16,31.76,5.66,11400.0,39.7,very_low,28.3,57.3,14.5
RO225,RO,Tulcea,2023,187619.0,49.56,50.44,14.08,11.3,21.61,30.59,20.65,72.6,52.7,35.64,6.46,28.83,3.79,15300.0,53.3,low,28.3,57.3,14.5
RO226,RO,Vrancea,2023,331236.0,49.26,50.74,15.62,11.72,23.25,28.38,18.53,57.55,64.42,32.95,7.69,34.23,3.15,10600.0,36.9,very_low,28.3,57.3,14.5
RO311,RO,Argeş,2023,561990.0,48.66,51.34,13.86,10.22,23.54,31.07,19.03,20.86,90.46,45.76,14.67,23.4,4.85,15800.0,55.0,low,21.7,64.9,13.4
RO312,RO,Călăraşi,2023,278602.0,49.47,50.53,15.55,11.8,23.17,28.98,18.23,82.49,51.34,32.62,6.62,24.6,2.33,9100.0,31.7,very_low,21.7,64.9,13.4
RO313,RO,Dâmboviţa,2023,476523.0,49.28,50.72,14.58,11.25,24.67,29.37,17.99,27.98,71.44,49.65,13.62,33.18,4.15,12200.0,42.5,very_low,21.7,64.9,13.4
RO314,RO,Giurgiu,2023,261198.0,49.65,50.35,14.6,10.57,24.16,29.41,18.8,51.68,41.03,58.81,10.12,32.99,5.4,8700.0,30.3,very_low,21.7,64.9,13.4
RO315,RO,Ialomiţa,2023,248786.0,49.43,50.57,16.9,12.17,21.1,29.09,18.44,87.07,40.37,39.62,8.49,21.96,2.51,11400.0,39.7,very_low,21.7,64.9,13.4
RO316,RO,Prahova,2023,685562.0,48.47,51.53,13.56,10.87,22.71,30.7,19.55,20.72,80.12,55.87,16.11,23.62,3.57,16500.0,57.4,low,21.7,64.9,13.4
RO317,RO,Teleorman,2023,313033.0,49.39,50.61,12.54,10.2,20.57,30.14,23.29,74.02,40.97,40.43,12.81,29.67,2.13,11200.0,39.0,very_low,21.7,64.9,13.4
RO321,RO,Bucureşti,2023,1709191.0,46.29,53.71,15.11,9.33,29.15,26.81,17.4,0.77,39.42,61.9,53.35,36.28,8.28,54800.0,190.8,very_high,7.1,52.6,40.3
RO322,RO,Ilfov,2023,604264.0,48.54,51.46,17.13,10.05,31.99,27.39,12.13,3.91,49.16,94.25,27.75,18.69,6.25,17500.0,60.9,low,7.1,52.6,40.3
RO411,RO,Dolj,2023,595229.0,48.53,51.47,15.11,10.88,24.3,28.67,18.81,63.02,44.97,49.03,11.69,27.26,4.04,14300.0,49.8,very_low,20.3,63.3,16.4
RO412,RO,Gorj,2023,307702.0,49.58,50.42,12.78,10.73,24.23,32.19,17.97,58.81,63.89,38.23,11.16,25.36,2.57,20100.0,70.0,low,20.3,63.3,16.4
RO413,RO,Mehedinţi,2023,229220.0,49.24,50.76,13.15,10.86,21.98,31.27,20.47,68.47,55.6,37.1,6.04,29.95,2.86,13700.0,47.7,very_low,20.3,63.3,16.4
RO414,RO,Olt,2023,375641.0,49.55,50.45,12.74,10.38,22.94,31.23,20.29,78.45,58.16,28.59,6.7,25.88,2.24,10700.0,37.3,very_low,20.3,63.3,16.4
RO415,RO,Vâlcea,2023,340236.0,49.0,51.0,12.79,10.27,21.72,30.9,20.82,61.9,56.29,45.83,7.61,25.42,2.95,14300.0,49.8,very_low,20.3,63.3,16.4
RO421,RO,Arad,2023,410320.0,48.94,51.06,15.19,10.9,24.76,28.83,18.45,18.12,88.6,54.96,10.92,22.77,4.64,16600.0,57.8,low,13.5,66.1,20.4
RO422,RO,Caraş-Severin,2023,242232.0,48.88,51.12,13.19,10.94,21.82,29.62,22.17,28.04,66.97,48.42,8.13,40.1,8.35,15000.0,52.2,low,13.5,66.1,20.4
RO423,RO,Hunedoara,2023,351253.0,48.44,51.56,12.73,10.2,21.06,32.19,21.51,16.77,79.66,57.34,9.54,32.19,4.53,14900.0,51.9,low,13.5,66.1,20.4
RO424,RO,Timiş,2023,667225.0,48.47,51.53,15.67,10.1,28.55,26.73,17.25,15.27,80.48,56.92,16.47,25.0,5.86,23800.0,82.9,medium,13.5,66.1,20.4
RS110,RS,City of Belgrade,2023,1682015.0,47.25,52.75,15.29,9.77,27.45,26.94,18.61,9.41,32.94,52.68,58.34,34.98,11.66,19300.0,57.7,low,6.5,48.8,44.6
RS121,RS,Zapadnobačka oblast,2023,150317.0,48.82,51.18,13.16,9.82,22.25,29.71,23.08,65.02,50.13,34.63,14.06,27.24,8.9,7200.0,21.5,very_low,17.2,58.1,24.7
RS122,RS,Južnobanatska oblast,2023,256492.0,49.08,50.92,14.42,10.26,24.01,28.05,21.54,56.28,57.43,35.18,14.46,29.56,7.12,10200.0,30.5,very_low,17.2,58.1,24.7
RS123,RS,Južnobačka oblast,2023,607370.0,48.09,51.91,15.66,10.83,27.28,26.52,18.07,26.86,49.6,46.35,33.28,33.07,10.83,13300.0,39.7,very_low,17.2,58.1,24.7
RS124,RS,Severnobanatska oblast,2023,114991.0,48.63,51.37,13.85,10.01,22.48,29.24,22.56,63.24,61.41,31.25,9.02,28.44,6.68,8700.0,26.0,very_low,17.2,58.1,24.7
RS125,RS,Severnobačka oblast,2023,157170.0,48.29,51.71,14.51,10.12,23.83,28.45,21.35,39.53,62.29,44.14,17.12,27.44,9.47,9900.0,29.6,very_low,17.2,58.1,24.7
RS126,RS,Srednjobanatska oblast,2023,154418.0,49.02,50.98,14.32,10.0,22.74,29.13,21.96,61.65,52.83,36.31,13.53,28.15,7.56,6500.0,19.4,very_low,17.2,58.1,24.7
RS127,RS,Sremska oblast,2023,279669.0,49.51,50.49,14.43,9.78,24.09,28.47,21.45,41.64,81.24,42.53,9.55,19.19,5.81,11500.0,34.4,very_low,17.2,58.1,24.7
RS211,RS,Zlatiborska oblast,2023,249487.0,49.62,50.38,13.75,10.38,22.11,29.06,22.75,99.49,43.36,25.95,7.02,19.9,4.28,7900.0,23.6,very_low,18.6,60.2,21.3
RS212,RS,Kolubarska oblast,2023,151616.0,49.59,50.41,13.56,9.93,23.16,28.89,22.39,88.69,51.3,27.53,8.19,18.63,5.68,8400.0,25.1,very_low,18.6,60.2,21.3
RS213,RS,Mačvanska oblast,2023,260256.0,49.4,50.6,13.87,10.39,23.01,29.21,22.0,92.13,47.21,29.06,8.1,18.65,4.86,5500.0,16.4,very_low,18.6,60.2,21.3
RS214,RS,Moravička oblast,2023,185913.0,49.1,50.9,13.84,10.06,22.61,28.53,22.68,84.01,49.51,32.96,9.74,19.31,4.46,8900.0,26.6,very_low,18.6,60.2,21.3
RS215,RS,Pomoravska oblast,2023,177228.0,48.67,51.33,12.43,10.03,22.41,27.87,25.01,75.56,47.84,31.81,10.36,26.85,7.59,6700.0,20.0,very_low,18.6,60.2,21.3
RS216,RS,Rasinska oblast,2023,202252.0,49.18,50.82,12.78,10.13,21.99,28.39,24.54,91.5,47.63,25.05,9.18,22.03,4.62,6500.0,19.4,very_low,18.6,60.2,21.3
RS217,RS,Raška oblast,2023,296153.0,49.75,50.25,17.37,12.66,24.87,26.27,17.36,65.3,45.08,37.99,10.62,34.07,6.98,5800.0,17.3,very_low,18.6,60.2,21.3
RS218,RS,Šumadijska oblast,2023,266573.0,48.69,51.31,14.11,10.31,24.41,27.09,22.28,60.45,54.81,34.53,13.14,30.9,6.18,7900.0,23.6,very_low,18.6,60.2,21.3
RS221,RS,Borska oblast,2023,97353.0,48.97,51.03,11.81,8.94,21.22,28.91,27.05,65.32,70.3,25.13,8.94,25.03,5.3,23900.0,71.4,low,17.8,59.6,22.6
RS222,RS,Braničevska oblast,2023,152211.0,49.28,50.72,12.31,9.65,22.42,27.74,25.82,96.37,31.67,29.66,10.33,25.24,6.76,7300.0,21.8,very_low,17.8,59.6,22.6
RS223,RS,Zaječarska oblast,2023,93310.0,48.85,51.15,11.14,8.9,20.74,28.35,28.13,93.97,37.82,26.97,8.57,27.7,4.93,6100.0,18.2,very_low,17.8,59.6,22.6
RS224,RS,Jablanička oblast,2023,180035.0,50.0,50.0,13.53,10.67,23.62,29.19,21.17,83.84,54.74,24.84,6.62,24.6,5.37,5500.0,16.4,very_low,17.8,59.6,22.6
RS225,RS,Nišavska oblast,2023,340169.0,48.91,51.09,13.81,10.03,25.57,27.52,21.0,46.8,53.74,34.87,19.15,39.15,6.3,8400.0,25.1,very_low,17.8,59.6,22.6
RS226,RS,Pirotska oblast,2023,74424.0,50.46,49.54,11.92,9.09,22.02,29.15,25.35,70.41,55.85,27.45,13.78,26.73,5.75,7500.0,22.4,very_low,17.8,59.6,22.6
RS227,RS,Podunavska oblast,2023,172263.0,49.47,50.53,14.14,10.64,23.72,27.91,22.03,69.82,58.94,33.04,8.51,23.67,6.05,7700.0,23.0,very_low,17.8,59.6,22.6
RS228,RS,Pčinjska oblast,2023,190507.0,50.21,49.79,14.85,11.47,25.89,28.77,17.76,79.03,47.22,25.94,6.82,34.14,6.79,4900.0,14.6,very_low,17.8,59.6,22.6
RS229,RS,Toplička oblast,2023,75591.0,50.61,49.39,14.81,10.57,22.49,28.55,21.8,98.14,48.48,16.88,3.99,28.19,4.28,6200.0,18.5,very_low,17.8,59.6,22.6
SE110,SE,Stockholms län,2024,2473307.0,50.07,49.93,17.24,11.27,29.58,25.01,14.77,0.9,25.69,43.08,63.04,55.46,11.86,72300.0,251.7,very_high,9.8,30.6,59.6
SE121,SE,Uppsala län,2024,407912.0,49.76,50.24,16.88,13.68,27.69,22.65,16.7,5.02,31.42,31.25,43.4,79.31,9.59,51200.0,178.2,very_high,13.0,40.7,46.4
SE122,SE,Södermanlands län,2024,301542.0,50.17,49.83,17.21,11.04,23.57,24.59,20.52,5.52,43.7,34.76,23.49,82.3,10.24,38600.0,134.4,high,13.0,40.7,46.4
SE123,SE,Östergötlands län,2024,472446.0,50.62,49.38,16.52,12.45,25.59,24.02,18.48,5.7,41.13,33.19,41.86,69.93,8.17,48600.0,169.2,high,13.0,40.7,46.4
SE124,SE,Örebro län,2024,308375.0,50.08,49.92,16.72,12.15,25.03,23.95,19.32,4.68,43.67,35.72,25.73,81.38,8.81,45900.0,159.8,high,13.0,40.7,46.4
SE125,SE,Västmanlands län,2024,281158.0,50.43,49.57,17.03,10.96,25.31,24.41,19.13,4.02,50.64,34.36,31.05,72.34,7.57,40000.0,139.3,high,13.0,40.7,46.4
SE211,SE,Jönköpings län,2024,370009.0,50.78,49.22,17.58,11.74,25.09,24.01,18.5,7.73,55.71,39.7,19.67,69.99,7.19,44600.0,155.3,high,12.8,44.1,43.1
SE212,SE,Kronobergs län,2024,203351.0,51.0,49.0,17.28,12.27,24.6,23.81,18.82,9.68,49.5,35.62,30.01,68.32,6.87,49800.0,173.4,high,12.8,44.1,43.1
SE213,SE,Kalmar län,2024,246352.0,50.42,49.58,15.94,10.4,22.63,24.7,22.68,12.08,48.67,32.85,19.93,77.01,9.46,39500.0,137.5,high,12.8,44.1,43.1
SE214,SE,Gotlands län,2024,60971.0,49.71,50.29,14.9,10.59,21.85,25.19,23.88,14.97,33.54,41.75,21.35,74.75,13.72,40000.0,139.3,high,12.8,44.1,43.1
SE221,SE,Blekinge län,2024,157223.0,50.95,49.05,15.74,11.52,22.67,25.16,21.28,7.48,50.2,25.94,23.64,85.01,7.72,45900.0,159.8,high,11.7,35.9,52.4
SE224,SE,Skåne län,2024,1428626.0,49.86,50.14,17.26,11.83,26.43,24.39,17.39,4.93,33.63,42.67,38.12,70.74,9.92,45200.0,157.4,high,11.7,35.9,52.4
SE231,SE,Hallands län,2024,345074.0,50.08,49.92,17.36,11.34,23.21,25.03,19.88,7.86,40.69,45.22,25.45,70.62,10.2,40100.0,139.6,high,11.4,38.9,49.7
SE232,SE,Västra Götalands län,2024,1772821.0,50.44,49.56,16.75,11.51,27.28,24.17,17.57,4.28,41.62,41.27,37.07,66.79,8.95,52600.0,183.1,very_high,11.4,38.9,49.7
SE311,SE,Värmlands län,2024,283384.0,50.35,49.65,15.68,10.93,23.65,24.6,21.59,9.5,42.69,37.6,23.8,77.52,8.87,42000.0,146.2,high,12.9,44.9,42.2
SE312,SE,Dalarnas län,2024,286546.0,50.64,49.36,16.11,10.36,23.18,24.28,22.58,10.12,47.16,33.97,20.25,78.25,10.22,40100.0,139.6,high,12.9,44.9,42.2
SE313,SE,Gävleborgs län,2024,284558.0,50.35,49.65,15.71,10.67,23.19,25.08,22.08,8.83,45.82,32.48,24.32,79.13,9.4,38300.0,133.3,high,12.9,44.9,42.2
SE321,SE,Västernorrlands län,2024,241458.0,50.53,49.47,15.66,10.67,22.98,25.31,22.0,9.83,41.47,33.14,29.89,75.7,9.97,49900.0,173.7,high,11.9,49.0,39.2
SE322,SE,Jämtlands län,2024,132839.0,50.66,49.34,16.25,10.75,24.34,24.29,21.3,14.5,31.47,35.12,25.59,83.76,9.53,41600.0,144.8,high,11.9,49.0,39.2
SE331,SE,Västerbottens län,2024,281138.0,50.95,49.05,16.1,12.47,27.01,22.74,18.88,10.12,45.55,30.58,29.18,76.32,8.23,48400.0,168.5,high,7.1,45.1,47.9
SE332,SE,Norrbottens län,2024,248620.0,51.39,48.61,14.95,10.94,24.25,24.56,21.94,8.27,48.53,32.62,26.95,75.98,7.62,53900.0,187.6,very_high,7.1,45.1,47.9
SI031,SI,Pomurska,2022,113172.0,49.87,50.13,12.64,7.98,22.77,30.71,23.2,27.86,67.94,34.45,12.55,43.4,5.17,21800.0,75.9,medium,12.1,57.0,30.9
SI032,SI,Podravska,2022,331815.0,50.74,49.26,13.44,9.98,24.68,29.1,20.1,14.96,63.74,35.96,31.51,38.1,5.81,26100.0,90.9,medium,12.1,57.0,30.9
SI033,SI,Koroška,2022,70358.0,50.75,49.25,13.97,8.69,23.8,29.56,21.29,22.2,83.65,29.5,15.2,36.41,4.43,22700.0,79.0,medium,12.1,57.0,30.9
SI034,SI,Savinjska,2022,262814.0,50.84,49.16,14.59,9.13,25.21,29.21,19.34,17.09,78.77,41.96,18.62,30.12,4.22,27100.0,94.3,medium,12.1,57.0,30.9
SI035,SI,Zasavska,2022,57083.0,50.2,49.8,13.74,8.81,24.62,28.91,21.2,17.9,74.39,29.41,24.82,38.13,4.36,17100.0,59.5,low,12.1,57.0,30.9
SI036,SI,Posavska,2022,75993.0,50.79,49.21,14.56,8.75,24.08,29.36,20.37,32.99,72.99,31.18,16.46,33.02,4.77,26300.0,91.6,medium,12.1,57.0,30.9
SI037,SI,Jugovzhodna Slovenija,2022,148670.0,51.19,48.81,16.14,9.2,25.45,28.12,18.32,20.39,84.25,31.77,18.74,33.23,3.46,28800.0,100.3,medium,12.1,57.0,30.9
SI038,SI,Primorsko-notranjska,2022,53826.0,51.69,48.31,14.63,8.76,24.48,29.03,20.11,23.77,70.71,37.28,20.06,34.12,4.04,20300.0,70.7,low,12.1,57.0,30.9
SI041,SI,Osrednjeslovenska,2022,569475.0,49.47,50.53,15.16,11.85,25.82,27.37,16.96,4.25,41.59,41.29,51.69,41.93,7.24,47500.0,165.4,high,9.7,51.4,38.8
SI042,SI,Gorenjska,2022,209921.0,50.29,49.71,15.17,10.1,24.75,27.99,18.91,9.97,79.71,41.38,20.64,30.74,5.93,26500.0,92.3,medium,9.7,51.4,38.8
SI043,SI,Goriška,2022,118096.0,50.7,49.3,14.24,8.4,23.12,29.22,21.38,16.87,73.13,34.32,19.73,34.0,10.79,28000.0,97.5,medium,9.7,51.4,38.8
SI044,SI,Obalno-kraška,2022,119627.0,50.0,50.0,13.29,9.34,23.66,29.54,21.0,9.76,41.1,60.19,30.81,37.53,7.45,28900.0,100.6,medium,9.7,51.4,38.8
SK010,SK,Bratislavský kraj,2023,736385.0,48.19,51.81,16.69,8.08,29.12,27.39,17.05,1.94,34.61,53.13,62.4,40.06,7.86,48800.0,169.9,high,2.3,45.1,52.6
SK021,SK,Trnavský kraj,2023,565900.0,48.95,51.05,14.72,9.03,27.48,29.42,17.87,5.1,66.66,56.42,31.11,34.71,5.99,26300.0,91.6,medium,4.9,70.5,24.6
SK022,SK,Trenčiansky kraj,2023,565572.0,49.1,50.9,14.02,8.92,26.58,29.47,19.2,4.65,83.08,49.56,24.48,33.23,4.99,19400.0,67.5,low,4.9,70.5,24.6
SK023,SK,Nitriansky kraj,2023,665600.0,48.8,51.2,13.7,9.1,26.76,29.89,18.88,8.36,69.6,51.83,28.11,36.63,5.47,21600.0,75.2,medium,4.9,70.5,24.6
SK031,SK,Žilinský kraj,2023,686063.0,49.25,50.75,15.74,10.31,27.91,27.93,16.6,5.21,72.19,48.13,29.42,39.54,5.51,21300.0,74.2,low,5.1,68.1,26.9
SK032,SK,Banskobystrický kraj,2023,611124.0,48.64,51.36,14.7,9.93,26.44,29.04,18.29,9.29,61.3,43.07,30.3,49.51,6.53,18100.0,63.0,low,5.1,68.1,26.9
SK041,SK,Prešovský kraj,2023,810008.0,49.48,50.52,18.25,11.63,27.76,25.82,15.11,6.93,72.67,45.35,21.29,46.94,6.83,14500.0,50.5,low,10.2,65.1,24.7
SK042,SK,Košický kraj,2023,778799.0,48.88,51.12,17.23,11.29,27.38,26.63,15.95,5.7,51.93,54.21,31.08,50.46,6.63,19800.0,68.9,low,10.2,65.1,24.7
TR100,TR,İstanbul,2024,15701602.0,49.81,50.19,19.4,14.76,33.52,24.03,7.65,,,,,,,22600.0,78.7,medium,45.1,23.6,31.3
TR211,TR,Tekirdağ,2024,1187162.0,50.95,49.05,20.0,13.28,32.25,24.27,9.51,,,,,,,17000.0,59.2,low,51.5,24.3,24.3
TR212,TR,Edirne,2024,421247.0,50.23,49.77,14.18,13.83,27.05,27.72,15.81,,,,,,,11700.0,40.7,very_low,51.5,24.3,24.3
TR213,TR,Kırklareli,2024,379031.0,50.68,49.32,14.86,12.49,28.61,27.79,14.96,,,,,,,14900.0,51.9,low,51.5,24.3,24.3
TR221,TR,Balıkesir,2024,1276096.0,49.68,50.32,15.59,11.8,26.6,28.53,16.09,,,,,,,12900.0,44.9,very_low,51.8,22.3,25.9
TR222,TR,Çanakkale,2024,568966.0,49.54,50.46,15.06,12.85,27.16,27.75,15.76,,,,,,,13600.0,47.3,very_low,51.8,22.3,25.9
TR310,TR,İzmir,2024,4493242.0,49.49,50.51,16.92,12.87,29.98,26.93,12.27,,,,,,,15600.0,54.3,low,44.9,23.5,31.6
TR321,TR,Aydın,2024,1165943.0,49.56,50.44,17.62,12.74,27.12,26.94,14.31,,,,,,,10900.0,37.9,very_low,52.0,21.7,26.3
TR322,TR,Denizli,2024,1061371.0,49.69,50.31,18.21,13.5,28.94,26.55,11.74,,,,,,,11600.0,40.4,very_low,52.0,21.7,26.3
TR323,TR,Muğla,2024,1081867.0,50.75,49.25,16.45,12.12,29.21,28.06,12.86,,,,,,,14800.0,51.5,low,52.0,21.7,26.3
TR331,TR,Manisa,2024,1475353.0,50.11,49.89,19.01,13.01,28.94,25.89,12.16,,,,,,,12800.0,44.6,very_low,60.4,20.1,19.5
TR332,TR,Afyonkarahisar,2024,750193.0,50.02,49.98,19.84,14.91,28.12,24.48,11.71,,,,,,,9500.0,33.1,very_low,60.4,20.1,19.5
TR333,TR,Kütahya,2024,571078.0,49.29,50.71,16.0,14.37,27.48,27.05,14.01,,,,,,,11400.0,39.7,very_low,60.4,20.1,19.5
TR334,TR,Uşak,2024,375310.0,49.61,50.39,17.15,14.0,28.15,26.52,13.05,,,,,,,11200.0,39.0,very_low,60.4,20.1,19.5
TR411,TR,Bursa,2024,3238618.0,49.93,50.07,19.91,13.27,30.76,25.21,10.1,,,,,,,13900.0,48.4,very_low,48.7,25.2,26.1
TR412,TR,Eskişehir,2024,921630.0,49.64,50.36,16.57,14.18,29.64,26.47,12.13,,,,,,,14900.0,51.9,low,48.7,25.2,26.1
TR413,TR,Bilecik,2024,228495.0,50.56,49.44,17.86,14.53,29.38,25.21,11.86,,,,,,,14800.0,51.5,low,48.7,25.2,26.1
TR421,TR,Kocaeli,2024,2130006.0,50.37,49.63,21.48,14.12,32.61,23.17,8.05,,,,,,,22200.0,77.3,medium,47.7,25.1,27.2
TR422,TR,Sakarya,2024,1110735.0,50.14,49.86,19.7,14.8,29.47,24.69,10.57,,,,,,,13500.0,47.0,very_low,47.7,25.1,27.2
TR423,TR,Düzce,2024,412344.0,49.96,50.04,19.14,14.93,28.73,25.34,11.0,,,,,,,12700.0,44.2,very_low,47.7,25.1,27.2
TR424,TR,Bolu,2024,326409.0,49.87,50.13,16.04,15.6,28.01,25.23,13.79,,,,,,,15400.0,53.6,low,47.7,25.1,27.2
TR425,TR,Yalova,2024,307882.0,49.87,50.13,18.65,14.18,28.33,25.28,12.56,,,,,,,14100.0,49.1,very_low,47.7,25.1,27.2
TR510,TR,Ankara,2024,5864049.0,49.25,50.75,18.48,14.7,31.25,25.15,9.62,,,,,,,22200.0,77.3,medium,39.2,25.4,35.4
TR521,TR,Konya,2024,2330024.0,49.66,50.34,21.86,15.89,28.75,22.69,10.02,,,,,,,10900.0,37.9,very_low,57.4,18.9,23.7
TR522,TR,Karaman,2024,262791.0,49.79,50.21,19.99,15.89,28.18,23.76,11.03,,,,,,,13300.0,46.3,very_low,57.4,18.9,23.7
TR611,TR,Antalya,2024,2722103.0,50.33,49.67,19.31,13.73,30.95,25.92,9.37,,,,,,,15800.0,55.0,low,47.8,24.3,27.8
TR612,TR,Isparta,2024,446409.0,49.33,50.67,16.95,15.65,26.94,25.47,13.73,,,,,,,10900.0,37.9,very_low,47.8,24.3,27.8
TR613,TR,Burdur,2024,275826.0,50.01,49.99,15.68,15.34,25.98,26.06,15.22,,,,,,,11000.0,38.3,very_low,47.8,24.3,27.8
TR621,TR,Adana,2024,2280484.0,50.03,49.97,22.61,14.62,29.09,23.65,9.39,,,,,,,9900.0,34.5,very_low,55.6,21.6,22.8
TR622,TR,Mersin,2024,1954279.0,50.14,49.86,21.15,14.11,28.98,24.88,10.1,,,,,,,12500.0,43.5,very_low,55.6,21.6,22.8
TR631,TR,Hatay,2024,1562185.0,50.69,49.31,24.92,15.33,28.07,22.76,8.22,,,,,,,9800.0,34.1,very_low,60.5,19.1,20.4
TR632,TR,Kahramanmaraş,2024,1134105.0,50.94,49.06,24.5,16.26,28.37,21.3,8.81,,,,,,,9600.0,33.4,very_low,60.5,19.1,20.4
TR633,TR,Osmaniye,2024,561061.0,50.33,49.67,23.79,15.57,27.5,23.1,9.38,,,,,,,8900.0,31.0,very_low,60.5,19.1,20.4
TR711,TR,Kırıkkale,2024,283053.0,50.15,49.85,16.79,16.18,26.65,26.39,13.0,,,,,,,12300.0,42.8,very_low,59.1,21.0,19.9
TR712,TR,Aksaray,2024,439474.0,50.0,50.0,22.58,15.56,28.93,22.38,9.79,,,,,,,11400.0,39.7,very_low,59.1,21.0,19.9
TR713,TR,Niğde,2024,372708.0,49.96,50.04,21.13,16.52,27.26,23.65,10.52,,,,,,,10200.0,35.5,very_low,59.1,21.0,19.9
TR714,TR,Nevşehir,2024,317952.0,49.25,50.75,18.93,15.77,27.88,24.29,12.08,,,,,,,10300.0,35.9,very_low,59.1,21.0,19.9
TR715,TR,Kırşehir,2024,244546.0,49.67,50.33,17.63,15.38,26.81,25.84,13.26,,,,,,,9800.0,34.1,very_low,59.1,21.0,19.9
TR721,TR,Kayseri,2024,1452458.0,49.96,50.04,21.36,15.43,29.26,23.5,9.71,,,,,,,11300.0,39.3,very_low,54.8,22.1,23.1
TR722,TR,Sivas,2024,637007.0,49.87,50.13,18.47,15.95,27.06,24.02,13.37,,,,,,,9900.0,34.5,very_low,54.8,22.1,23.1
TR723,TR,Yozgat,2024,413161.0,50.17,49.83,17.83,14.93,26.83,25.01,14.22,,,,,,,8500.0,29.6,very_low,54.8,22.1,23.1
TR811,TR,Zonguldak,2024,586802.0,49.64,50.36,15.12,13.43,26.78,28.84,14.79,,,,,,,10300.0,35.9,very_low,58.3,21.8,19.9
TR812,TR,Karabük,2024,250478.0,50.28,49.72,14.88,16.83,26.41,26.57,14.13,,,,,,,10400.0,36.2,very_low,58.3,21.8,19.9
TR813,TR,Bartın,2024,206715.0,49.65,50.35,14.66,14.39,26.37,28.13,15.33,,,,,,,9000.0,31.3,very_low,58.3,21.8,19.9
TR821,TR,Kastamonu,2024,381991.0,49.57,50.43,14.69,12.95,25.31,26.84,18.58,,,,,,,11100.0,38.6,very_low,61.4,20.9,17.8
TR822,TR,Çankırı,2024,199981.0,50.2,49.8,16.25,14.45,25.42,26.19,16.22,,,,,,,12100.0,42.1,very_low,61.4,20.9,17.8
TR823,TR,Sinop,2024,226957.0,49.69,50.31,15.06,12.62,24.43,27.05,19.02,,,,,,,9000.0,31.3,very_low,61.4,20.9,17.8
TR831,TR,Samsun,2024,1382376.0,49.49,50.51,18.07,13.8,27.92,26.53,12.63,,,,,,,10400.0,36.2,very_low,57.4,20.3,22.3
TR832,TR,Tokat,2024,612674.0,49.71,50.29,17.43,14.34,25.95,26.4,14.72,,,,,,,7400.0,25.8,very_low,57.4,20.3,22.3
TR833,TR,Çorum,2024,521335.0,49.69,50.31,17.03,12.61,26.29,26.84,15.77,,,,,,,9200.0,32.0,very_low,57.4,20.3,22.3
TR834,TR,Amasya,2024,342378.0,50.17,49.83,16.55,13.09,27.48,26.44,15.0,,,,,,,9700.0,33.8,very_low,57.4,20.3,22.3
TR901,TR,Trabzon,2024,822270.0,49.63,50.37,18.0,13.72,27.38,26.1,13.4,,,,,,,9700.0,33.8,very_low,56.5,22.1,21.4
TR902,TR,Ordu,2024,770711.0,49.89,50.11,17.04,12.16,26.48,27.77,15.02,,,,,,,8300.0,28.9,very_low,56.5,22.1,21.4
TR903,TR,Giresun,2024,455922.0,50.03,49.97,14.99,12.42,25.46,28.05,16.92,,,,,,,8700.0,30.3,very_low,56.5,22.1,21.4
TR904,TR,Rize,2024,346977.0,50.01,49.99,16.84,13.1,27.32,27.72,13.55,,,,,,,10000.0,34.8,very_low,56.5,22.1,21.4
TR905,TR,Artvin,2024,169280.0,49.96,50.04,14.98,13.02,26.12,27.25,16.79,,,,,,,11000.0,38.3,very_low,56.5,22.1,21.4
TR906,TR,Gümüşhane,2024,142617.0,50.12,49.88,15.84,17.69,26.77,24.29,13.8,,,,,,,8100.0,28.2,very_low,56.5,22.1,21.4
TRA11,TR,Erzurum,2024,745005.0,49.89,50.11,23.06,17.71,28.62,20.62,9.18,,,,,,,9000.0,31.3,very_low,52.9,22.3,24.9
TRA12,TR,Erzincan,2024,241239.0,50.96,49.04,17.79,15.6,29.32,23.4,12.61,,,,,,,11100.0,38.6,very_low,52.9,22.3,24.9
TRA13,TR,Bayburt,2024,83676.0,50.62,49.38,18.05,19.14,28.63,21.49,11.49,,,,,,,9300.0,32.4,very_low,52.9,22.3,24.9
TRA21,TR,Ağrı,2024,499801.0,51.79,48.21,31.27,19.71,28.82,14.39,5.41,,,,,,,5500.0,19.1,very_low,71.2,13.7,15.1
TRA22,TR,Kars,2024,272300.0,51.47,48.53,23.69,18.25,28.94,19.5,8.78,,,,,,,8500.0,29.6,very_low,71.2,13.7,15.1
TRA23,TR,Iğdır,2024,206857.0,51.96,48.04,26.22,18.42,29.91,17.51,7.29,,,,,,,7400.0,25.8,very_low,71.2,13.7,15.1
TRA24,TR,Ardahan,2024,91354.0,52.1,47.9,18.48,15.2,27.82,23.61,13.63,,,,,,,10800.0,37.6,very_low,71.2,13.7,15.1
TRB11,TR,Malatya,2024,750491.0,50.17,49.83,20.13,15.36,28.21,24.23,11.0,,,,,,,10300.0,35.9,very_low,59.0,20.2,20.7
TRB12,TR,Elazığ,2024,603941.0,49.4,50.6,20.25,15.32,28.7,24.2,10.54,,,,,,,9800.0,34.1,very_low,59.0,20.2,20.7
TRB13,TR,Bingöl,2024,283276.0,50.32,49.68,24.49,16.11,31.46,19.53,7.67,,,,,,,7800.0,27.2,very_low,59.0,20.2,20.7
TRB14,TR,Tunceli,2024,86612.0,52.24,47.76,13.93,12.42,30.91,25.77,14.9,,,,,,,13500.0,47.0,very_low,59.0,20.2,20.7
TRB21,TR,Van,2024,1118087.0,50.94,49.06,30.04,18.97,31.19,14.73,4.75,,,,,,,5700.0,19.8,very_low,71.9,14.5,13.6
TRB22,TR,Muş,2024,392301.0,50.83,49.17,30.99,19.45,28.26,15.06,5.8,,,,,,,6500.0,22.6,very_low,71.9,14.5,13.6
TRB23,TR,Bitlis,2024,359808.0,51.73,48.27,29.69,18.65,30.19,15.42,5.59,,,,,,,6500.0,22.6,very_low,71.9,14.5,13.6
TRB24,TR,Hakkari,2024,282191.0,52.87,47.13,26.03,20.79,35.25,13.6,3.94,,,,,,,8600.0,29.9,very_low,71.9,14.5,13.6
TRC11,TR,Gaziantep,2024,2193363.0,50.44,49.56,29.35,17.31,29.49,17.74,5.68,,,,,,,8900.0,31.0,very_low,62.4,17.5,20.1
TRC12,TR,Adıyaman,2024,611037.0,50.66,49.34,26.67,15.97,28.56,19.85,8.18,,,,,,,9200.0,32.0,very_low,62.4,17.5,20.1
TRC13,TR,Kilis,2024,156739.0,50.5,49.5,26.57,18.44,28.42,18.45,7.39,,,,,,,7100.0,24.7,very_low,62.4,17.5,20.1
TRC21,TR,Şanlıurfa,2024,2237745.0,50.49,49.51,37.33,18.43,26.94,12.94,4.01,,,,,,,5300.0,18.5,very_low,72.8,13.9,13.4
TRC22,TR,Diyarbakır,2024,1833684.0,50.52,49.48,30.42,17.44,30.7,15.98,4.96,,,,,,,6900.0,24.0,very_low,72.8,13.9,13.4
TRC31,TR,Mardin,2024,895911.0,50.26,49.74,31.43,17.84,29.7,15.05,5.23,,,,,,,7000.0,24.4,very_low,67.2,16.7,16.1
TRC32,TR,Batman,2024,654528.0,50.65,49.35,30.6,18.68,30.93,14.76,4.57,,,,,,,6600.0,23.0,very_low,67.2,16.7,16.1
TRC33,TR,Şırnak,2024,570826.0,52.03,47.97,33.36,20.61,31.4,10.94,3.29,,,,,,,8600.0,29.9,very_low,67.2,16.7,16.1
TRC34,TR,Siirt,2024,336453.0,51.13,48.87,30.66,20.32,29.73,13.53,5.27,,,,,,,7400.0,25.8,very_low,67.2,16.7,16.1
UKC11,UK,Hartlepool and Stockton-on-Tees,2019,290998.0,49.11,50.89,18.48,11.22,24.9,26.82,16.22,,,,,,,,,,24.6,43.6,31.8
UKC12,UK,South Teesside,2019,276988.0,49.0,51.0,18.43,12.41,23.93,25.93,16.95,,,,,,,,,,24.6,43.6,31.8
UKC13,UK,Darlington,2019,106522.0,48.7,51.3,17.74,10.32,24.21,27.37,17.64,,,,,,,,,,24.6,43.6,31.8
UKC14,UK,Durham CC,2019,527035.0,49.19,50.81,16.21,12.34,23.11,27.6,18.38,,,,,,,,,,24.6,43.6,31.8
UKC21,UK,Northumberland,2019,319010.0,48.79,51.21,15.21,9.44,21.27,29.53,21.59,,,,,,,,,,23.3,40.7,36.0
UKC22,UK,Tyneside,2019,858694.0,49.38,50.62,16.68,13.85,26.12,25.33,15.62,,,,,,,,,,23.3,40.7,36.0
UKC23,UK,Sunderland,2019,277733.0,48.76,51.24,16.56,11.68,24.78,27.45,17.32,,,,,,,,,,23.3,40.7,36.0
UKD11,UK,West Cumbria,2019,232618.0,49.58,50.42,15.9,9.97,21.83,29.19,20.33,,,,,,,,,,18.1,45.7,36.2
UKD12,UK,East Cumbria,2019,265465.0,49.1,50.9,15.04,9.7,20.53,29.4,21.85,,,,,,,,,,18.1,45.7,36.2
UKD33,UK,Manchester,2019,553230.0,50.7,49.3,19.35,18.63,34.33,18.43,8.12,,,,,,,,,,20.5,38.3,41.2
UKD34,UK,Greater Manchester South West,2019,492658.0,49.72,50.28,19.69,11.29,28.62,24.6,13.61,,,,,,,,,,20.5,38.3,41.2
UKD35,UK,Greater Manchester South East,2019,517992.0,49.04,50.96,18.68,10.14,25.21,26.92,16.62,,,,,,,,,,20.5,38.3,41.2
UKD36,UK,Greater Manchester North West,2019,612383.0,49.72,50.28,18.78,11.05,25.27,26.65,16.3,,,,,,,,,,20.5,38.3,41.2
UKD37,UK,Greater Manchester North East,2019,645740.0,49.18,50.82,20.4,11.53,25.84,25.33,14.91,,,,,,,,,,20.5,38.3,41.2
UKD41,UK,Blackburn with Darwen,2019,148753.0,50.13,49.87,21.68,12.73,26.56,24.46,12.97,,,,,,,,,,21.3,40.8,37.9
UKD42,UK,Blackpool,2019,139098.0,49.57,50.43,17.45,10.98,23.12,28.03,17.78,,,,,,,,,,21.3,40.8,37.9
UKD44,UK,Lancaster and Wyre,2019,254791.0,49.15,50.85,15.54,13.58,21.25,26.38,20.15,,,,,,,,,,21.3,40.8,37.9
UKD45,UK,Mid Lancashire,2019,391144.0,49.6,50.4,17.18,11.8,23.19,27.23,17.92,,,,,,,,,,21.3,40.8,37.9
UKD46,UK,East Lancashire,2019,330381.0,49.4,50.6,19.5,10.7,25.04,26.08,16.48,,,,,,,,,,21.3,40.8,37.9
UKD47,UK,Chorley and West Lancashire,2019,231151.0,49.33,50.67,16.75,11.77,22.73,27.77,18.57,,,,,,,,,,21.3,40.8,37.9
UKD61,UK,Warrington,2019,210829.0,49.64,50.36,17.84,10.4,25.37,27.76,16.5,,,,,,,,,,16.5,38.0,45.5
UKD62,UK,Cheshire East,2019,380694.0,48.95,51.05,16.79,9.54,21.79,28.93,19.8,,,,,,,,,,16.5,38.0,45.5
UKD63,UK,Cheshire West and Chester,2019,339824.0,48.71,51.29,16.79,11.03,22.81,27.83,18.77,,,,,,,,,,16.5,38.0,45.5
UKD71,UK,East Merseyside,2019,457712.0,48.54,51.46,18.29,10.94,24.7,27.22,16.74,,,,,,,,,,20.8,41.1,38.1
UKD72,UK,Liverpool,2019,496784.0,49.9,50.1,16.42,16.53,29.52,22.8,12.87,,,,,,,,,,20.8,41.1,38.1
UKD73,UK,Sefton,2019,275562.0,48.19,51.81,16.34,10.0,21.94,28.35,19.94,,,,,,,,,,20.8,41.1,38.1
UKD74,UK,Wirral,2019,323266.0,48.43,51.57,17.64,10.11,22.96,27.58,18.77,,,,,,,,,,20.8,41.1,38.1
UKE11,UK,"Kingston upon Hull, City of",2019,261149.0,50.37,49.63,18.86,13.67,28.58,23.88,13.24,,,,,,,,,,26.3,43.8,29.9
UKE12,UK,East Riding of Yorkshire,2019,339625.0,49.07,50.93,15.3,9.41,19.82,29.56,22.76,,,,,,,,,,26.3,43.8,29.9
UKE13,UK,North and North East Lincolnshire,2019,331871.0,49.36,50.64,17.82,10.29,23.75,27.41,18.08,,,,,,,,,,26.3,43.8,29.9
UKE21,UK,York,2019,210235.0,49.13,50.87,14.8,17.61,25.65,23.65,15.7,,,,,,,,,,18.4,40.2,41.4
UKE22,UK,North Yorkshire CC,2019,613819.0,49.25,50.75,15.81,9.32,20.99,29.43,21.25,,,,,,,,,,18.4,40.2,41.4
UKE31,UK,"Barnsley, Doncaster and Rotherham",2019,820943.0,49.44,50.56,17.98,10.61,24.88,27.19,17.02,,,,,,,,,,19.5,42.0,38.5
UKE32,UK,Sheffield,2019,584028.0,49.77,50.23,17.14,16.92,26.91,22.89,13.91,,,,,,,,,,19.5,42.0,38.5
UKE41,UK,Bradford,2019,536986.0,49.29,50.71,22.31,12.64,26.31,23.81,12.97,,,,,,,,,,24.6,37.3,38.1
UKE42,UK,Leeds,2019,792525.0,49.11,50.89,18.37,15.99,27.4,22.71,13.52,,,,,,,,,,24.6,37.3,38.1
UKE44,UK,Calderdale and Kirklees,2019,651117.0,49.43,50.57,18.96,11.68,24.96,26.46,15.78,,,,,,,,,,24.6,37.3,38.1
UKE45,UK,Wakefield,2019,343932.0,49.2,50.8,17.93,10.23,25.32,27.41,16.84,,,,,,,,,,24.6,37.3,38.1
UKF11,UK,Derby,2019,258746.0,49.54,50.46,19.79,13.36,26.71,23.81,13.89,,,,,,,,,,19.2,42.5,38.2
UKF12,UK,East Derbyshire,2019,285393.0,49.06,50.94,15.93,10.18,23.08,28.72,19.45,,,,,,,,,,19.2,42.5,38.2
UKF13,UK,South and West Derbyshire,2019,510300.0,49.17,50.83,16.18,10.06,22.88,29.3,18.93,,,,,,,,,,19.2,42.5,38.2
UKF14,UK,Nottingham,2019,331297.0,50.79,49.21,17.93,22.65,28.0,19.82,9.98,,,,,,,,,,19.2,42.5,38.2
UKF15,UK,North Nottinghamshire,2019,475079.0,49.29,50.71,17.25,10.34,23.72,28.08,18.19,,,,,,,,,,19.2,42.5,38.2
UKF16,UK,South Nottinghamshire,2019,349566.0,49.2,50.8,16.85,10.35,24.43,27.33,18.25,,,,,,,,,,19.2,42.5,38.2
UKF21,UK,Leicester,2019,357394.0,50.08,49.92,20.41,17.85,29.12,20.65,10.34,,,,,,,,,,19.6,41.4,39.0
UKF22,UK,Leicestershire CC and Rutland,2019,736439.0,49.55,50.45,16.76,11.87,23.12,27.42,18.15,,,,,,,,,,19.6,41.4,39.0
UKF24,UK,West Northamptonshire,2019,403687.0,49.6,50.4,19.16,11.01,25.43,26.7,15.56,,,,,,,,,,19.6,41.4,39.0
UKF25,UK,North Northamptonshire,2019,346244.0,49.24,50.76,19.34,10.17,24.83,27.07,16.35,,,,,,,,,,19.6,41.4,39.0
UKF30,UK,Lincolnshire,2019,756920.0,48.98,51.02,16.23,10.79,22.04,27.41,20.61,,,,,,,,,,18.7,46.9,34.4
UKG11,UK,"Herefordshire, County of",2019,192214.0,49.54,50.46,15.77,9.42,22.25,28.12,21.19,,,,,,,,,,17.9,40.2,41.9
UKG12,UK,Worcestershire,2019,592158.0,49.21,50.79,16.7,10.31,22.78,27.53,19.65,,,,,,,,,,17.9,40.2,41.9
UKG13,UK,Warwickshire,2019,568167.0,49.46,50.54,17.05,10.89,24.07,27.02,18.16,,,,,,,,,,17.9,40.2,41.9
UKG21,UK,Telford and Wrekin,2019,177450.0,49.72,50.28,19.27,12.13,25.2,26.18,15.41,,,,,,,,,,18.2,42.7,39.1
UKG22,UK,Shropshire CC,2019,319189.0,49.63,50.37,15.34,9.88,21.33,28.87,21.36,,,,,,,,,,18.2,42.7,39.1
UKG23,UK,Stoke-on-Trent,2019,256127.0,50.15,49.85,19.37,12.44,26.34,24.74,15.16,,,,,,,,,,18.2,42.7,39.1
UKG24,UK,Staffordshire CC,2019,874190.0,49.75,50.25,16.17,10.8,23.31,27.94,19.17,,,,,,,,,,18.2,42.7,39.1
UKG31,UK,Birmingham,2019,1148862.0,49.5,50.5,21.51,16.09,28.37,21.06,11.07,,,,,,,,,,26.6,38.1,35.3
UKG32,UK,Solihull,2019,215055.0,48.67,51.33,18.37,10.42,23.09,26.95,18.02,,,,,,,,,,26.6,38.1,35.3
UKG33,UK,Coventry,2019,369461.0,50.72,49.28,18.63,17.39,30.14,20.21,11.74,,,,,,,,,,26.6,38.1,35.3
UKG36,UK,Dudley,2019,320320.0,49.03,50.97,18.19,10.85,24.19,26.34,17.84,,,,,,,,,,26.6,38.1,35.3
UKG37,UK,Sandwell,2019,328774.0,49.59,50.41,21.34,11.84,27.76,24.01,13.05,,,,,,,,,,26.6,38.1,35.3
UKG38,UK,Walsall,2019,283663.0,49.16,50.84,20.32,11.75,25.64,24.59,15.36,,,,,,,,,,26.6,38.1,35.3
UKG39,UK,Wolverhampton,2019,262242.0,49.63,50.37,20.04,11.75,27.04,24.47,14.24,,,,,,,,,,26.6,38.1,35.3
UKH11,UK,Peterborough,2019,201799.0,50.22,49.78,21.98,10.57,29.2,23.48,12.75,,,,,,,,,,20.1,40.8,39.1
UKH12,UK,Cambridgeshire CC,2019,653412.0,50.06,49.94,17.62,12.2,25.07,26.1,16.39,,,,,,,,,,20.1,40.8,39.1
UKH14,UK,Suffolk,2019,760472.0,49.45,50.55,16.94,10.03,22.77,26.88,20.09,,,,,,,,,,20.1,40.8,39.1
UKH15,UK,Norwich and East Norfolk,2019,370822.0,49.34,50.66,16.09,13.28,24.48,24.97,18.18,,,,,,,,,,20.1,40.8,39.1
UKH16,UK,North and West Norfolk,2019,257538.0,48.87,51.13,15.09,8.95,19.66,27.57,24.79,,,,,,,,,,20.1,40.8,39.1
UKH17,UK,Breckland and South Norfolk,2019,277633.0,49.24,50.76,16.67,9.48,21.94,27.33,21.25,,,,,,,,,,20.1,40.8,39.1
UKH21,UK,Luton,2019,218045.0,50.7,49.3,22.96,12.3,30.72,21.64,10.64,,,,,,,,,,16.2,36.4,47.3
UKH23,UK,Hertfordshire,2019,1194634.0,48.96,51.04,19.42,10.58,26.82,26.14,14.46,,,,,,,,,,16.2,36.4,47.3
UKH24,UK,Bedford,2019,173237.0,49.45,50.55,19.62,10.93,25.53,26.23,15.12,,,,,,,,,,16.2,36.4,47.3
UKH25,UK,Central Bedfordshire,2019,285931.0,49.35,50.65,18.77,9.65,26.42,27.26,15.79,,,,,,,,,,16.2,36.4,47.3
UKH31,UK,Southend-on-Sea,2019,183453.0,48.99,51.01,18.37,10.29,25.59,26.36,16.44,,,,,,,,,,23.5,39.8,36.7
UKH32,UK,Thurrock,2019,173405.0,49.33,50.67,21.83,10.94,28.85,24.48,12.29,,,,,,,,,,23.5,39.8,36.7
UKH34,UK,Essex Haven Gateway,2019,492514.0,49.06,50.94,17.17,11.26,23.51,26.13,19.06,,,,,,,,,,23.5,39.8,36.7
UKH35,UK,West Essex,2019,308522.0,48.62,51.38,19.08,10.17,25.14,27.13,15.71,,,,,,,,,,23.5,39.8,36.7
UKH36,UK,Heart of Essex,2019,319145.0,49.17,50.83,17.27,10.19,24.34,27.47,17.84,,,,,,,,,,23.5,39.8,36.7
UKH37,UK,Essex Thames Gateway,2019,364848.0,48.69,51.31,17.87,10.6,24.17,26.69,18.04,,,,,,,,,,23.5,39.8,36.7
UKI31,UK,Camden and City of London,2019,270016.0,50.72,49.28,16.48,14.06,36.04,21.21,10.52,,,,,,,,,,9.3,17.8,72.8
UKI32,UK,Westminster,2019,253137.0,52.36,47.64,15.82,11.66,37.28,22.82,10.73,,,,,,,,,,9.3,17.8,72.8
UKI33,UK,Kensington & Chelsea and Hammersmith & Fulham,2019,339909.0,49.77,50.23,16.4,11.18,35.36,23.93,11.49,,,,,,,,,,9.3,17.8,72.8
UKI34,UK,Wandsworth,2019,327451.0,48.02,51.98,17.27,10.02,43.73,19.5,8.28,,,,,,,,,,9.3,17.8,72.8
UKI41,UK,Hackney and Newham,2019,638859.0,51.57,48.43,20.51,12.23,40.65,19.11,6.63,,,,,,,,,,13.4,22.8,63.8
UKI42,UK,Tower Hamlets,2019,319821.0,52.31,47.69,19.17,14.02,44.1,16.42,5.52,,,,,,,,,,13.4,22.8,63.8
UKI43,UK,Haringey and Islington,2019,516586.0,50.54,49.46,17.08,13.42,38.82,21.23,8.32,,,,,,,,,,13.4,22.8,63.8
UKI44,UK,Lewisham and Southwark,2019,627380.0,49.67,50.33,18.68,11.57,38.62,22.32,7.66,,,,,,,,,,13.4,22.8,63.8
UKI45,UK,Lambeth,2019,328244.0,50.33,49.67,16.53,11.11,43.42,20.7,7.16,,,,,,,,,,13.4,22.8,63.8
UKI51,UK,Bexley and Greenwich,2019,538801.0,49.44,50.56,20.31,11.4,31.43,23.68,11.3,,,,,,,,,,17.7,35.5,46.7
UKI52,UK,Barking & Dagenham and Havering,2019,476061.0,48.65,51.35,22.31,11.53,29.0,23.1,11.86,,,,,,,,,,17.7,35.5,46.7
UKI53,UK,Redbridge and Waltham Forest,2019,587575.0,50.39,49.61,21.07,11.37,33.43,22.54,9.95,,,,,,,,,,17.7,35.5,46.7
UKI54,UK,Enfield,2019,338201.0,48.96,51.04,21.59,11.57,29.6,24.14,11.27,,,,,,,,,,17.7,35.5,46.7
UKI61,UK,Bromley,2019,334536.0,48.07,51.93,19.3,9.44,27.66,26.2,14.7,,,,,,,,,,14.0,30.7,55.3
UKI62,UK,Croydon,2019,389473.0,48.57,51.43,20.98,10.78,29.26,25.44,11.7,,,,,,,,,,14.0,30.7,55.3
UKI63,UK,"Merton, Kingston upon Thames and Sutton",2019,592763.0,49.11,50.89,19.77,10.48,31.5,24.41,11.85,,,,,,,,,,14.0,30.7,55.3
UKI71,UK,Barnet,2019,395839.0,49.59,50.41,20.15,10.88,30.99,23.62,12.1,,,,,,,,,,12.7,26.7,60.7
UKI72,UK,Brent,2019,331616.0,51.01,48.99,20.1,12.08,32.29,23.4,10.53,,,,,,,,,,12.7,26.7,60.7
UKI73,UK,Ealing,2019,344837.0,50.33,49.67,20.53,10.9,31.59,24.17,11.11,,,,,,,,,,12.7,26.7,60.7
UKI74,UK,Harrow and Hillingdon,2019,559903.0,50.13,49.87,20.36,11.67,29.94,23.65,12.31,,,,,,,,,,12.7,26.7,60.7
UKI75,UK,Hounslow and Richmond upon Thames,2019,471248.0,49.9,50.1,20.37,10.04,31.28,24.74,11.81,,,,,,,,,,12.7,26.7,60.7
UKJ11,UK,Berkshire,2019,915157.0,49.84,50.16,20.27,11.18,27.47,25.66,13.32,,,,,,,,,,13.6,33.4,53.0
UKJ12,UK,Milton Keynes,2019,271677.0,49.49,50.51,21.87,10.12,29.5,24.66,12.26,,,,,,,,,,13.6,33.4,53.0
UKJ13,UK,Buckinghamshire CC,2019,543128.0,48.99,51.01,19.41,10.28,24.19,27.3,16.11,,,,,,,,,,13.6,33.4,53.0
UKJ14,UK,Oxfordshire,2019,687466.0,49.88,50.12,17.79,12.96,25.38,25.47,15.78,,,,,,,,,,13.6,33.4,53.0
UKJ21,UK,Brighton and Hove,2019,292169.0,50.35,49.65,14.71,17.43,30.61,23.93,11.24,,,,,,,,,,14.6,34.0,51.4
UKJ22,UK,East Sussex CC,2019,558626.0,48.46,51.54,16.0,9.8,20.43,28.01,21.83,,,,,,,,,,14.6,34.0,51.4
UKJ25,UK,West Surrey,2019,791570.0,49.3,50.7,18.61,11.55,24.8,26.59,15.55,,,,,,,,,,14.6,34.0,51.4
UKJ26,UK,East Surrey,2019,404293.0,48.77,51.23,18.54,9.71,24.13,27.71,16.81,,,,,,,,,,14.6,34.0,51.4
UKJ27,UK,West Sussex (South West),2019,457549.0,48.24,51.76,15.89,9.54,21.14,27.36,22.06,,,,,,,,,,14.6,34.0,51.4
UKJ28,UK,West Sussex (North East),2019,405631.0,49.11,50.89,18.62,9.69,25.05,27.33,16.41,,,,,,,,,,14.6,34.0,51.4
UKJ31,UK,Portsmouth,2019,216023.0,50.97,49.03,17.65,17.62,28.06,22.57,12.12,,,,,,,,,,16.3,36.8,46.8
UKJ32,UK,Southampton,2019,254361.0,51.16,48.84,17.46,19.54,29.29,20.43,11.36,,,,,,,,,,16.3,36.8,46.8
UKJ34,UK,Isle of Wight,2019,141606.0,49.01,50.99,14.65,9.5,19.21,28.69,24.19,,,,,,,,,,16.3,36.8,46.8
UKJ35,UK,South Hampshire,2019,460523.0,48.93,51.07,16.95,10.51,23.36,27.43,18.66,,,,,,,,,,16.3,36.8,46.8
UKJ36,UK,Central Hampshire,2019,551640.0,48.4,51.6,16.51,10.3,20.64,28.2,20.66,,,,,,,,,,16.3,36.8,46.8
UKJ37,UK,North Hampshire,2019,368897.0,49.74,50.26,18.91,10.09,26.49,27.21,15.13,,,,,,,,,,16.3,36.8,46.8
UKJ41,UK,Medway,2019,280894.0,49.52,50.48,19.56,12.1,27.01,25.38,14.13,,,,,,,,,,20.2,36.9,42.9
UKJ43,UK,Kent Thames Gateway,2019,366135.0,49.32,50.68,19.81,10.67,26.34,25.91,15.06,,,,,,,,,,20.2,36.9,42.9
UKJ44,UK,East Kent,2019,538428.0,49.14,50.86,16.17,13.06,21.81,26.12,19.74,,,,,,,,,,20.2,36.9,42.9
UKJ45,UK,Mid Kent,2019,300082.0,49.04,50.96,18.93,10.34,24.64,26.71,16.85,,,,,,,,,,20.2,36.9,42.9
UKJ46,UK,West Kent,2019,369178.0,48.94,51.06,18.97,9.9,23.53,27.69,17.03,,,,,,,,,,20.2,36.9,42.9
UKK11,UK,"Bristol, City of",2019,467099.0,50.16,49.84,17.75,16.49,32.95,19.87,11.0,,,,,,,,,,17.8,36.5,45.7
UKK12,UK,"Bath and North East Somerset, North Somerset and South Gloucestershire",2019,690838.0,49.27,50.73,16.96,12.77,23.85,25.94,17.6,,,,,,,,,,17.8,36.5,45.7
UKK13,UK,Gloucestershire,2019,635249.0,49.02,50.98,16.95,10.77,23.01,27.8,18.59,,,,,,,,,,17.8,36.5,45.7
UKK14,UK,Swindon,2019,222517.0,49.87,50.13,19.35,10.39,27.0,27.2,13.95,,,,,,,,,,17.8,36.5,45.7
UKK15,UK,Wiltshire CC,2019,500865.0,49.45,50.55,17.79,9.97,22.71,28.12,18.5,,,,,,,,,,17.8,36.5,45.7
UKK23,UK,Somerset,2019,560631.0,48.87,51.13,16.55,9.76,21.01,28.05,21.17,,,,,,,,,,18.5,39.8,41.7
UKK30,UK,Cornwall and Isles of Scilly,2019,568612.0,48.58,51.42,15.99,10.62,20.5,28.07,21.71,,,,,,,,,,16.9,40.1,42.9
UKK41,UK,Plymouth,2019,264135.0,49.82,50.18,17.01,15.21,25.11,24.34,15.87,,,,,,,,,,16.6,42.2,41.2
UKK42,UK,Torbay,2019,136051.0,48.67,51.33,15.84,9.46,20.06,28.09,22.85,,,,,,,,,,16.6,42.2,41.2
UKK43,UK,Devon CC,2019,795012.0,48.84,51.16,15.4,10.73,21.04,27.49,21.76,,,,,,,,,,16.6,42.2,41.2
UKL11,UK,Isle of Anglesey,2019,70073.0,49.19,50.81,16.38,9.33,20.76,27.67,22.51,,,,,,,,,,21.6,40.3,38.0
UKL12,UK,Gwynedd,2019,124147.0,49.82,50.18,15.84,14.6,21.32,25.19,19.58,,,,,,,,,,21.6,40.3,38.0
UKL13,UK,Conwy and Denbighshire,2019,212675.0,49.03,50.97,16.13,9.64,20.26,27.87,22.43,,,,,,,,,,21.6,40.3,38.0
UKL14,UK,South West Wales,2019,386480.0,49.26,50.74,15.78,11.87,20.52,27.19,21.34,,,,,,,,,,21.6,40.3,38.0
UKL15,UK,Central Valleys,2019,299239.0,49.05,50.95,17.66,11.87,25.15,26.09,17.0,,,,,,,,,,21.6,40.3,38.0
UKL16,UK,Gwent Valleys,2019,343280.0,48.94,51.06,17.42,11.02,24.65,26.89,17.71,,,,,,,,,,21.6,40.3,38.0
UKL17,UK,Bridgend and Neath Port Talbot,2019,286272.0,49.33,50.67,16.67,10.71,24.35,27.39,18.35,,,,,,,,,,21.6,40.3,38.0
UKL18,UK,Swansea,2019,246217.0,50.08,49.92,15.87,14.92,24.75,24.61,17.04,,,,,,,,,,21.6,40.3,38.0
UKL21,UK,Monmouthshire and Newport,2019,244891.0,49.16,50.84,17.56,11.01,23.64,27.17,17.85,,,,,,,,,,19.3,34.8,45.9
UKL22,UK,Cardiff and Vale of Glamorgan,2019,497646.0,49.2,50.8,17.62,15.75,27.32,23.18,13.88,,,,,,,,,,19.3,34.8,45.9
UKL23,UK,Flintshire and Wrexham,2019,293370.0,49.67,50.33,17.73,10.44,24.04,27.11,18.19,,,,,,,,,,19.3,34.8,45.9
UKL24,UK,Powys,2019,132093.0,49.51,50.49,14.94,9.52,18.84,29.13,23.81,,,,,,,,,,19.3,34.8,45.9
UKM50,UK,Aberdeen City and Aberdeenshire,2019,495365.0,49.78,50.22,16.21,11.37,28.57,26.49,15.27,,,,,,,,,,13.6,30.5,55.8
UKM61,UK,Caithness & Sutherland and Ross & Cromarty,2019,94917.0,49.02,50.98,15.4,10.17,21.36,29.68,20.64,,,,,,,,,,16.9,35.5,47.6
UKM62,UK,"Inverness & Nairn and Moray, Badenoch & Strathspey",2019,204193.0,49.25,50.75,15.91,10.47,23.45,28.86,18.68,,,,,,,,,,16.9,35.5,47.6
UKM63,UK,"Lochaber, Skye & Lochalsh, Arran & Cumbrae and Argyll & Bute",2019,100012.0,49.08,50.92,14.49,9.84,20.12,30.35,22.33,,,,,,,,,,16.9,35.5,47.6
UKM64,UK,Na h-Eileanan Siar (Western Isles),2019,26688.0,49.33,50.67,14.98,9.04,20.41,29.97,22.23,,,,,,,,,,16.9,35.5,47.6
UKM65,UK,Orkney Islands,2019,22055.0,49.84,50.16,15.05,9.43,21.68,30.06,21.07,,,,,,,,,,16.9,35.5,47.6
UKM66,UK,Shetland Islands,2019,23125.0,50.92,49.08,17.05,10.62,23.9,28.52,17.77,,,,,,,,,,16.9,35.5,47.6
UKM71,UK,Angus and Dundee City,2019,265465.0,48.51,51.49,15.42,12.76,25.56,26.09,17.49,,,,,,,,,,17.2,29.8,53.0
UKM72,UK,Clackmannanshire and Fife,2019,423970.0,48.61,51.39,16.35,11.68,23.26,28.24,18.15,,,,,,,,,,17.2,29.8,53.0
UKM73,UK,East Lothian and Midlothian,2019,197947.0,47.96,52.04,17.72,10.48,23.93,28.37,17.28,,,,,,,,,,17.2,29.8,53.0
UKM75,UK,"Edinburgh, City of",2019,520483.0,48.82,51.18,14.49,13.07,34.1,23.22,12.96,,,,,,,,,,17.2,29.8,53.0
UKM76,UK,Falkirk,2019,161029.0,49.01,50.99,16.59,10.8,24.91,28.87,16.75,,,,,,,,,,17.2,29.8,53.0
UKM77,UK,Perth & Kinross and Stirling,2019,246780.0,48.8,51.2,15.14,11.99,22.75,28.38,18.89,,,,,,,,,,17.2,29.8,53.0
UKM78,UK,West Lothian,2019,183025.0,49.09,50.91,18.29,11.24,25.72,28.21,14.93,,,,,,,,,,17.2,29.8,53.0
UKM81,UK,"East Dunbartonshire, West Dunbartonshire and Helensburgh & Lomond",2019,223516.0,48.39,51.61,16.37,10.93,22.33,29.31,18.41,,,,,,,,,,23.8,28.0,48.1
UKM82,UK,Glasgow City,2019,627479.0,48.76,51.24,15.21,13.37,33.72,24.23,11.75,,,,,,,,,,23.8,28.0,48.1
UKM83,UK,"Inverclyde, East Renfrewshire and Renfrewshire",2019,351257.0,48.0,52.0,16.64,11.17,23.53,28.96,17.18,,,,,,,,,,23.8,28.0,48.1
UKM84,UK,North Lanarkshire,2019,339746.0,48.45,51.55,17.33,11.74,25.32,28.39,15.52,,,,,,,,,,23.8,28.0,48.1
UKM91,UK,Scottish Borders,2019,115230.0,48.54,51.46,15.54,9.8,19.29,30.79,21.78,,,,,,,,,,21.3,31.7,46.9
UKM92,UK,Dumfries & Galloway,2019,148871.0,48.59,51.41,14.7,9.93,19.82,29.92,22.57,,,,,,,,,,21.3,31.7,46.9
UKM93,UK,East Ayrshire and North Ayrshire mainland,2019,251307.0,48.04,51.96,16.17,11.03,22.32,29.25,18.93,,,,,,,,,,21.3,31.7,46.9
UKM94,UK,South Ayrshire,2019,112461.0,47.75,52.25,14.73,10.24,20.2,29.53,22.13,,,,,,,,,,21.3,31.7,46.9
UKM95,UK,South Lanarkshire,2019,319317.0,48.34,51.66,16.3,10.75,24.01,29.54,17.17,,,,,,,,,,21.3,31.7,46.9
UKN06,UK,Belfast,2019,341506.0,48.55,51.45,18.91,14.47,28.13,23.77,12.59,,,,,,,,,,23.8,35.6,40.6
UKN07,UK,"Armagh City, Banbridge and Craigavon",2019,215246.0,49.73,50.27,21.25,11.41,26.67,25.2,13.67,,,,,,,,,,23.8,35.6,40.6
UKN08,UK,"Newry, Mourne and Down",2019,180825.0,49.6,50.4,21.32,12.01,25.4,25.64,13.7,,,,,,,,,,23.8,35.6,40.6
UKN09,UK,Ards and North Down,2019,160975.0,48.53,51.47,17.57,10.29,23.27,27.62,18.74,,,,,,,,,,23.8,35.6,40.6
